date,EOF1,EOF2,AR_CAT
1979-12-01 09:00:00,-0.6582936127538119,0.0748920662768825,2
1979-12-02 09:00:00,-0.3546379216126954,-0.0688341610892697,2
1980-01-24 09:00:00,-0.32034907312714694,0.24870062703461784,2
1980-02-12 09:00:00,-0.07445716977282862,-0.2559052620042757,4
1980-02-13 09:00:00,0.14903563735910622,0.10080299395266093,3
1980-02-25 09:00:00,-0.4654962905425975,0.02867181793793235,2
1980-02-26 09:00:00,-0.18181894755326464,-0.09195562378746623,2
1980-03-01 09:00:00,0.0030345911648771875,0.48909987135542893,3
1980-03-03 09:00:00,-0.4414227978612232,0.1209630997499116,2
1980-03-05 09:00:00,0.1262784454920037,-0.04437772082167876,4
1980-03-20 09:00:00,-0.14925065613166258,-0.34714939918339904,4
1980-03-30 09:00:00,0.2929865012759801,0.3895884717500396,3
1980-04-05 09:00:00,0.40767989362611584,-0.3625694586370796,1
1980-04-17 09:00:00,-0.3291714194806752,-0.14754167985201766,2
1980-04-23 09:00:00,0.6462519219657362,-0.2424009310258071,1
1980-12-13 09:00:00,-0.4803557148282316,0.1792614962208497,2
1980-12-23 09:00:00,0.6263116446844929,0.09451676507382112,1
1981-01-27 09:00:00,-0.027646229939175558,0.3089046659831636,3
1981-02-10 09:00:00,-0.5052214166794008,0.2428141356602735,2
1981-02-11 09:00:00,-0.43772492690707,-0.170412948681507,2
1981-03-01 09:00:00,-0.075865485074386,0.4489156526960815,3
1981-03-03 09:00:00,-0.15434201788192226,-0.06939736452866177,2
1981-03-04 09:00:00,0.06366591171263332,-0.2891380245646653,4
1981-04-10 09:00:00,-0.4884804964224049,0.4377950062097732,2
1981-04-12 09:00:00,-0.42604836160058174,0.27760108641422804,2
1981-04-13 09:00:00,-0.5903909484480725,0.04808373895061269,2
1981-04-14 09:00:00,-0.4279813288435876,0.07165762482812736,2
1981-05-01 09:00:00,-0.1560041099821709,-0.1951503784181912,4
1981-05-28 09:00:00,0.22911315583351985,0.1735556675843154,3
1981-12-11 09:00:00,0.4469907724526637,0.12363215984958995,1
1982-01-29 09:00:00,0.3201406631862222,-0.06559755951114038,1
1982-02-09 09:00:00,-0.5573298118563845,0.1720014990188546,2
1982-02-17 09:00:00,-0.05010587151571312,-0.09373548076712702,4
1982-02-18 09:00:00,0.09621552241584136,-0.1163433688806114,4
1982-03-20 09:00:00,-0.00846046978967458,-0.3953981459223376,4
1982-03-21 09:00:00,0.18930338610564165,-0.3820013037923041,4
1982-03-28 09:00:00,-0.6801782712311107,-0.0165279540129125,2
1982-03-29 09:00:00,-0.4960850055977809,-0.05517242556610608,2
1982-05-11 09:00:00,0.16150065168247732,0.2447712140223668,3
1982-12-08 09:00:00,-0.18131526669890613,-0.2224855160634504,4
1983-01-25 09:00:00,-0.5288536585940962,0.02229485802041319,2
1983-01-27 09:00:00,-0.3709855509640714,0.2442619606034257,2
1983-02-27 09:00:00,-0.517386536639806,0.3089016811492487,2
1983-02-28 09:00:00,-0.4216712984481942,-0.1027106643494505,2
1983-03-01 09:00:00,-0.09827433358943256,-0.1568033754295859,4
1983-03-06 09:00:00,-0.541203657575725,0.3183480765624186,2
1983-03-07 09:00:00,-0.5433968176965965,0.049586914581814495,2
1983-03-15 09:00:00,-0.15027635851947485,0.3444888436595882,3
1983-03-20 09:00:00,0.4671070988676839,0.6148937824341276,3
1983-03-21 09:00:00,0.2176183095702874,0.7702751243786787,3
1983-03-24 09:00:00,0.05826220503039691,-0.14141567529437185,4
1983-03-25 09:00:00,0.2999727281216115,-0.2926187928564494,4
1983-04-08 09:00:00,0.3959172825185016,0.3074078456655135,1
1983-04-09 09:00:00,0.2978794619856069,0.4820157390140152,3
1983-04-15 09:00:00,0.6882565916130219,0.10638888982492403,1
1983-04-16 09:00:00,0.6850190527262524,0.3045049141874939,1
1983-04-29 09:00:00,-0.03413759759435855,0.15585497877884616,3
1983-05-30 09:00:00,0.03823240260713225,-0.1848434322240218,4
1983-12-25 09:00:00,0.0976651525902684,0.7170598394371781,3
1983-12-26 09:00:00,-0.1627929406248378,0.6425854484643638,3
1983-12-27 09:00:00,-0.18099736448004547,0.2407801372963869,3
1984-01-16 09:00:00,0.2737069360832618,0.5549342138513579,3
1984-01-17 09:00:00,0.1008412750405767,0.5741738893396364,3
1984-02-19 09:00:00,0.6518924759698913,0.07391059109733478,1
1984-02-20 09:00:00,0.6259565744134509,0.17668011688070814,1
1984-03-15 09:00:00,-0.16936386252979752,-0.3908378285342248,4
1984-03-16 09:00:00,-0.04194645642192813,-0.4520550658226394,4
1984-03-17 09:00:00,0.15535829507804408,-0.3232714255334998,4
1984-03-27 09:00:00,-0.1810556442052753,0.0007552047831762496,2
1984-03-31 09:00:00,0.2450771664077614,-0.1427279496200744,1
1984-04-03 09:00:00,0.5432963498598506,-0.12272353829356147,1
1984-12-07 09:00:00,-0.5163020987694878,0.050075656049836714,2
1984-12-09 09:00:00,-0.5015419726716285,0.10901419265060468,2
1984-12-10 09:00:00,-0.36709732615284796,0.21771881877616212,2
1984-12-13 09:00:00,0.08198896442440419,0.7178659745242514,3
1984-12-14 09:00:00,0.061805066401283575,0.4628817604343409,3
1985-03-04 09:00:00,-0.3733760455152948,-0.27576890437842466,2
1985-03-25 09:00:00,-0.03571949342729667,-0.2843499355218058,4
1985-03-26 09:00:00,0.0009912068634976793,-0.3937524421713767,4
1985-12-06 09:00:00,-0.09259625018301833,-0.4261855377460732,4
1985-12-19 09:00:00,-0.5092252747462324,0.3210535867724801,2
1985-12-20 09:00:00,-0.4920110355843333,-0.07323228296594925,2
1985-12-21 09:00:00,-0.34822820834289864,-0.029756400130013325,2
1986-02-09 09:00:00,0.3616868019837844,-0.2481712825922429,1
1986-03-09 09:00:00,0.3230843063042512,-0.38530536133823934,4
1986-03-10 09:00:00,0.1989455505546626,-0.5444037078182913,4
1986-03-12 09:00:00,0.06679214858156343,-0.5561219600866122,4
1986-03-13 09:00:00,0.05215835431742502,-0.36417935510761107,4
1986-03-26 09:00:00,0.02271312359929034,-0.42306617508436783,4
1986-03-27 09:00:00,0.21720772347201892,-0.3738729947833668,4
1986-04-11 09:00:00,0.3025346645277627,-0.31443756243879345,4
1986-04-16 09:00:00,0.3478402462735653,-0.0555988856683438,1
1986-04-17 09:00:00,0.2606872098159096,0.055646311782195236,1
1986-12-03 09:00:00,-0.6395901407583315,0.014957944790412715,2
1986-12-04 09:00:00,-0.7486026789451777,-0.08893492905773327,2
1986-12-05 09:00:00,-0.617762366118019,-0.30338075609358434,2
1986-12-06 09:00:00,-0.3207991478296335,-0.32511233965314323,4
1986-12-21 09:00:00,0.23031473670922106,0.15149180914320542,1
1987-02-11 09:00:00,-0.222576168484646,-0.5498714745354848,4
1987-03-05 09:00:00,0.33597076817978644,0.23637488762025555,1
1987-03-15 09:00:00,-0.0697635901020175,-0.13059463061514107,4
1987-03-22 09:00:00,0.22543379635549254,-0.5184392223832235,4
1987-03-27 09:00:00,-0.3766253002085145,-0.07108920927768995,2
1987-03-28 09:00:00,-0.3481259295324654,-0.17961357135615047,2
1987-03-31 09:00:00,0.3476427622557297,-0.5127453308293201,4
1987-04-05 09:00:00,-0.4691914075600517,-0.0771259592795003,2
1987-04-06 09:00:00,-0.4039960997040635,-0.004703681510325886,2
1987-04-10 09:00:00,0.2467180386138804,0.10998754082406463,1
1987-04-19 09:00:00,-0.3716002877464226,0.3498728465999832,2
1987-04-20 09:00:00,-0.5004683252755495,0.1454886900959136,2
1987-04-21 09:00:00,-0.3390353820260715,0.02068779525270421,2
1987-12-11 09:00:00,0.3831933987350841,-0.03333715964356429,1
1987-12-12 09:00:00,0.20268380135632272,0.3155980742917899,3
1987-12-29 09:00:00,-0.6084677630386001,-0.0876094843967729,2
1987-12-30 09:00:00,-0.6314241850269852,-0.26538780154211905,2
1987-12-31 09:00:00,-0.4171748962588619,-0.5873299551092364,4
1988-01-01 09:00:00,-0.24210726153358145,-0.7116514175203645,4
1988-01-20 09:00:00,0.2335876177465672,-0.4769328698827745,4
1988-02-18 09:00:00,-0.3308666030438749,0.07233934098527188,2
1988-02-19 09:00:00,-0.039210409626294095,0.02022845997279224,4
1988-02-23 09:00:00,0.22508527191362115,0.6413291389822324,3
1988-02-24 09:00:00,0.2378222188350396,0.2944727851684492,3
1988-03-01 09:00:00,0.5704848367943879,-0.09041791477251368,1
1988-03-09 09:00:00,0.3006473116539209,-0.05337002985993194,1
1988-03-10 09:00:00,0.2996387627157429,-0.0973379785039606,1
1988-03-11 09:00:00,0.3450905871522175,-0.008887153394697839,1
1988-03-12 09:00:00,0.3425094930264153,0.2402397550247585,1
1988-03-13 09:00:00,0.16666737527990122,0.4955811392601047,3
1988-03-14 09:00:00,-0.11022774564221688,0.3032056883293196,3
1988-03-18 09:00:00,0.6299233184660521,0.4432933998816998,1
1988-03-19 09:00:00,0.3968291710025376,0.6376405507587836,3
1988-03-24 09:00:00,0.4903051492696737,-0.11674455004403204,1
1988-03-25 09:00:00,0.5649749716047945,0.14459548439493267,1
1988-05-21 09:00:00,0.45020332882711256,-0.00972227208947818,1
1988-05-23 09:00:00,0.3758853458430673,0.20277950148027749,1
1988-05-31 09:00:00,0.0020893703351549005,-0.16857854124403135,4
1988-12-20 09:00:00,0.021875154540028436,0.032730249371336034,4
1988-12-27 09:00:00,-0.6436617343595861,0.2358974802829524,2
1988-12-28 09:00:00,-0.6578915593415754,-0.0155173874690655,2
1988-12-29 09:00:00,-0.4565585506161383,0.13497077997006232,2
1989-01-05 09:00:00,-0.3024134694761396,-0.2209307893662832,2
1989-01-07 09:00:00,0.35514518892854585,0.12458493503296672,1
1989-01-08 09:00:00,0.19463736004260204,0.4278751028784219,3
1989-02-02 09:00:00,-0.6841888208366599,-0.02306800076106208,2
1989-02-03 09:00:00,-0.4895752857009193,-0.08829616243339185,2
1989-02-19 09:00:00,-0.15955683773212884,0.7697295334409212,3
1989-02-23 09:00:00,-0.4259739346263188,-0.2240000862458733,2
1989-03-21 09:00:00,0.005800791113489029,-0.4846127139139948,4
1989-03-27 09:00:00,-0.03974188175680722,0.4054938439905755,3
1989-03-29 09:00:00,-0.5390873336894144,0.1851502777272171,2
1989-03-30 09:00:00,-0.5921602992077103,-0.018615794965477116,2
1989-03-31 09:00:00,-0.5632840649981404,-0.07933520292453743,2
1989-04-07 09:00:00,-0.1253426269121346,-0.35434671850796035,4
1989-04-08 09:00:00,-0.08272946410218186,-0.24971491739524296,4
1989-04-28 09:00:00,0.2547247106067669,-0.3262424148617958,4
1989-04-30 09:00:00,0.3181929588402289,-0.46087558128308703,4
1989-05-01 09:00:00,0.4808632785866896,-0.35447339155053154,1
1989-12-06 09:00:00,-0.5067490934417682,-0.06363821356465409,2
1989-12-07 09:00:00,-0.4630355713438249,-0.20296550146211045,2
1989-12-16 09:00:00,-0.38781407089528097,0.05479098310232609,2
1989-12-17 09:00:00,-0.3250120241460386,-0.15867447979405389,2
1989-12-25 09:00:00,0.4161190865524363,0.24832984828138566,1
1989-12-26 09:00:00,0.4176528308559618,0.19660282352211497,1
1990-01-17 09:00:00,-0.4539150065309959,-0.2358742606720177,2
1990-01-18 09:00:00,-0.3436580616677851,-0.4916893539982327,4
1990-01-19 09:00:00,0.03263779753646705,-0.5534182986085214,4
1990-01-26 09:00:00,0.15413109729912106,0.08962177220193975,1
1990-02-05 09:00:00,-0.35406026570311794,0.5694296009372732,3
1990-02-06 09:00:00,-0.3411406424276715,0.3971916286987951,2
1990-02-07 09:00:00,-0.11020709878998401,0.2750770699060969,3
1990-02-11 09:00:00,-0.06734853933839224,0.1148511672373692,3
1990-03-02 09:00:00,0.2224063780053633,0.3009742701981461,3
1990-03-03 09:00:00,0.3328884264203642,0.03890267967214886,1
1990-03-19 09:00:00,-0.3859073848254192,0.013768460923506651,2
1990-03-20 09:00:00,-0.22853159579389426,0.10983389203501548,2
1990-03-21 09:00:00,-0.01090778653496484,0.2612464960675251,3
1990-03-22 09:00:00,0.039917526815507434,0.3799339011012557,3
1990-03-23 09:00:00,0.14629855861070076,0.5738649789782618,3
1990-03-24 09:00:00,0.03478945951561027,0.5813855983458643,3
1990-04-16 09:00:00,0.08556787048587956,-0.06276392008273966,4
1990-04-17 09:00:00,0.04971518041020627,-0.1101598820965533,4
1990-04-28 09:00:00,0.14664701621741832,0.3617469538611824,3
1990-05-13 09:00:00,-0.07440635016353951,-0.19115728519397224,4
1990-05-14 09:00:00,-0.21533089532341773,-0.05648260984098396,2
1990-05-15 09:00:00,-0.09755814263560583,0.10363264682286863,3
1990-12-18 09:00:00,0.07005160322106313,-0.3989522737095957,4
1990-12-26 09:00:00,-0.062265285792087184,-0.39934920435385496,4
1990-12-27 09:00:00,0.1319063089184364,-0.2864906871108314,4
1990-12-28 09:00:00,0.5288687518805782,0.06744038461993955,1
1990-12-29 09:00:00,0.5063453338445812,0.46274285001640997,3
1991-01-02 09:00:00,0.21913388224829985,0.4815904919741554,3
1991-01-24 09:00:00,-0.3987423210108101,0.1704269644401197,2
1991-01-25 09:00:00,-0.6555498421707452,-0.008692339907706091,2
1991-01-26 09:00:00,-0.7434621778422231,-0.28303678599341725,2
1991-01-27 09:00:00,-0.6192371568476929,-0.5017333257546193,2
1991-02-08 09:00:00,-0.3129145820878454,-0.2094654403997002,2
1991-02-09 09:00:00,-0.23493007875735786,-0.42322652905625335,4
1991-02-10 09:00:00,-0.0918768364896171,-0.3604093457131519,4
1991-02-18 09:00:00,0.44354306192067466,-0.18788832163254804,1
1991-02-26 09:00:00,0.35559783986361543,0.5433357508671516,3
1991-03-07 09:00:00,-0.2779930728233411,-0.010566232701528287,2
1991-03-08 09:00:00,-0.07258870791736972,-0.17530453272871524,4
1991-03-16 09:00:00,0.07798568472725641,-0.6338750230065985,4
1991-03-17 09:00:00,0.3343770362173609,-0.44264924213731816,4
1991-03-24 09:00:00,-0.05756959630884082,-0.010903229143060378,4
1991-04-30 09:00:00,0.5828789206739396,-0.07604288049985873,1
1991-05-03 09:00:00,0.2974648247461438,-0.18424773809909406,1
1991-05-20 09:00:00,0.3602934990971892,-0.23322169984172714,1
1991-05-23 09:00:00,-0.11658186097960165,-0.06491837899724179,4
1991-12-04 09:00:00,-0.4905860253612835,-0.05435925335199317,2
1991-12-05 09:00:00,-0.24975332337249176,-0.0073980433519996065,2
1991-12-10 09:00:00,0.12130024328650645,0.12806065687852622,3
1991-12-11 09:00:00,-0.0949857354939203,0.07765614836678629,2
1991-12-12 09:00:00,-0.2838606461445392,0.06503808161941027,2
1991-12-13 09:00:00,-0.4297416849694775,0.06468173664351362,2
1991-12-14 09:00:00,-0.5251179803195072,0.1126965293604408,2
1991-12-15 09:00:00,-0.6368265193069536,-0.01472153007761284,2
1991-12-16 09:00:00,-0.6243289243901342,-0.3494171532797378,2
1991-12-25 09:00:00,0.28762007254347177,0.5282138028022015,3
1991-12-26 09:00:00,0.24567180540805725,0.3923942400766335,3
1992-01-03 09:00:00,-0.7598114376947609,0.18150105203617448,2
1992-01-04 09:00:00,-0.5623091572360001,-0.20423110525518612,2
1992-01-05 09:00:00,-0.2194751651748509,-0.18253732634089487,4
1992-01-06 09:00:00,-0.28768196752406666,-0.03547958578858122,2
1992-01-23 09:00:00,-0.4459267310768116,-0.4298164454153582,2
1992-01-24 09:00:00,-0.4500958333165792,-0.4596846299480206,4
1992-01-25 09:00:00,-0.3961185952305577,-0.4602453201403615,4
1992-01-27 09:00:00,-0.08132900637574679,-0.4069718774901385,4
1992-01-28 09:00:00,-0.046986761960557503,-0.37466513692018105,4
1992-01-29 09:00:00,-0.06480300560020262,-0.15982884375354164,4
1992-02-12 09:00:00,-0.3874068893858487,-0.00023535962508465782,2
1992-02-25 09:00:00,-0.5738121333186961,0.4089580334971249,2
1992-02-26 09:00:00,-0.7164216772315619,0.1350498376626313,2
1992-03-10 09:00:00,-0.17459693124378606,-0.15330187326987127,4
1992-03-11 09:00:00,-0.03662438634092153,-0.2350298322371708,4
1992-03-12 09:00:00,0.2792047080634365,-0.22384711157758624,1
1992-03-13 09:00:00,0.4080685411663978,0.06302299125885871,1
1992-03-16 09:00:00,0.039170831607444466,0.4554639069213609,3
1992-03-20 09:00:00,0.2987175795251136,0.18007212400537242,1
1992-03-23 09:00:00,0.007375791652624059,-0.046151733631796144,4
1992-03-24 09:00:00,0.11933126405501596,-0.4150433269015135,4
1992-03-25 09:00:00,0.13712059211626845,-0.4646108175250786,4
1992-03-26 09:00:00,0.1973743621018152,-0.6269588007764327,4
1992-04-19 09:00:00,0.37879239855870395,-0.24820558955463345,1
1992-04-20 09:00:00,0.4757969318349722,0.018859836828605796,1
1992-04-26 09:00:00,-0.4440940126720148,0.3620169697468103,2
1992-04-28 09:00:00,-0.3794073625751304,0.06761003854070607,2
1992-12-23 09:00:00,-0.489096272094632,-0.016397157055138726,2
1992-12-30 09:00:00,-0.4013778143886504,-0.29158067129530263,2
1992-12-31 09:00:00,-0.20433832099308105,-0.4531577517930056,4
1993-01-05 09:00:00,-0.0641892986378371,0.16385106340413286,3
1993-01-07 09:00:00,0.2829031039648513,0.6109934285882235,3
1993-01-08 09:00:00,0.1087830959175456,0.6898900863860755,3
1993-01-09 09:00:00,-0.20511301689908645,0.6543883714928106,3
1993-01-12 09:00:00,-0.3648911633357021,0.47042081280495,3
1993-01-15 09:00:00,-0.12549167855786114,-0.053810723331708187,4
1993-02-04 09:00:00,-0.6216673436363491,-0.04649261225049806,2
1993-02-05 09:00:00,-0.6544468774157287,-0.15144169126192022,2
1993-02-06 09:00:00,-0.6331226570015084,-0.2083736551628476,2
1993-02-07 09:00:00,-0.6266154447970151,-0.2387112610853449,2
1993-02-14 09:00:00,-0.5208366963761509,0.14298284501447978,2
1993-02-18 09:00:00,0.14279461602620244,0.27463062951345074,3
1993-02-19 09:00:00,0.12776414485330936,0.4084959214105652,3
1993-02-22 09:00:00,0.311605382258617,0.17300164871174353,1
1993-02-25 09:00:00,0.7195571184305088,-0.3647942382779792,1
1993-02-26 09:00:00,0.7241212139595642,-0.2428966767513049,1
1993-03-10 09:00:00,-0.136342249830891,-0.2411717536406084,4
1993-03-11 09:00:00,-0.2306163017831775,-0.04307483221079431,2
1993-03-20 09:00:00,-0.30075895802004804,0.6939418594888331,3
1993-03-22 09:00:00,-0.3008117077141633,0.09575303064792537,2
1993-03-23 09:00:00,-0.029389393971820624,0.1876162663112124,3
1993-03-24 09:00:00,0.08302526374341804,0.2954330057480235,3
1993-03-26 09:00:00,0.3703918067793826,-0.06741517179822402,1
1993-04-13 09:00:00,0.0788682465039686,-0.2733989790037734,4
1993-04-27 09:00:00,-0.33550820746578697,-0.14559904576223584,2
1993-04-28 09:00:00,-0.19094463612106347,-0.328970648362136,4
1993-05-07 09:00:00,0.11701791438922328,-0.4324270552361093,4
1993-05-08 09:00:00,0.1414947211973767,-0.3439272922468465,4
1993-05-24 09:00:00,-0.28022077156077624,-0.038737056138215695,2
1994-01-11 09:00:00,0.6726328857208116,-0.17871826754201525,1
1994-01-12 09:00:00,0.6139865525340029,-0.058360572219925175,1
1994-01-15 09:00:00,0.4088400702618368,0.6250611905567652,3
1994-01-16 09:00:00,0.34490265611148524,0.2727688281713402,1
1994-01-25 09:00:00,-0.10175854237522157,-0.2678103003875574,4
1994-01-26 09:00:00,-0.14333047514068914,-0.35711310844775584,4
1994-01-27 09:00:00,0.09879308497209427,-0.2763407318850816,4
1994-02-08 09:00:00,0.16315245791336844,-0.040550537960921285,1
1994-02-09 09:00:00,-0.0615267144697904,-0.18212271828391727,4
1994-02-20 09:00:00,0.5733214735936537,-0.03002316863190395,1
1994-02-21 09:00:00,0.5256775610312061,0.30166106602140075,1
1994-02-22 09:00:00,0.12446573426580405,0.5383404058142348,3
1994-03-12 09:00:00,-0.4024478022978043,0.3827638533937962,2
1994-03-13 09:00:00,-0.3989175496344873,0.195080255007002,2
1994-03-17 09:00:00,-0.13776330074015622,-0.4141758955334071,4
1994-03-21 09:00:00,0.029449956529381014,0.17428804852713164,3
1994-03-28 09:00:00,0.15412531677674154,-0.04038818921490797,1
1994-04-03 09:00:00,0.020213184527124662,-0.3821099762900302,4
1994-04-04 09:00:00,0.1191319054907543,-0.31002125938680364,4
1994-12-05 09:00:00,-0.7119344440591507,-0.019085916688106,2
1994-12-06 09:00:00,-0.6091943434272724,-0.015508801182221074,2
1994-12-07 09:00:00,-0.3537989361629278,0.011705225359692442,2
1995-01-08 09:00:00,0.6652647261812125,-0.06565575944480148,1
1995-01-09 09:00:00,0.6672875434529809,-0.08966111778571054,1
1995-01-17 09:00:00,0.14198629987868774,0.3954604720995102,3
1995-02-06 09:00:00,-0.3159775899907085,0.456122695573182,3
1995-02-07 09:00:00,-0.3905122564669459,0.4760694566631786,2
1995-02-08 09:00:00,-0.4549486544486894,0.4114687786438845,2
1995-02-09 09:00:00,-0.3369483667277777,-0.030557785379485718,2
1995-02-10 09:00:00,-0.05574212772987762,-0.2728950130184009,4
1995-02-14 09:00:00,0.2692543080175423,0.2607939110195248,3
1995-02-15 09:00:00,0.07187944102350366,0.4782326418202269,3
1995-03-07 09:00:00,0.7079330974584819,0.01359025185891598,1
1995-03-08 09:00:00,0.6913804326972874,0.012085365087359613,1
1995-03-21 09:00:00,0.2308328862262635,0.009137778058755174,1
1995-03-22 09:00:00,0.3417524666406638,0.021052513059164727,1
1995-03-23 09:00:00,0.3388741815922484,0.0953510049817473,1
1995-04-21 09:00:00,0.2288355541129444,0.10241718190575363,1
1995-04-24 09:00:00,0.2573260356374362,-0.2803783179791018,4
1995-04-25 09:00:00,0.3674413659314665,-0.4590977029335915,4
1995-05-15 09:00:00,0.4864676606152109,-0.05703354854434797,1
1995-05-16 09:00:00,0.4590511477713675,0.061771239487426625,1
1995-05-17 09:00:00,0.5206067834395507,0.15769257627743774,1
1995-05-18 09:00:00,0.5753546416308475,0.26544409274179714,1
1995-05-19 09:00:00,0.6610691095277083,0.2195822870676946,1
1995-12-07 09:00:00,-0.19462150673820688,-0.4435409733438618,4
1995-12-17 09:00:00,-0.5779973253390049,-0.12930244976132135,2
1996-01-15 09:00:00,0.4394188433030898,0.3377660668227745,1
1996-01-16 09:00:00,0.2302895443170391,0.4905604280000921,3
1996-02-06 09:00:00,0.35530154320364304,-0.4204897058649429,4
1996-02-23 09:00:00,0.6242526375086169,-0.4105930024715033,1
1996-02-24 09:00:00,0.6795626118581799,-0.1886595636203102,1
1996-02-25 09:00:00,0.4786656805417393,-0.07224827900920383,1
1996-02-26 09:00:00,0.22371951454716307,-0.09256336701468183,1
1996-03-04 09:00:00,0.2024539045463953,-0.17385554049655064,4
1996-03-05 09:00:00,0.2602286986001978,-0.027918370552215698,1
1996-03-08 09:00:00,0.03153760393154253,-0.04778313344655402,4
1996-03-09 09:00:00,-0.005676943177535822,-0.08975790921950437,4
1996-03-10 09:00:00,0.07275251002613606,-0.2088208180193219,4
1996-03-11 09:00:00,0.20735366423415255,-0.2869584003249219,4
1996-03-12 09:00:00,0.18888764290952906,-0.33587178341885543,4
1996-03-13 09:00:00,0.1753265206900451,-0.4241582348891014,4
1996-03-14 09:00:00,0.2947791266185951,-0.4476892649155987,4
1996-03-15 09:00:00,0.3792435642766437,-0.5314411275194135,4
1996-03-18 09:00:00,0.34635930598190845,-0.22585437929125898,1
1996-03-22 09:00:00,0.044737658834296284,0.585229421580458,3
1996-03-23 09:00:00,-0.07523264734694686,0.6586317359438475,3
1996-03-24 09:00:00,-0.23119369180533264,0.6723587886842871,3
1996-03-26 09:00:00,-0.5473060615562373,0.37026353824796493,2
1996-03-29 09:00:00,0.45369689667848495,-0.001241648832715814,1
1996-03-30 09:00:00,0.5396741611731705,0.2328066001611064,1
1996-03-31 09:00:00,0.5027253754740115,0.2499750160204382,1
1996-04-26 09:00:00,-0.3250229441431922,-0.0910078667942106,2
1997-01-18 09:00:00,-0.3519248253577828,-0.1130392521727886,2
1997-02-23 09:00:00,-0.5030518419152943,0.5107359151931581,2
1997-02-28 09:00:00,0.036069653892910634,-0.03020016315682977,4
1997-03-06 09:00:00,-0.4328559992522042,0.11911506078292768,2
1997-03-08 09:00:00,-0.39020869710068096,0.12494990904205705,2
1997-03-10 09:00:00,-0.2389789255985373,0.2160781005494896,2
1997-03-16 09:00:00,-0.2029596743405257,0.2253889701312536,2
1997-03-17 09:00:00,-0.2601848887498409,0.2504862365258253,2
1997-03-18 09:00:00,-0.2923896534997644,0.30153627564916263,2
1997-03-27 09:00:00,-0.2871419104060715,0.137893235864347,2
1997-04-11 09:00:00,-0.4644160992715735,-0.011684748725041966,2
1997-05-06 09:00:00,-0.06071547138422679,-0.1038319363983835,4
1997-12-08 09:00:00,0.5472612560793488,0.19679787472260613,1
1997-12-09 09:00:00,0.2395008138909684,0.30776112118089033,3
1997-12-10 09:00:00,0.012248349243549724,0.1520899781544438,3
1997-12-14 09:00:00,0.2868620635651493,-0.012477473708092669,1
1998-01-06 09:00:00,-0.2168526038001111,-0.11288645843815005,2
1998-01-07 09:00:00,-0.08179695598298385,-0.05502848424611205,4
1998-01-21 09:00:00,0.3039256441051784,-0.08298132113411548,1
1998-01-26 09:00:00,0.22162508668484987,-0.25057375789107394,4
1998-01-30 09:00:00,-0.11376507880997948,0.00864408983960127,2
1998-02-09 09:00:00,-0.3950166931834175,0.24186570282103476,2
1998-02-10 09:00:00,-0.4940604598703451,0.21822194355249427,2
1998-02-13 09:00:00,-0.6087667132180031,-0.1305552619563497,2
1998-02-14 09:00:00,-0.5003183954563423,0.024895526643012,2
1998-02-19 09:00:00,-0.4245779567104924,0.42445435820879057,2
1998-02-24 09:00:00,0.3994641575888356,0.060760118139192826,1
1998-03-02 09:00:00,-0.25457784809226525,0.17699998939386147,2
1998-03-03 09:00:00,-0.3320056931291925,0.09411901527170607,2
1998-03-04 09:00:00,-0.290129952889412,0.2069448781029467,2
1998-03-06 09:00:00,-0.008482903974592417,0.5162583461772869,3
1998-03-07 09:00:00,-0.13215030864609764,0.5914466284295232,3
1998-03-19 09:00:00,-0.13461580709807155,0.5007867540938363,3
1998-03-22 09:00:00,0.23410155981878386,0.2879188872202689,3
1998-03-23 09:00:00,0.2614880277074696,0.4605389589771566,3
1998-03-24 09:00:00,0.156952659539916,0.42955527011620703,3
1998-03-31 09:00:00,-0.561512293486955,0.12191627777069945,2
1998-04-01 09:00:00,-0.4263501271203903,0.04134921196860367,2
1998-04-05 09:00:00,-0.3701904675771083,-0.03742011067779883,2
1998-04-06 09:00:00,-0.13587408718374128,-0.25735220894651145,4
1998-04-22 09:00:00,-0.04958578797868495,0.12179947755501673,3
1998-04-24 09:00:00,-0.1123298768256308,-0.3353736732327194,4
1998-04-25 09:00:00,0.01730188193183648,-0.0807240462792144,4
1998-05-02 09:00:00,-0.051637366354937424,-0.5656937200490451,4
1998-05-18 09:00:00,0.2810280602445301,-0.1634427795008031,1
1999-02-06 09:00:00,0.2503417057804599,-0.13876803977801525,1
1999-02-21 09:00:00,-0.22075699280350694,0.04981628018236682,2
1999-02-22 09:00:00,-0.07696914525626362,-0.1595813088574239,4
1999-03-01 09:00:00,-0.3742747628926646,-0.17162648060962574,2
1999-03-03 09:00:00,-0.0977536434778924,-0.3905572600203515,4
1999-03-06 09:00:00,0.4131502293305852,-0.5203725255312657,4
1999-03-07 09:00:00,0.4991735189119762,-0.3785749718986853,1
1999-04-06 09:00:00,-0.4168266425492548,0.2720548279406209,2
1999-04-09 09:00:00,-0.1609937636392425,-0.27848409127761503,4
1999-04-10 09:00:00,0.02812431707462841,-0.4761032824136486,4
1999-05-27 09:00:00,0.3624565425798853,0.2472038952937972,1
1999-05-30 09:00:00,0.28421458172748537,0.4123804272636276,3
1999-05-31 09:00:00,0.20408457903519406,0.4951958670913795,3
2000-01-12 09:00:00,0.3403023870076257,-0.06318035780714623,1
2000-01-18 09:00:00,-0.1554511307614556,0.07008399515219946,2
2000-01-19 09:00:00,0.014524725339346987,0.1301285865240279,3
2000-02-25 09:00:00,0.0937941818528859,0.6105815807383594,3
2000-04-24 09:00:00,0.1320223553205748,0.401653099628776,3
2000-04-29 09:00:00,0.1609091333609545,0.07411683563908213,1
2000-05-24 09:00:00,0.06772000862740522,0.2657808446118895,3
2000-05-25 09:00:00,0.15616780169558325,0.2361154310976018,3
2000-05-26 09:00:00,0.15064319622649658,0.14267599159360606,3
2000-12-16 09:00:00,0.15300968617416244,-0.6323447144322958,4
2000-12-31 09:00:00,0.7407021706683831,-0.06684844266409368,1
2001-01-01 09:00:00,0.6122174516958628,0.22467874570431776,1
2001-02-22 09:00:00,-0.3513083146537081,0.3386927287317757,2
2001-02-26 09:00:00,0.4212057551959908,-0.2841769197002169,1
2001-03-23 09:00:00,-0.062456913992359114,0.4761590547691443,3
2001-12-06 09:00:00,-0.1173451552928292,0.5702650580963334,3
2002-01-11 09:00:00,-0.6803738869805736,0.1990400022877456,2
2002-01-12 09:00:00,-0.5735089928190794,0.04461009086817182,2
2002-01-13 09:00:00,-0.2041435018010568,-0.0009528400455763873,2
2002-01-24 09:00:00,0.08169638659325472,0.11382221078605355,3
2002-03-02 09:00:00,0.005900416929253051,0.013742253872790395,4
2002-03-22 09:00:00,-0.1871410263995884,0.2594021413679368,3
2002-04-05 09:00:00,0.25168216600879995,-0.5306438380526733,4
2002-04-13 09:00:00,0.14324748940326545,-0.6396078528769169,4
2002-04-14 09:00:00,0.22686116756292135,-0.6144021505400988,4
2002-04-22 09:00:00,-0.14132748259944974,-0.18526585991455646,4
2002-05-14 09:00:00,-0.3244206639528636,-0.06611367896230201,2
2002-05-19 09:00:00,0.17452789776616948,0.4612132480011098,3
2002-12-12 09:00:00,-0.5213779901840739,-0.10148898647299076,2
2002-12-13 09:00:00,-0.5767821554536211,-0.17515447803856748,2
2002-12-14 09:00:00,-0.5164823827510114,-0.1072051230087376,2
2003-02-16 09:00:00,0.01831035459284524,-0.5914839064878488,4
2003-02-17 09:00:00,0.14378483008015674,-0.5550915532908386,4
2003-02-18 09:00:00,0.23083732164210896,-0.2469666667573796,4
2003-02-19 09:00:00,0.054050238276095335,0.11883602912570668,3
2003-02-27 09:00:00,-0.3541203719795545,-0.061760534361335113,2
2003-03-01 09:00:00,0.03703350027778662,-0.08469940108815713,4
2003-03-13 09:00:00,-0.2982837200891562,0.38821278405960413,3
2003-03-14 09:00:00,0.09286482708369448,-0.03952233635296392,4
2003-03-27 09:00:00,-0.5734273842017156,-0.09231532825696293,2
2003-03-28 09:00:00,-0.431079527998844,-0.058889615451021025,2
2003-03-31 09:00:00,-0.2902125166270724,0.2448361281594447,2
2003-04-15 09:00:00,-0.06928349745806521,0.018463915500044864,4
2003-04-18 09:00:00,0.3704789681512726,-0.16555666174820124,1
2003-12-06 09:00:00,-0.4560316487141643,0.2210991956903322,2
2003-12-07 09:00:00,-0.08225485221739573,-0.012886294442377428,4
2003-12-16 09:00:00,0.570952680242268,0.268836880431435,1
2003-12-17 09:00:00,0.4622671203981016,0.4151020761911524,3
2004-01-08 09:00:00,-0.12106889266153915,0.4850122862957296,3
2004-01-15 09:00:00,-0.03857539829036037,-0.2263156283348257,4
2004-01-21 09:00:00,0.608245107903822,-0.30088040995358817,1
2004-02-07 09:00:00,-0.5415896288453222,-0.030909708003615994,2
2004-03-14 09:00:00,-0.5717243160419669,0.05201618576917198,2
2004-03-15 09:00:00,-0.5747776271829571,0.012426944631429614,2
2004-03-16 09:00:00,-0.6063811622325576,-0.015052478490178241,2
2004-03-17 09:00:00,-0.6549659048737826,0.024382912726144037,2
2004-03-20 09:00:00,-0.4686955924345678,0.08312626993234691,2
2004-03-28 09:00:00,0.3839116990700154,-0.08179672908698282,1
2004-04-02 09:00:00,-0.1605871208484921,-0.14232813711181813,4
2004-04-14 09:00:00,0.14793010892970454,-0.18226640183536816,4
2004-04-15 09:00:00,-0.08332758368135447,-0.10321487302674158,4
2004-04-16 09:00:00,-0.3041318488507713,-0.1380906717235983,2
2004-05-06 09:00:00,0.3469136157184752,-0.567035066207636,4
2004-05-11 09:00:00,0.4051259597914091,-0.2127274496543514,1
2004-05-13 09:00:00,0.2223775666489322,-0.3591299081092873,4
2004-12-16 09:00:00,-0.6869464155782988,-0.13316495158741365,2
2004-12-17 09:00:00,-0.4374211629837462,-0.5157329328887965,4
2004-12-18 09:00:00,0.08908942185727729,-0.35076063520648537,4
2004-12-27 09:00:00,0.23772649166281265,-0.6131827922098859,4
2004-12-28 09:00:00,0.3793858182581247,-0.6201079691265197,4
2004-12-30 09:00:00,0.5330616955546211,-0.3700295581840741,1
2005-01-01 09:00:00,0.5693699285220861,-0.14400566473848564,1
2005-01-28 09:00:00,0.6530617125555368,-0.4266834568711085,1
2005-01-29 09:00:00,0.7224950842917061,-0.3741107639209207,1
2005-01-31 09:00:00,0.5784467294151482,-0.09343345448485513,1
2005-02-01 09:00:00,0.4988637912081296,-0.0020109847806555827,1
2005-02-09 09:00:00,-0.13728671311093893,-0.40942833444538573,4
2005-02-10 09:00:00,-0.18837701914523144,-0.38050588091782667,4
2005-02-12 09:00:00,-0.4772316542870261,0.33063254910751816,2
2005-02-13 09:00:00,-0.2638548711480828,0.2554161385852665,2
2005-02-15 09:00:00,0.5335895802628776,-0.1927144294081907,1
2005-03-16 09:00:00,-0.5371470541909916,0.13381997095305595,2
2005-03-17 09:00:00,-0.6125703142094502,0.08230583988132484,2
2005-03-23 09:00:00,-0.1805367268001087,0.4312921786695057,3
2005-03-24 09:00:00,-0.4218055598098442,0.341971215301084,2
2005-03-25 09:00:00,-0.5489250933157904,0.26516271664736113,2
2005-04-04 09:00:00,-0.3370569005971608,-0.003741003960751471,2
2005-04-05 09:00:00,-0.18197544946844774,-0.17168254617254033,4
2005-04-10 09:00:00,0.43122610817896595,-0.09519135479839598,1
2005-12-26 09:00:00,-0.1730167385258978,-0.057313665067089736,2
2006-01-14 09:00:00,-0.2932426124399788,-0.01941682590171581,2
2006-01-15 09:00:00,-0.3097001338709388,-0.35429014093772515,4
2006-01-16 09:00:00,-0.26760828732300435,-0.3843657388412427,4
2006-01-17 09:00:00,-0.324894904372552,-0.2499356096127449,2
2006-01-27 09:00:00,-0.05072594579553,-0.2108472094050136,4
2006-01-28 09:00:00,-0.3028807797048593,-0.24492780863843994,2
2006-02-10 09:00:00,-0.08471849525526584,-0.02675202936832984,4
2006-02-17 09:00:00,-0.3696817126959918,-0.1642230736776684,2
2006-02-18 09:00:00,-0.2566270500369656,-0.4946147836177433,4
2006-02-24 09:00:00,0.3541466620447277,-0.6912496493071353,4
2006-02-25 09:00:00,0.5274000334295313,-0.5506455950344775,1
2006-03-11 09:00:00,0.36750129081498256,-0.05533401807002452,1
2006-03-30 09:00:00,-0.06361681187011654,0.16180014838427775,3
2006-04-08 09:00:00,0.08103418632469557,-0.1457064875433007,4
2006-04-09 09:00:00,0.2812551832033893,0.2324368994390208,3
2006-04-10 09:00:00,0.3069186663357984,0.3714239031154959,3
2006-04-11 09:00:00,0.3826532643500886,0.27632457699159657,1
2006-05-30 09:00:00,0.4788190982388696,-0.118975643063869,1
2006-12-03 09:00:00,-0.05982831568627825,-0.4307063297345433,4
2006-12-04 09:00:00,0.22413216576680203,-0.24400740448957006,4
2006-12-05 09:00:00,0.19325674736930346,0.25473879814619965,3
2007-01-17 09:00:00,-0.5477035504561062,0.041049688271552885,2
2007-02-10 09:00:00,0.4499393211433803,0.01608579892099555,1
2007-02-26 09:00:00,-0.11119710864573308,-0.03219777785889243,4
2007-02-27 09:00:00,0.07863461240447042,0.04424524536312928,3
2007-02-28 09:00:00,0.16403781678811954,0.4740616924305071,3
2007-03-12 09:00:00,0.3091974739431595,-0.1692886824884792,1
2007-03-16 09:00:00,-0.5402746912296128,0.2960944867661772,2
2007-03-17 09:00:00,-0.6824716602208566,-0.07860293281422917,2
2007-03-18 09:00:00,-0.5444605933114132,-0.33299745033595096,2
2007-03-19 09:00:00,-0.10139969614286534,-0.49416781919831393,4
2007-03-29 09:00:00,-0.004890893740278763,-0.6031638722216294,4
2007-03-30 09:00:00,0.1574106735892391,-0.67132866483025,4
2007-03-31 09:00:00,0.2396636182147953,-0.5248588800754571,4
2007-04-04 09:00:00,0.027837648688002467,-0.35309417473924304,4
2007-04-22 09:00:00,0.04985710634008159,0.15219521534727934,3
2007-05-17 09:00:00,0.1228952997894842,-0.10910856108381947,4
2007-05-21 09:00:00,0.4807780620168242,0.12213048616060568,1
2007-05-22 09:00:00,0.4716351669176132,0.2034902456267213,1
2007-12-20 09:00:00,-0.5661018327914084,-0.06655175485665969,2
2008-01-07 09:00:00,-0.1381894578516652,-0.2926141053831341,4
2008-01-08 09:00:00,-0.16631507659739814,-0.3165049912498741,4
2008-01-15 09:00:00,-0.2577048383454725,-0.20777492984751844,4
2008-01-16 09:00:00,-0.01532197594421333,-0.39279093779492297,4
2008-01-20 09:00:00,0.1506801264294816,0.5563471123965849,3
2008-01-23 09:00:00,0.3230024976058951,0.5014848350961746,3
2008-01-24 09:00:00,0.17926986248846388,0.5375359750166355,3
2008-01-25 09:00:00,0.12403053513588475,0.6309927557875087,3
2008-01-26 09:00:00,-0.10571840798067483,0.7238781731876739,3
2008-02-08 09:00:00,0.3884633965761419,0.39474243044194574,3
2008-02-09 09:00:00,0.4769543342322925,0.3407493980468333,1
2008-02-20 09:00:00,-0.6447248395720043,0.045993835505198186,2
2008-02-21 09:00:00,-0.448257609350194,-0.21205997451790887,2
2008-04-09 09:00:00,0.12441428782100178,0.2225847417884209,3
2008-12-19 09:00:00,0.25947144726672483,-0.6428635048422726,4
2008-12-20 09:00:00,0.31431774304033955,-0.23177016632540065,1
2009-01-03 09:00:00,-0.038024944882420836,-0.19556611615498765,4
2009-02-12 09:00:00,0.5046492157590762,-0.228916467889768,1
2009-03-01 09:00:00,-0.4297619225241381,0.18598999072785116,2
2009-03-02 09:00:00,-0.3723820029618707,-0.14055553384722866,2
2009-03-31 09:00:00,-0.13941130428536155,-0.29479799537943197,4
2009-04-01 09:00:00,-0.12286975270869856,-0.395620229477312,4
2009-04-05 09:00:00,-0.05166836249378719,-0.3792865060357676,4
2009-04-14 09:00:00,0.1926602720204109,-0.5548018201851541,4
2009-04-17 09:00:00,-0.215334223284738,0.047218134134910016,2
2009-04-18 09:00:00,-0.2551273729087651,-0.2334543666578125,4
2009-04-22 09:00:00,0.13476245438820736,-0.3126611774920686,4
2009-05-26 09:00:00,-0.17254511366504627,0.5640249263771195,3
2009-12-09 09:00:00,-0.01078924130341149,0.0013754468498074974,4
2010-01-12 09:00:00,0.573106941524906,-0.15317614590611955,1
2010-01-13 09:00:00,0.4461750610529651,0.05124439435552701,1
2010-02-05 09:00:00,-0.26484565155549905,0.2493197240817592,2
2010-02-06 09:00:00,-0.1597873992942593,-0.0131891815657154,2
2010-02-07 09:00:00,0.17072844988144212,-0.1788067738720538,4
2010-02-08 09:00:00,0.5563472317131508,-0.004987576391538563,1
2010-02-27 09:00:00,-0.1447544755263047,0.24612176271187056,3
2010-02-28 09:00:00,-0.17999466093751798,0.2621701465574369,3
2010-03-28 09:00:00,0.14480901304461175,0.2556410840899319,3
2010-03-29 09:00:00,0.14836711825331342,0.4173000427220458,3
2010-03-30 09:00:00,0.2157382166653429,0.276541328079945,3
2010-03-31 09:00:00,0.3085497927240345,0.044385703905748086,1
2010-04-01 09:00:00,0.3483961563563817,-0.0974390301704461,1
2010-04-19 09:00:00,0.4660390741471257,-0.2499923346395853,1
2010-04-20 09:00:00,0.5831951953599321,-0.01671974188487642,1
2010-04-21 09:00:00,0.4714644152436705,0.3047676872519318,1
2010-04-24 09:00:00,0.3000914700018089,0.11933961458307665,1
2010-05-03 09:00:00,-0.020645371262360896,-0.09370747297488116,4
2010-05-04 09:00:00,0.05157615106554124,-0.2345039665472089,4
2010-05-05 09:00:00,0.13896370842600295,-0.3479903732220164,4
2010-05-12 09:00:00,0.34751338194488524,0.08119620544649904,1
2010-05-17 09:00:00,0.5326768844950929,-0.2252544259087529,1
2010-05-20 09:00:00,0.3167148969308601,0.001558612127847078,1
2010-05-21 09:00:00,0.1966732042039944,-0.08500251351105989,1
2010-12-08 09:00:00,0.2566858269203987,0.1846521567514614,1
2010-12-09 09:00:00,0.2878785389908035,0.29805230717497644,3
2010-12-31 09:00:00,0.33853484095749176,0.3335511754738832,3
2011-01-01 09:00:00,0.21997201206939346,0.2634823410807449,3
2011-01-16 09:00:00,-0.3729177330323413,0.5737209076148034,3
2011-02-02 09:00:00,-0.36113387083528536,-0.4603722630820728,4
2011-02-03 09:00:00,-0.18924475029274024,-0.6095119730337748,4
2011-02-07 09:00:00,-0.24000940256287825,-0.028608844176560694,2
2011-02-11 09:00:00,-0.5870626970024823,-0.09646949061182124,2
2011-02-12 09:00:00,-0.3918257873062911,-0.340934712438739,2
2011-02-13 09:00:00,-0.13649542136210924,-0.26191064187829177,4
2011-02-14 09:00:00,0.008889791402139068,-0.3214967453576825,4
2011-02-15 09:00:00,0.1433716942047287,-0.14783646985903412,4
2011-02-17 09:00:00,0.01706328916614153,-0.32538616699675604,4
2011-03-19 09:00:00,0.4707032740761705,0.0483524784564281,1
2011-03-20 09:00:00,0.5497052988023186,0.12579462933453922,1
2011-03-21 09:00:00,0.5267234235705496,0.10401210308376843,1
2011-05-21 09:00:00,0.266812226877114,0.10934550538853556,1
2012-01-01 09:00:00,0.3304609153091535,0.3973311145863556,3
2012-01-02 09:00:00,-0.058606012989237836,0.3701331420848121,3
2012-01-14 09:00:00,-0.060937901592048774,0.2586447651362263,3
2012-02-08 09:00:00,0.37087151631106063,0.010504613857199727,1
2012-02-19 09:00:00,-0.3724214841818429,-0.029502782054693026,2
2012-02-29 09:00:00,-0.044158421755231186,0.517102053250702,3
2012-03-03 09:00:00,-0.5476091201723434,0.3089599022622428,2
2012-03-04 09:00:00,-0.4129304244249577,0.04692406940627713,2
2012-03-13 09:00:00,0.08154759097717701,0.2744690856736823,3
2012-03-15 09:00:00,-0.30785060181152035,0.440646465532754,3
2012-03-18 09:00:00,-0.5819615756498917,-0.10660391811169223,2
2012-03-19 09:00:00,-0.180718222723122,-0.10931929935649952,4
2012-03-31 09:00:00,-0.3006248621261993,-0.0437331058607737,2
2012-04-22 09:00:00,0.5225749934943561,0.07866706998694126,1
2012-04-23 09:00:00,0.4672629295669554,0.016785062560818628,1
2012-04-27 09:00:00,0.1403538077617712,0.21533271929665232,3
2012-04-28 09:00:00,0.14873165646927736,0.3656275866162786,3
2012-04-29 09:00:00,0.18421877549643648,0.3322949785201157,3
2013-01-11 09:00:00,-0.26006510508589115,-0.22080545333186175,4
2013-01-17 09:00:00,0.6627826650040763,-0.2374185560076637,1
2013-01-18 09:00:00,0.6213413898516607,-0.04662824431825768,1
2013-02-01 09:00:00,-0.3571456860818261,0.44872671503305656,3
2013-02-05 09:00:00,0.6135242502124996,0.015176450350957238,1
2013-02-16 09:00:00,0.5597081723881457,0.3016985406097021,1
2013-02-17 09:00:00,0.4034867632202432,0.206992495462176,1
2013-03-12 09:00:00,0.4209889345434914,-0.5157648452393613,4
2013-04-04 09:00:00,0.4459861015609956,0.03033040692884289,1
2013-05-25 09:00:00,0.5296159550326566,-0.39548034677917854,1
2014-02-06 09:00:00,-0.017799109252588628,0.10579603098123556,3
2014-02-14 09:00:00,0.6517237525395698,0.3626184399507756,1
2014-02-15 09:00:00,0.3499117410525425,0.5869814400611465,3
2014-02-16 09:00:00,0.01511057192968166,0.4659476633254706,3
2014-02-27 09:00:00,0.6262928278279759,0.07708819118447542,1
2014-02-28 09:00:00,0.6389206959506137,-0.03754178081379346,1
2014-03-14 09:00:00,-0.4626607431685771,-0.1808468870032761,2
2014-03-15 09:00:00,-0.3309999057258832,-0.3563105780616137,4
2014-03-16 09:00:00,-0.05467871390104448,-0.17308369531517906,4
2014-03-17 09:00:00,-0.13046697169436372,0.2008527932377868,3
2014-04-03 09:00:00,-0.4399789560653113,0.03933805516048048,2
2014-04-04 09:00:00,-0.2904660072979429,-0.3155947586312757,4
2014-04-05 09:00:00,-0.0869431212580157,-0.3183650769824921,4
2014-05-08 09:00:00,0.4453913818238351,0.4044190739870668,3
2014-05-09 09:00:00,0.5121284349582398,0.4025227878858235,1
2014-05-10 09:00:00,0.5121268211114584,0.4027232885588137,1
2014-05-27 09:00:00,0.2161194137585663,-0.03438660005810343,1
2014-12-14 09:00:00,0.3766299236349603,0.39566967688471216,3
2015-01-01 09:00:00,0.30444626649828843,-0.02208447194682623,1
2015-01-02 09:00:00,0.15897463227530012,0.07606909009089301,1
2015-01-04 09:00:00,-0.17632592965188518,0.5257071272060104,3
2015-02-21 09:00:00,-0.2563649400288149,-0.3244450304546568,4
2015-02-22 09:00:00,0.06662518297013535,-0.6506759209170538,4
2015-02-23 09:00:00,0.3313156335045023,-0.4703377946544308,4
2015-02-24 09:00:00,0.537082019187177,-0.2013616707043084,1
2015-02-25 09:00:00,0.6294805727491114,-0.14343443368997333,1
2015-03-01 09:00:00,0.6370275311874024,0.006794796493619517,1
2015-03-02 09:00:00,0.4565140971600302,0.2399992106064319,1
2015-03-04 09:00:00,0.08916374314999223,0.3879264493456849,3
2015-03-15 09:00:00,0.4914563467944592,-0.07138111947440637,1
2015-03-23 09:00:00,-0.3328838449557876,-0.4119050179213649,4
2015-03-27 09:00:00,0.2523019069714199,-0.4612485721426478,4
2015-03-28 09:00:00,0.33352924023431885,-0.1157176965052242,1
2015-03-29 09:00:00,0.3344678667627639,0.16334569384217024,1
2015-03-31 09:00:00,0.05933025149608045,0.4344162789360838,3
2015-04-01 09:00:00,0.0018193594185310813,0.1994235621780441,3
2015-04-17 09:00:00,-0.09515081456454312,0.4604978229986667,3
2015-04-19 09:00:00,0.12437313148927555,-0.0031949641377766323,1
2015-04-22 09:00:00,-0.0665035539432538,0.5151629675801627,3
2015-04-26 09:00:00,-0.16351919855668254,0.2548424835327138,3
2015-12-03 09:00:00,-0.513154454542369,0.4270320813614648,2
2015-12-25 09:00:00,-0.4873679495180247,-0.0002315463426355828,2
2016-01-03 09:00:00,-0.2655829275611061,-0.06526437422256319,2
2016-01-19 09:00:00,0.5758920056936514,0.2964574226162566,1
2016-01-20 09:00:00,0.4798245815259121,0.2682731786970811,1
2016-01-28 09:00:00,-0.6551152597635524,0.11387414373619292,2
2016-02-19 09:00:00,0.2032986700423796,-0.4245437169716458,4
2016-02-20 09:00:00,0.1811894520054264,-0.07935823321425534,1
2016-02-21 09:00:00,-0.037400007552874204,0.42082317851483264,3
2016-03-11 09:00:00,0.5506777056967734,-0.4136105898403088,1
2016-03-12 09:00:00,0.5552432272296739,-0.33119365773662995,1
2016-03-13 09:00:00,0.5141095505189518,-0.20555930111709506,1
2016-03-14 09:00:00,0.32210924173495165,0.053084794371785135,1
2016-03-16 09:00:00,-0.2213485418183147,-0.07930754686264567,2
2016-03-23 09:00:00,0.1044108327010303,-0.6551078877306226,4
2016-03-24 09:00:00,0.3388609773690792,-0.5497413081001347,4
2016-03-28 09:00:00,-0.06370175499059069,0.3368076415178328,3
2016-03-30 09:00:00,-0.4316201201489496,0.2828792147391028,2
2016-03-31 09:00:00,-0.5342607911364923,0.048761801321012974,2
2016-04-01 09:00:00,-0.4104980351414023,-0.3174907125548801,2
2016-04-02 09:00:00,-0.3437219912881637,-0.3777322327505747,4
2016-04-03 09:00:00,-0.3515506957141297,-0.2692402429862743,2
2016-04-05 09:00:00,-0.20192729023681247,-0.3421725520307582,4
2016-04-19 09:00:00,-0.14013030191617806,-0.09872925819867427,4
2016-04-21 09:00:00,0.030123817468210957,0.2487700917260804,3
2016-04-22 09:00:00,0.08779970914887274,0.21655431834540675,3
2016-04-23 09:00:00,0.36514394948827145,0.08558603620994101,1
2016-04-24 09:00:00,0.5807939753402521,-0.04822316171948052,1
2016-04-28 09:00:00,0.3134938938746371,0.1220661773373856,1
2016-05-17 09:00:00,0.4012212469828832,-0.039084256176981365,1
2016-12-27 09:00:00,-0.2645392130459503,0.4680676484383621,3
2017-01-23 09:00:00,-0.16847423021123334,-0.6429561207225476,4
2017-01-24 09:00:00,0.22170142309127544,-0.6600318072885338,4
2017-01-28 09:00:00,-0.4320340191509681,0.048448259643889637,2
2017-01-29 09:00:00,-0.3283661671603319,-0.11923981624817265,2
2017-02-02 09:00:00,-0.6884562686822738,-0.3297091695089512,2
2017-02-03 09:00:00,-0.33678202125816864,-0.5892598401234563,4
2017-02-14 09:00:00,-0.5582940816073045,0.1592670239870422,2
2017-02-15 09:00:00,-0.6663086404902459,0.20841262472250124,2
2017-02-16 09:00:00,-0.7381124178685098,0.15348115001894755,2
2017-02-17 09:00:00,-0.6957952145783239,-0.08028594271033307,2
2017-02-18 09:00:00,-0.39665056050538705,-0.29115745401275805,2
2017-02-21 09:00:00,0.14917494180700774,0.4737928254309666,3
2017-02-22 09:00:00,-0.16319306045543375,0.5686018309136054,3
2017-03-10 09:00:00,0.4769300927593985,0.584543980035653,3
2017-03-11 09:00:00,0.40603187224007575,0.6352649180055431,3
2017-03-21 09:00:00,-0.30616874291451546,-0.23501035412797686,2
2017-03-26 09:00:00,-0.3909560010441656,-0.15237809002923014,2
2017-03-27 09:00:00,-0.3964721038658304,-0.14476719147818135,2
2017-03-28 09:00:00,-0.4827434196835856,-0.1487852366425754,2
2017-04-04 09:00:00,0.1279344929417587,-0.2512768206452478,4
2017-04-05 09:00:00,0.3809876333697135,-0.16803181848612908,1
2017-04-24 09:00:00,0.28561882143181005,0.18767537641743906,1
2017-05-06 09:00:00,-0.2046383809818724,0.2293403440573695,2
2017-05-31 09:00:00,0.2637359602197502,0.2988449674244555,3
2017-12-05 09:00:00,0.5578661156070656,-0.05086430398204516,1
2018-02-14 09:00:00,0.3231102578336572,-0.09186501375549287,1
2018-02-26 09:00:00,0.2660994995705481,-0.3214105616613622,4
2018-03-16 09:00:00,0.10323488377023833,0.09732221006011142,3
2018-05-11 09:00:00,-0.2612392478403893,-0.30069371648523296,4
