,LOC,EOF1,EOF2,EOF3,EOF4,AR_CAT
1979-03-08 09:00:00,R03,0.2915408636947008,0.5063275287685854,-0.11273807929075935,0.08045638792381235,3
1979-03-09 09:00:00,R03,0.08848498038628134,0.4593099758940338,-0.28262798543758316,-0.1156546408735282,3
1979-03-18 09:00:00,R03,0.3483548084666072,-0.04232175618434741,-0.4870695799388106,-0.2790160156026649,2
1979-03-28 09:00:00,R01,0.24867418008558712,-0.2271437478034989,-0.5100715915149829,-0.2710799422817229,2
1979-04-05 09:00:00,R03,0.41706309137605974,0.12432981507647453,-0.08357331939975247,-0.16069267865473355,2
1979-05-07 09:00:00,R01,0.28082881563286294,-0.08581894029027347,-0.4785667508123745,0.020302364704057666,2
1979-05-08 09:00:00,R01,0.2655613259209966,-0.15245057159316977,-0.4155875921981845,0.10147035116555354,2
1979-05-18 09:00:00,R01,-0.009945766207406469,0.047601262990400406,0.16164352701082638,0.17284275717796246,4
1979-12-01 09:00:00,R03,-0.6705287813259925,0.039660953055478634,0.11387631671090713,0.10523568348553759,1
1979-12-02 09:00:00,R01,-0.3825515679095622,-0.08584459998948543,0.28134508858747265,0.40554534634057976,1
1980-01-24 09:00:00,R01,-0.3349637301262985,0.22396213423774383,-0.31668936686649407,-0.16368408800024598,1
1980-01-25 09:00:00,R01,-0.2314933036407736,0.10322780314907931,-0.43101564490724015,-0.03187502468378492,1
1980-02-12 09:00:00,R01,-0.09605458949358778,-0.2831396459865081,0.11537949379826487,-0.06599168839973972,4
1980-02-13 09:00:00,R01,0.10856907542282868,0.08489236666425867,0.3024140708216025,0.04326836432189998,4
1980-02-25 09:00:00,R01,-0.48140442796750094,-0.02211524603222256,0.16035235416275848,0.012916956723417347,1
1980-02-26 09:00:00,R01,-0.2128563818498224,-0.125623294592358,0.4309934837714922,0.08899662506868716,4
1980-03-01 09:00:00,R03,-0.041114671574959856,0.4531527426778962,0.334873965506308,-0.18222463182195117,3
1980-03-03 09:00:00,R01/R02,-0.4517126434660039,0.0799577144249945,-0.11628810304447783,-0.25797462591300835,1
1980-03-05 09:00:00,R02,0.12443316148246639,-0.01822567407330021,-0.19608426673719667,-0.06724399785655019,2
1980-03-07 09:00:00,R03,0.48010383932096445,-0.11846074148355473,0.03476755181974024,0.19738564676954082,2
1980-03-20 09:00:00,R01,-0.14553424171627394,-0.39532113669822283,0.15950987182929702,-0.36621905938830546,4
1980-03-30 09:00:00,R03,0.251414248410196,0.3708408009121046,0.09181232999542908,-0.21399708350050978,3
1980-04-05 09:00:00,R01,0.40092088083223854,-0.3892707472311492,0.16343945902954402,-0.2623078054347258,2
1980-04-17 09:00:00,R01,-0.33402825535474945,-0.20037216897074284,0.21559866983806544,-0.35640041455458704,1
1980-04-23 09:00:00,R03,0.648635819507642,-0.2608088867938389,0.07209464411023157,-0.3618615918599448,2
1980-12-13 09:00:00,R01,-0.5060440694492563,0.14861210122977575,0.030889469919389394,-0.011585193421165525,1
1980-12-23 09:00:00,R02,0.5959931076493923,0.10728603983974798,0.3862331217069188,0.1701803999970006,3
1981-01-27 09:00:00,R01,-0.0726995388979214,0.24522503626124792,0.40161142402766287,-0.31180697788302514,3
1981-02-10 09:00:00,R01,-0.5081100564161414,0.20989264143482436,-0.23641333047912316,-0.287075322704601,1
1981-02-11 09:00:00,R01,-0.42120661227425127,-0.1932734225135019,-0.4510521936538762,-0.23030099538284599,1
1981-03-01 09:00:00,R03,-0.09798795165122752,0.4175331296650662,-0.18365079378677143,-0.2918204283965839,3
1981-03-03 09:00:00,R01,-0.15487861313872867,-0.10970621748518652,-0.29240852526837624,-0.5079141839098781,1
1981-03-04 09:00:00,R01,0.06299904070181142,-0.3100773337114152,-0.18064974302625422,-0.3197465909659123,2
1981-03-28 09:00:00,R01,-0.3907698880248624,0.23748944068309785,-0.2855318398096916,-0.010730617005956778,1
1981-03-29 09:00:00,R01,-0.20093403958243156,0.18793292864760444,-0.3535484126593117,0.13162474216571995,1
1981-04-10 09:00:00,R01,-0.5213439442236972,0.38716583177989583,0.0060155887362606094,-0.08650851690324295,1
1981-04-12 09:00:00,R01,-0.4550876795225586,0.21617088399802672,0.07934547429011218,-0.1616704448534266,1
1981-04-13 09:00:00,R01,-0.6087486218203584,-0.0077950327972337585,0.08391259872053891,0.04435387837537073,1
1981-04-14 09:00:00,R01,-0.45448604778148477,0.037971184103970955,0.10275282658784825,0.13349479474315076,1
1981-04-30 09:00:00,R01,-0.07312175487507326,-0.15440131912978,0.11191083350086753,-0.5027229696665453,4
1981-05-01 09:00:00,R01,-0.1544326660596813,-0.2516386070113042,0.08167942791862251,-0.5903156075562905,1
1981-12-10 09:00:00,R03,0.4102808003651108,0.13811558911783856,0.02812419008312886,-0.3596820908487553,2
1981-12-11 09:00:00,R03,0.45084416501546437,0.1261124761314977,-0.1135304077693323,-0.3702538357410647,2
1982-01-29 09:00:00,R01,0.28436481658450824,-0.0966663633596314,0.5510077632323294,-0.014157542715836495,4
1982-02-09 09:00:00,R01,-0.5683417456944689,0.13854818286614962,-0.0909259016141591,0.0935308041987453,1
1982-02-17 09:00:00,R03,-0.047899919738956846,-0.0843942728085234,-0.24059018155009437,0.14510530284309614,1
1982-02-18 09:00:00,R03,0.08199919166424528,-0.09845917431592484,-0.09069013624681027,0.35950279414136815,4
1982-03-20 09:00:00,R01,-0.022943570809699058,-0.4358144484246129,0.20320582814440147,-0.04647047514606783,4
1982-03-21 09:00:00,R01,0.16792383957198462,-0.4062232266993208,0.3655675215266678,0.1197229457396122,4
1982-03-28 09:00:00,R01/R02,-0.6663914608349631,-0.041724750664704074,-0.2885130583052482,0.11414353646058507,1
1982-03-29 09:00:00,R01/R02,-0.4799037505174328,-0.06675727187468208,-0.489910778966369,-0.028593596881124488,1
1982-05-11 09:00:00,R03,0.16587088133675226,0.28878370147264565,-0.6577946772255242,0.006684080070331477,2
1982-12-08 09:00:00,R01,-0.17625740044667706,-0.2106086967293564,-0.216883295230116,0.20996010309348748,1
1982-12-09 09:00:00,R02,-0.10558551518829064,-0.33589117487741,-0.42960347605254817,0.21506094487083333,1
1983-01-25 09:00:00,R01,-0.5476744638083667,-0.002296848863049513,0.28731685049047545,0.3125161375887505,1
1983-01-27 09:00:00,R02,-0.40179991904849144,0.2526245199029132,0.098953162451215,0.5182346740231096,1
1983-02-27 09:00:00,R01,-0.5365157265424547,0.25390221390915646,0.03708147880559751,-0.031161583535295943,1
1983-02-28 09:00:00,R01/R02,-0.4350380399829466,-0.14256386394066303,0.07916467293669661,0.12364667515581924,1
1983-03-01 09:00:00,R02,-0.10977569175556963,-0.17269062455802758,0.15463503537221623,0.22310719274228794,4
1983-03-06 09:00:00,R01,-0.5658632432940465,0.2652445898830278,0.17996946979106826,-0.16093277908046627,1
1983-03-07 09:00:00,R01,-0.5703942722372612,0.01567239985352497,0.20895460165008464,0.15751335775033917,1
1983-03-15 09:00:00,R03,-0.16670897798469383,0.33577351285235435,-0.2448146637436991,-0.015533788736892965,3
1983-03-20 09:00:00,R02/R03,0.42271870243839493,0.6549016173338125,0.12210391035537513,0.3481771171121944,3
1983-03-21 09:00:00,R03,0.1703329941186,0.7860568447895178,0.024073836263671964,0.11529749524367537,3
1983-03-24 09:00:00,R01,0.07221463027649792,-0.09767689782636897,-0.6822263331716047,0.09458461544102122,2
1983-03-25 09:00:00,R02,0.3268136986757527,-0.2360485916202395,-0.6244231697145816,0.18488286817685942,2
1983-04-08 09:00:00,R03,0.36820037489825597,0.3613814831223749,-0.2662034991775692,0.3593918974406273,3
1983-04-09 09:00:00,R03,0.26077448425135147,0.5317015358041879,-0.24234670754031798,0.37778454119423305,3
1983-04-15 09:00:00,R02/R03,0.66756641453321,0.14710249126672964,0.051370617332460226,0.21468785490541714,2
1983-04-16 09:00:00,R03,0.6540585979455517,0.3364057631675951,0.17787200221517327,0.15766464102651487,3
1983-04-29 09:00:00,R03,-0.043087376511788816,0.16716585412805438,-0.4999251685326136,-0.0026593326279631584,1
1983-05-30 09:00:00,R01,0.024126843481405466,-0.21324062141321987,0.17118155353813072,0.07029018454468797,4
1983-12-25 09:00:00,R03,0.06034386226092949,0.7514096317957948,-0.19647800071776145,0.1310820539334417,3
1983-12-26 09:00:00,R03,-0.18334614743148214,0.6545696871648928,-0.40482374539136035,-0.09229037367161716,3
1983-12-27 09:00:00,R03,-0.2035652236189821,0.229715589585815,-0.16547159773791084,0.018435138783863703,1
1984-01-16 09:00:00,R03,0.24527397770423792,0.5581351398167449,-0.252164015287391,-0.24880633029915905,3
1984-01-17 09:00:00,R03,0.0670021466723852,0.5869448353088892,-0.37004331244079336,-0.10554189983790846,3
1984-02-19 09:00:00,R02,0.6453571614546323,0.11189808348153996,0.054800317269595326,0.24158612162961093,2
1984-02-20 09:00:00,R03,0.6210838058029297,0.2134554152929679,-0.06113868641142373,0.13814763847431538,2
1984-03-15 09:00:00,R01,-0.1689076437589076,-0.43071794207743513,0.16045567576565956,-0.22878730315952717,4
1984-03-16 09:00:00,R01,-0.04243694951512476,-0.48569829321046676,0.26533580864645034,-0.19424473356242014,4
1984-03-17 09:00:00,R01,0.14022325726391313,-0.3500619491992333,0.3803966718647583,-0.1743898831794156,4
1984-03-27 09:00:00,R01,-0.19592300663055442,-0.047676337010462574,0.041444386466323785,-0.3164785718556359,1
1984-03-31 09:00:00,R01,0.2334213977586314,-0.16198127555504108,-0.035219536209311106,-0.14635872049499873,2
1984-04-03 09:00:00,R03,0.5416934580660998,-0.08874301557717305,-0.2804254356102967,0.17545449836433655,2
1984-04-12 09:00:00,R01,0.00761015400313756,-0.06096423486309162,0.30035357148420033,-0.22455880301532402,4
1984-12-07 09:00:00,R01,-0.5334970665569244,0.030907523217465684,0.05485252670838607,0.36764272310123725,1
1984-12-09 09:00:00,R02,-0.5127659164402277,0.09696962680788714,-0.08342346759548937,0.3388259715290898,1
1984-12-10 09:00:00,R01/R02,-0.3952007414182487,0.1975620968018291,0.0103036800863503,0.2727606772201381,1
1984-12-13 09:00:00,R03,0.03741826083957128,0.697195184610032,-0.031235779119489993,-0.3228355540429994,3
1984-12-14 09:00:00,R03,0.035588210601316735,0.44153476884655934,-0.18325257677417303,-0.39603611819226253,3
1985-01-17 09:00:00,R01,0.1683658287742539,-0.48506423931635084,0.37237993067940556,0.26797426482895675,4
1985-02-02 09:00:00,R01,-0.37971227652393325,0.5947010924183932,0.14487201862623675,-0.25433146982232324,3
1985-03-04 09:00:00,R01,-0.37746727712518086,-0.29283648242372856,-0.13962291575941174,0.14030295936518272,1
1985-03-25 09:00:00,R01,-0.037190535274688664,-0.3121820499403404,-0.18038713295296704,-0.2621277478006464,2
1985-03-26 09:00:00,R01,0.00023498536552275537,-0.394054435834723,-0.25565380455058745,-0.08429019203581568,2
1985-04-09 09:00:00,R02,-0.134083698705864,0.3002234812313482,-0.5670394423508011,0.09749646976406255,1
1985-05-25 09:00:00,R03,0.3635618683135705,0.0463168209192862,-0.1538786935573152,0.06500338436186132,2
1985-12-06 09:00:00,R01,-0.08698688253354515,-0.38829830059567344,-0.33944538713000527,0.3639015198651766,1
1985-12-19 09:00:00,R01,-0.5189912557961264,0.25483417067056696,-0.023258544808237417,-0.5808186859666564,1
1985-12-20 09:00:00,R01,-0.49343402912585466,-0.14171915639198496,0.11082099356899848,-0.47439722568311177,1
1985-12-21 09:00:00,R01,-0.36591090978420804,-0.08185014708840016,0.3177685317795342,-0.23022443383149865,1
1985-12-26 09:00:00,R02,0.19202793245283364,0.4399290789603741,-0.27608060741394647,-0.14074400761796474,3
1986-02-09 09:00:00,R02,0.36484441278456015,-0.2690057632946711,0.34098576987403767,-0.14682945333165354,4
1986-03-09 09:00:00,R01,0.32909434191761455,-0.3716699319304918,-0.18075741001823495,-0.011512045215866594,2
1986-03-10 09:00:00,R01,0.205637859207963,-0.5318033685336397,-0.06702944660814397,0.19101046651942888,4
1986-03-12 09:00:00,R01,0.06936341570931373,-0.544034227543055,0.04675972545718812,0.43722414058926723,4
1986-03-13 09:00:00,R01,0.04823293446055625,-0.3524255051575076,0.045970302236735275,0.4331854992740147,4
1986-03-26 09:00:00,R01,0.04147373616337069,-0.4142368480785582,-0.32306297142396656,0.07865671067832357,2
1986-03-27 09:00:00,R01/R02,0.2098901552262444,-0.34287701486936606,-0.12007601942576035,0.4218837595515019,4
1986-03-31 09:00:00,R03,0.48774269911209395,0.4740895624032069,-0.14568775751835403,0.1519363037498079,3
1986-04-11 09:00:00,R01,0.3292400754979053,-0.31036968590805303,-0.4406339960225239,-0.4591446455000345,2
1986-04-16 09:00:00,R03,0.36687841914512237,-0.051296695884338495,-0.32152149655307827,-0.412424888405877,2
1986-04-17 09:00:00,R03,0.27655002364412695,0.06088369245228742,-0.442860276737416,-0.39305132438441875,2
1986-04-25 09:00:00,R02,0.2897288106363727,0.3308626037035144,-0.5300984520471329,0.08285314619776599,3
1986-12-03 09:00:00,R01,-0.6471053089412072,-0.025844241252336315,0.1525778307292201,-0.06093580853499925,1
1986-12-04 09:00:00,R01,-0.7452554550796308,-0.10734669864855906,-0.10502914262904012,0.16561737692022627,1
1986-12-05 09:00:00,R01,-0.6020106678185804,-0.2987757898979589,-0.2660553934160986,0.30359264724806795,1
1986-12-06 09:00:00,R01,-0.31299910233934164,-0.3060085130140577,-0.14591272410286094,0.5050164655138372,1
1986-12-13 09:00:00,R02,0.13080363176322257,0.14341822936812823,0.1957813537209516,0.46044881555357814,3
1987-02-11 09:00:00,R01,-0.19905265250517945,-0.564817994265755,-0.16350291134918044,-0.1556856542666286,4
1987-03-05 09:00:00,R01,0.29787129196006984,0.19901928101794986,0.28424672841873877,-0.33247915523534266,3
1987-03-15 09:00:00,R01,-0.09029998098315045,-0.20262854796276597,0.3226010193843829,-0.40937199661713625,4
1987-03-22 09:00:00,R01,0.24490581562122882,-0.4980660747862556,-0.3773736557787761,-0.021464336839924734,2
1987-03-27 09:00:00,R01,-0.3846044271092754,-0.09780979661822348,-0.20603596852916586,-0.06780920586227118,1
1987-03-28 09:00:00,R01,-0.3462494507869195,-0.1902182255781787,-0.324048499636532,-0.023039568397230994,1
1987-03-31 09:00:00,R01,0.3491941670150291,-0.5017530846565412,0.030663506820707,0.10061746823623216,4
1987-04-06 09:00:00,R01,-0.4002820119102058,-0.014256779849994187,-0.4228176388872796,0.0430886146823264,1
1987-04-09 09:00:00,R03,0.06217828722440289,0.3969415013853828,-0.5823015003920254,0.06796197427304838,3
1987-04-10 09:00:00,R03,0.2507366129711135,0.1366054136511767,-0.5243995608705517,-0.06957517584367937,2
1987-04-19 09:00:00,R01,-0.412101589046033,0.29407957378236904,0.42532546972719265,-0.22178691525331465,1
1987-04-20 09:00:00,R01,-0.5294582352664798,0.09260473121956046,0.33290243553755555,-0.04427729750947416,1
1987-04-21 09:00:00,R01,-0.3657741803464699,-0.018526039972190923,0.2659806378085213,0.09322755864450935,1
1987-04-24 09:00:00,R03,-0.0321996027255055,0.5936139776813409,0.34934844899135525,-0.018404490104796525,3
1987-12-11 09:00:00,R02,0.37280747984268364,-0.0513363511366163,0.32190029082810623,-0.2826868525126639,2
1987-12-29 09:00:00,R01,-0.6261657554232372,-0.11711932654359893,0.22221966064637777,0.11814142591202907,1
1987-12-30 09:00:00,R01,-0.6233377203847685,-0.2772630758094656,-0.08965707985400875,0.19234858097177815,1
1987-12-31 09:00:00,R01,-0.3965107424513653,-0.591683709273545,-0.06683556872872254,0.043028252155884204,1
1988-01-01 09:00:00,R01,-0.218782905153001,-0.71986328263643,0.13661438032539783,0.12307921179500526,4
1988-01-20 09:00:00,R01,0.24186593282693344,-0.4517758250022013,-0.24607602314257854,0.03366053495942154,2
1988-02-18 09:00:00,R01,-0.35507864117707894,0.01650024484369313,0.09138162146080518,-0.30171155025796453,1
1988-02-19 09:00:00,R01,-0.0663489939553339,-0.020095129986282274,0.23722068236961583,-0.304965915490689,4
1988-02-23 09:00:00,R03,0.1917894738312056,0.6302455517172239,-0.010005748546984699,-0.37330760938763613,3
1988-02-24 09:00:00,R03,0.2338186181853233,0.2711047796968529,-0.2000795105983188,-0.5730103656366339,2
1988-03-01 09:00:00,R03,0.5817400098740445,-0.10941016366308902,-0.020458334231314934,-0.5709019416481859,2
1988-03-06 09:00:00,R01,0.1478821405704161,-0.45322153786569064,0.34433490132699973,-0.07249904132507254,4
1988-03-09 09:00:00,R01,0.279865908774188,-0.11139818130699665,0.6090037468739841,-0.2296372566094212,4
1988-03-10 09:00:00,R01,0.26268523393842824,-0.14779912777775753,0.6268216427932616,-0.07097796835363086,4
1988-03-11 09:00:00,R01/R02,0.3048927246100268,-0.04222367662838436,0.645922024155292,-0.015352803954975801,4
1988-03-12 09:00:00,R02,0.2929732624582265,0.2125361976870676,0.5677413875978955,-0.024429663086693816,3
1988-03-13 09:00:00,R03,0.1211214643994663,0.473148290737436,0.3149864745688587,-0.1660626222213016,3
1988-03-14 09:00:00,R03,-0.1362285271984661,0.2709067013441433,0.007548830144021601,-0.2566781720800326,3
1988-03-19 09:00:00,R03,0.34851794183262613,0.6360809681897442,0.06552725805463597,-0.1365311621187255,3
1988-03-24 09:00:00,R01,0.4652900882689174,-0.0818678047264457,-0.06403399315954997,0.29893060965634605,2
1988-03-25 09:00:00,R01,0.5332461721833864,0.1805335655198345,0.06707527270341018,0.32651735689513595,3
1988-04-29 09:00:00,R01,0.11219539942971371,-0.541152082874999,0.2487231590358088,-0.05013485478374598,4
1988-12-20 09:00:00,R01,-0.008083924118588064,-0.026417040734310632,0.5530061970987049,-0.2787747852511642,4
1988-12-27 09:00:00,R01,-0.6549898923416039,0.18592405347098678,-0.024083400601205347,-0.20912207254125353,1
1988-12-28 09:00:00,R01,-0.6714362281960445,-0.060821364342743295,0.0536254354514254,-0.013791307439852777,1
1988-12-29 09:00:00,R01,-0.4932980554529249,0.11743780800814059,0.242738076423529,0.2859257539191305,1
1989-01-05 09:00:00,R01,-0.30590251790331385,-0.21041367461862528,-0.005916673558325737,0.5651830687775619,1
1989-01-07 09:00:00,R02,0.33096359426506416,0.1384509913788456,0.3438571122654145,0.2836588405257464,3
1989-01-08 09:00:00,R02/R03,0.15468329576232148,0.4124599377977442,0.39401317883313225,-0.02133713049403469,3
1989-02-02 09:00:00,R01,-0.6817644897151061,-0.03029977341119522,-0.21921675988215739,0.3811033214432075,1
1989-02-03 09:00:00,R01,-0.4837015623669269,-0.06766253267739662,-0.40675602397723004,0.48041343153138544,1
1989-02-14 09:00:00,R03,-0.04074251226712805,0.28486976566051053,-0.0003210323033346921,0.18445295344879165,3
1989-02-19 09:00:00,R03,-0.21952262156873942,0.7524597863476022,0.08231290902587997,0.0699879588907738,3
1989-02-23 09:00:00,R01,-0.4189556702008302,-0.24049431959737483,-0.24311010395038374,0.03758633862020945,1
1989-03-17 09:00:00,R01,-0.16139236308766536,0.010567072497555558,-0.6008748435323146,0.05349204672761364,1
1989-03-21 09:00:00,R01/R02,0.024846571423269632,-0.44615403370447276,-0.28402505080035273,0.38552103509338465,4
1989-03-27 09:00:00,R02,-0.07070312310526493,0.411651930595658,0.23792909053636516,0.09723968618653638,3
1989-03-29 09:00:00,R01,-0.5509003092714931,0.16326686227585224,-0.06383954934660918,-0.037330980850352705,1
1989-03-30 09:00:00,R01,-0.5937293904184086,-0.028747396649365122,-0.18064638491480625,0.08127844384205424,1
1989-03-31 09:00:00,R01/R02,-0.5637144498570625,-0.07235240679853983,-0.17332085802012773,0.28110557402888803,1
1989-04-07 09:00:00,R01,-0.10187683276525616,-0.33283146670009817,-0.4076419461373731,0.24357269479050872,1
1989-04-08 09:00:00,R01,-0.06859597594946232,-0.21568050032359115,-0.39575902434245513,0.3263398517047157,1
1989-04-09 09:00:00,R02,0.15384619663035534,0.03287599610979353,-0.38128429381489376,0.2903742884068066,2
1989-04-10 09:00:00,R03,0.13699351558952821,0.12163365603501738,-0.4122654157845467,0.15337852794536924,2
1989-04-28 09:00:00,R03,0.27472515102728323,-0.3135484682220601,-0.266880096175921,0.09636916641199461,2
1989-04-30 09:00:00,R01,0.3167673066430939,-0.45051972140165575,0.15842763253095682,0.4111189005150212,4
1989-05-01 09:00:00,R01/R02,0.4797730387605834,-0.3211721054358421,0.10575794894648623,0.4235505162801807,4
1989-05-08 09:00:00,R01,0.16038994849546098,0.14946654021681738,0.46386107518601616,-0.16419997462669575,4
1989-05-25 09:00:00,R03,0.17732775054215083,0.281891523154812,0.06755017823003072,-0.22219275069746733,3
1989-05-26 09:00:00,R03,0.1551243324160366,0.20412055001936705,0.15728233187202784,-0.2398834557739266,3
1989-05-27 09:00:00,R03,0.17010723800789884,0.07654518226645977,0.2908645811412163,-0.2102157624333853,4
1989-12-06 09:00:00,R01,-0.5129955587672715,-0.10931336384670297,0.1994194679603975,-0.2152395627170422,1
1989-12-07 09:00:00,R01,-0.4542233573182392,-0.23756693863121753,0.10324439122667725,-0.18488847485170248,1
1989-12-16 09:00:00,R01,-0.38063098313342547,0.058503194496772964,-0.6177447247355747,-0.12679452919915177,1
1989-12-17 09:00:00,R01,-0.30465307637574046,-0.13176649038809943,-0.6734828613931806,0.13117068657840567,1
1989-12-25 09:00:00,R03,0.39710125206619823,0.2830157263388656,-0.020584525903851052,0.16693370670392796,3
1989-12-26 09:00:00,R03,0.40071823105510684,0.20639752571496853,0.052963384298981085,0.03489132701450199,3
1990-01-17 09:00:00,R01/R02,-0.4476779533019397,-0.235766652040501,-0.27001355719028036,0.04068693800462502,1
1990-01-18 09:00:00,R01/R02,-0.31675512043616516,-0.48691465882154067,-0.44528874887137976,-0.021147307863830744,1
1990-01-19 09:00:00,R01/R02,0.04472893300276117,-0.5518914501144249,-0.1532507538454275,-0.08244512428428105,4
1990-01-26 09:00:00,R01,0.1393295980856738,0.1231919016608911,-0.21258009769514602,0.2680342752964134,3
1990-02-05 09:00:00,R01,-0.3891396897988915,0.5602232865531062,-0.30598349560951094,0.017834190695612616,1
1990-02-06 09:00:00,R01,-0.3710924694902283,0.3832637718907926,-0.1960006459693151,0.10165629193024639,1
1990-02-07 09:00:00,R01,-0.14286003800645902,0.2753921331992712,-0.0887623564595594,0.3374913038311452,3
1990-02-11 09:00:00,R01,-0.08875370833649612,0.08164941323245861,0.07998430515926007,-0.12286278574896747,1
1990-03-02 09:00:00,R03,0.2258180541895394,0.3194976890500244,-0.4254579544373055,-0.29912579521148597,2
1990-03-03 09:00:00,R03,0.3365590828532631,0.0729539737279168,-0.29591673525344686,-0.06614014000666997,2
1990-03-15 09:00:00,R01,-0.5610886643787402,-0.11615908286328139,0.1683069464797781,0.12158556215883136,1
1990-03-16 09:00:00,R01,-0.46832305709095995,-0.17594498436766265,0.24677505988047457,0.3908525294693346,1
1990-03-19 09:00:00,R01,-0.4029406985827548,0.017885674981987464,-0.0046355939200381285,0.6311328047312723,1
1990-03-20 09:00:00,R01,-0.2533635100570116,0.13265764298918178,-0.10456962399572318,0.6845777772105305,1
1990-03-21 09:00:00,R01/R02,-0.045134230396446005,0.3066100954887148,-0.0808599308929287,0.7295947997840876,3
1990-03-22 09:00:00,R02,0.002250975091932407,0.42615128978395783,0.03750619892844514,0.7564738875876308,3
1990-03-23 09:00:00,R03,0.10472087736372687,0.6131389700412874,0.07531351155409718,0.5505320152604766,3
1990-03-24 09:00:00,R03,0.00105305856040901,0.6055223656379577,0.07977915731179146,0.3681017555659388,3
1990-04-13 09:00:00,R03,0.5061456491495947,0.09222998377721317,0.4284305613099102,-0.10073026038375785,2
1990-04-16 09:00:00,R01,0.0660533825025965,-0.11039408445384832,0.27453139865992643,-0.12564999814864156,4
1990-04-17 09:00:00,R01,0.02837104918855805,-0.15361477767577447,0.21116532013578057,-0.128603117899271,4
1990-04-28 09:00:00,R03,0.12843888822159752,0.3472216649827206,-0.08039694191198696,-0.42340707947017336,3
1990-05-13 09:00:00,R03,-0.07470581748688955,-0.2208257317252527,0.08416213557322667,-0.14051975387450316,4
1990-05-14 09:00:00,R01/R03,-0.2311229261752275,-0.09623714262223326,0.29507978049205685,0.07989902589679929,4
1990-05-15 09:00:00,R03,-0.12234063574835607,0.08117211884541072,0.24250096213386424,0.1858345541341609,4
1990-12-18 09:00:00,R03,0.08861820727329178,-0.4315200326198549,0.10986262647992585,-0.17599109925725775,4
1990-12-26 09:00:00,R01,-0.06136170077749831,-0.4202042037434434,0.21083873980443535,0.28695784073354386,4
1990-12-27 09:00:00,R01,0.11810515051971145,-0.2759767991896239,0.10310745335088965,0.5052574388317203,4
1990-12-28 09:00:00,R01,0.5078601482457823,0.11660107224967325,-0.007876451973169869,0.4857050700190534,3
1990-12-29 09:00:00,R02,0.4776579193463178,0.5221430142963083,-0.048732735564448654,0.4252772218120049,3
1991-01-02 09:00:00,R03,0.18307687200167652,0.48444113951526396,-0.09403458843363206,-0.024432360073704026,3
1991-01-24 09:00:00,R01,-0.4178418793986084,0.10753312689301792,0.18925804031344454,-0.3185179987202134,1
1991-01-25 09:00:00,R01/R02,-0.6554525687327759,-0.0727752778579663,0.12488683825352477,-0.27696374402405993,1
1991-01-26 09:00:00,R01/R02,-0.7236015090177995,-0.32500544712712126,-0.041906126195823845,-0.10399782087809407,1
1991-01-27 09:00:00,R01,-0.5968838167221153,-0.5326326976840763,0.06016080214153449,-0.0021876335774751515,1
1991-02-08 09:00:00,R02,-0.2922460683925225,-0.2318078829184117,-0.4474182070685221,-0.2892326834181956,1
1991-02-09 09:00:00,R01,-0.21490358151942415,-0.42647889932914373,-0.3990067305342926,-0.10726373888031425,1
1991-02-10 09:00:00,R01/R02,-0.07285632977099622,-0.33508189349469114,-0.39772791456717727,0.12471695472053963,1
1991-02-18 09:00:00,R03,0.45976490910103457,-0.1723292670456513,-0.1427003824043709,-0.3325650514821053,2
1991-02-26 09:00:00,R02,0.31722445157046886,0.5704582638798641,0.1555930970720227,0.1115205687807303,3
1991-03-07 09:00:00,R01,-0.27500386326686616,-0.017851552128277784,-0.4088685400401901,-0.1618515068145547,1
1991-03-08 09:00:00,R01,-0.058606420886373245,-0.15126015233135412,-0.47645058160484394,-0.01393532582385173,1
1991-03-16 09:00:00,R01,0.08399430017032615,-0.6212465873685967,0.1325577920134526,0.3762157611241796,4
1991-03-17 09:00:00,R01,0.331670112295125,-0.42105007817097967,0.13804415368950532,0.3302176821223523,4
1991-03-24 09:00:00,R03,-0.04343517016094526,0.009410321059316253,-0.49033966192981077,0.0146974982151152,1
1991-03-28 09:00:00,R01,0.3231005779671561,-0.2727238622142264,-0.33883053378659633,-0.249687217234077,2
1991-04-30 09:00:00,R01/R03,0.56017352747136,-0.0691760567557395,0.152168440875308,-0.03626774609648013,2
1991-05-03 09:00:00,R03,0.31333668747001514,-0.17376719517404807,-0.2719505781539285,-0.141469139876658,2
1991-05-08 09:00:00,R03,0.5400388173259544,-0.23563856107758302,-0.16406540997755048,-0.2554099306692501,2
1991-05-20 09:00:00,R01,0.335763767056078,-0.2578397022269588,0.48667595592667084,-0.00942582323780606,4
1991-05-23 09:00:00,R03,-0.1484723387911786,-0.09877865382777964,0.2591383030953437,0.04997942200156218,4
1991-12-04 09:00:00,R01,-0.5009791410822627,-0.10890856152486972,0.19776038137231997,-0.15854179681097122,1
1991-12-05 09:00:00,R01,-0.26856182593517847,-0.07435875841594755,0.3012178878228316,-0.42890626084856637,1
1991-12-10 09:00:00,R01,0.07987813460028129,0.057370022676666174,0.710797072985813,-0.3126976956752991,4
1991-12-11 09:00:00,R01,-0.1286013254719755,0.012803945880229123,0.6945277979277094,-0.13468111631124444,4
1991-12-12 09:00:00,R01,-0.3064553937073883,-0.0030677731720801346,0.5954387182324392,-0.08299931868697259,4
1991-12-13 09:00:00,R01,-0.4526519409004355,0.0015896572508397903,0.4992971137146464,0.020073740250642097,1
1991-12-14 09:00:00,R01,-0.545145204994082,0.06084748377686969,0.30920972448701073,0.02942770966928147,1
1991-12-15 09:00:00,R01,-0.6458976605621062,-0.059552107723747534,0.17475956848644367,-0.014684646874408366,1
1991-12-16 09:00:00,R01,-0.6159811917582287,-0.3766593726827393,0.0794696725848501,0.17513688775291963,1
1991-12-24 09:00:00,R03,0.3023546000781201,0.6853902046041762,0.062401376865916895,0.11265733795439342,3
1991-12-25 09:00:00,R03,0.24374431778722327,0.512150285340943,0.1788294998252578,-0.1890289935099602,3
1991-12-26 09:00:00,R03,0.1930998970123707,0.3714383798969667,0.3877467823655213,-0.05916253825174148,3
1992-01-03 09:00:00,R01,-0.7642762191431195,0.15323289042596802,-0.3285304060587339,-0.005751000382978981,1
1992-01-04 09:00:00,R01,-0.5479962185203175,-0.204006977810795,-0.5871347355425042,0.13919443934968553,1
1992-01-05 09:00:00,R01,-0.211907705503343,-0.15940538754138517,-0.5416792157748102,0.10961617130960781,1
1992-01-06 09:00:00,R01,-0.2963883335320509,-0.018773373253796233,-0.20573100897321334,0.14736889497364067,1
1992-01-23 09:00:00,R01,-0.4182985597740057,-0.43397306742105574,-0.17385372951496383,0.1014494653924666,1
1992-01-24 09:00:00,R01/R02,-0.4236440859553383,-0.4577928396152587,-0.19087005747011004,0.2255235830404757,1
1992-01-25 09:00:00,R01/R02,-0.37523821875042856,-0.45486154520914374,-0.11946846817835152,0.32479440204564,1
1992-01-27 09:00:00,R02,-0.07655357404019546,-0.38167620969832544,-0.04668785358167038,0.46177369107379124,4
1992-01-28 09:00:00,R02,-0.05407733466585357,-0.3481222807598867,0.10381014051728141,0.5194693912634677,4
1992-01-29 09:00:00,R01/R02,-0.08804690147924367,-0.14878613825967238,0.34419310499180383,0.4529321408289584,4
1992-02-12 09:00:00,R01,-0.39958838586692974,0.004017634137679784,-0.1844505965961315,0.22412687535246564,1
1992-02-25 09:00:00,R01,-0.5974111420968904,0.33762019846359376,0.14090332933695238,-0.31558658382217214,1
1992-02-26 09:00:00,R01,-0.7281776637340579,0.07982249112089512,-0.04296758192165459,-0.08683721551059441,1
1992-03-10 09:00:00,R01,-0.19671438557968257,-0.16100928608281267,0.18201929945767195,0.5195572888940057,4
1992-03-12 09:00:00,R01/R02,0.2568839423520851,-0.20004488686824498,0.12485289073639087,0.5024191681511251,4
1992-03-13 09:00:00,R02,0.3789482219625109,0.08684209892643348,0.2521378869223997,0.36899909148975785,3
1992-03-16 09:00:00,R01,-0.01298064442123247,0.4329608073453268,0.11526922862820006,-0.07145100014878643,3
1992-03-20 09:00:00,R02,0.2602361708353024,0.1809433165518782,0.18679734119460156,0.11618991678952646,3
1992-03-22 09:00:00,R02,-0.010042396623538723,0.1432502043231024,0.1499672361901384,0.12680594200419215,3
1992-03-23 09:00:00,R02/R03,-0.008847103380586472,-0.05716875458996763,-0.02929225422946327,0.0030602678459069055,4
1992-03-24 09:00:00,R02/R03,0.13279431367569772,-0.4005453720761889,-0.22506637189746673,0.08674203032427301,2
1992-03-25 09:00:00,R01/R02/R03,0.16213527321066035,-0.43019833274240654,-0.3470165695199552,0.16712491385523742,2
1992-03-26 09:00:00,R02/R03,0.2373028214534297,-0.5961317406963353,-0.36233497408912496,0.06948803833631342,2
1992-03-29 09:00:00,R03,0.629570863940664,-0.1733379324988573,0.29409646055119537,-0.026775609388376472,2
1992-03-30 09:00:00,R03,0.3876608801531282,-0.03295643840269813,0.15531322483137394,-0.17560350672261643,2
1992-04-20 09:00:00,R01,0.43176537119174757,0.029838040345749085,0.41472589112868863,0.13193634284958516,4
1992-04-26 09:00:00,R01,-0.47063210792787324,0.33341191165843725,-0.08993162643748745,-0.11348619542913865,1
1992-04-28 09:00:00,R01,-0.4081257257170674,0.04923299718570907,0.047418263094422486,0.20434768542845794,1
1992-12-23 09:00:00,R01,-0.491183699697235,-0.06828670528978587,0.07112537390300015,-0.3505631498714642,1
1992-12-30 09:00:00,R01,-0.40034927515677643,-0.3369796289472066,0.4103626440234867,-0.1041032998974812,4
1992-12-31 09:00:00,R01,-0.2069408893113344,-0.49615025137980867,0.463141772791495,-0.09493090430086071,4
1993-01-05 09:00:00,R01/R02,-0.10705193775758128,0.15251335931217846,0.367331329203492,0.40806872044349274,4
1993-01-07 09:00:00,R03,0.22854655882367778,0.631473833740847,0.28620074530188716,0.32029252328465274,3
1993-01-08 09:00:00,R03,0.05207359623797329,0.6829986756728982,0.32219195048179006,0.0787930991875842,3
1993-01-09 09:00:00,R03,-0.26480371255781665,0.6228604752816501,0.2563974618451726,0.014787279767460783,3
1993-01-12 09:00:00,R03,-0.38951165516115244,0.48541548066962087,-0.44242257609785146,0.25459717996640385,1
1993-01-13 09:00:00,R03,-0.2787291619429835,0.33348381725661247,-0.5452239743385707,0.30005426517201844,1
1993-01-15 09:00:00,R02,-0.13251072498327884,0.0007857940104011392,-0.30724605885713524,0.5037305748299918,1
1993-02-04 09:00:00,R01,-0.6115748164099091,-0.06718340768317058,-0.23974022923669358,-0.01462085778533432,1
1993-02-05 09:00:00,R01,-0.6387512755153504,-0.17007864064904785,-0.4366069175647577,-0.07567989868755362,1
1993-02-06 09:00:00,R01,-0.6157192669139973,-0.2321631316227583,-0.3172116188682123,-0.2109905438039345,1
1993-02-07 09:00:00,R01,-0.6137604251613983,-0.27334777651517356,-0.0779008909594829,-0.2158996577650171,1
1993-02-14 09:00:00,R01,-0.5451181023641517,0.10153026769328029,0.30931351462170914,0.10598459276397905,1
1993-02-18 09:00:00,R03,0.10104347073450022,0.2670834673694275,0.541917760798915,0.223585158998008,3
1993-02-19 09:00:00,R03,0.08257096937235908,0.4033832390389996,0.48863731139205197,0.2980981553409927,3
1993-02-22 09:00:00,R01,0.2922108338920738,0.1413484382693776,0.24023098945543897,-0.2852888202823641,2
1993-02-25 09:00:00,R02,0.726898101472003,-0.3445135337013979,0.10457160634679204,-0.03152305989378336,2
1993-02-26 09:00:00,R02,0.7220786531513557,-0.22696854027660682,0.15970267581055464,-0.060439802885324044,2
1993-03-10 09:00:00,R01,-0.15153577747127944,-0.2883914666641819,0.6290496616078514,0.0724347380901701,4
1993-03-11 09:00:00,R01,-0.24580646674993822,-0.07452951847362972,0.49228674284195817,0.14660076299861644,4
1993-03-20 09:00:00,R01,-0.34675846636295643,0.6789989442107408,0.03692482083479669,0.04434538305909611,3
1993-03-22 09:00:00,R01/R03,-0.3211030264071833,0.11116081926756109,-0.23433803579812273,0.4400606838591241,1
1993-03-23 09:00:00,R02,-0.06282389530664836,0.2300470919823638,-0.1778499043261133,0.6720060816866542,3
1993-03-24 09:00:00,R02,0.05364577715897989,0.3467605309774338,-0.1875414811670093,0.6187329406195555,3
1993-03-25 09:00:00,R03,0.19222698338827923,0.3040146387732673,-0.2411926432197514,0.3660817917754601,3
1993-03-26 09:00:00,R03,0.3762766644706623,-0.04057233601711369,-0.2132873116976508,0.12071766768101798,2
1993-04-13 09:00:00,R01,0.10159274830515551,-0.2684019376409146,-0.3089443537326202,-0.2657368970381842,2
1993-04-27 09:00:00,R01,-0.3354042396267147,-0.1746498063177777,-0.18903201518068102,-0.17737112815198228,1
1993-04-28 09:00:00,R01,-0.18212113248671247,-0.3515572652663837,-0.17896007116227303,-0.23152629805686822,1
1993-05-04 09:00:00,R03,0.0976344211730159,0.017697490609942912,0.14159499575280116,-0.20027013465422597,4
1993-05-07 09:00:00,R01,0.10450283068378159,-0.45968323265251404,0.21812558125494122,0.08541195949612737,4
1993-05-08 09:00:00,R01,0.12262473271796076,-0.3500753672507647,0.268027109484171,0.3911352051226278,4
1993-05-24 09:00:00,R01,-0.30596941513713216,-0.0788635376779961,0.4221900329020494,0.10907910087480736,4
1994-01-11 09:00:00,R02,0.6889147956060314,-0.1484466006756039,-0.19752463123340278,-0.02483887857584641,2
1994-01-12 09:00:00,R02,0.6050314331059293,-0.024353385407800642,0.04172938412014357,0.2687003876370986,2
1994-01-15 09:00:00,R03,0.3857540541923527,0.6496601951794806,-0.2687816089324957,-0.13697834557753077,3
1994-01-16 09:00:00,R03,0.3426312000447281,0.2662005032394978,-0.35034582802580827,-0.5178911887944422,2
1994-01-25 09:00:00,R01,-0.1069355871141638,-0.28356098467675755,0.12211318431913266,-0.1660090836079533,4
1994-01-26 09:00:00,R01,-0.14314511802248636,-0.36610488469074154,0.13576638885694237,-0.029678938032486835,4
1994-01-27 09:00:00,R02,0.07834325225370829,-0.2772477359441787,0.33814160993125036,0.2207999862321613,4
1994-02-08 09:00:00,R02,0.16112694811742467,-0.05789171733082767,0.30508888100551934,0.0277249144427519,4
1994-02-09 09:00:00,R03,-0.07186590460334319,-0.21688287659131744,0.3836942488263815,0.17807697027917355,4
1994-02-20 09:00:00,R02,0.563485410526579,0.014898176515109612,-0.0957252911032162,0.39174110319881555,2
1994-02-21 09:00:00,R02,0.5076732835694927,0.3207832957716221,-0.032936915700529694,0.09822275533647894,3
1994-02-22 09:00:00,R03,0.09001438114479365,0.5233037477161269,-0.03520487260132515,-0.013340165913500734,3
1994-03-11 09:00:00,R01,-0.3592370535720414,0.4059773377809295,-0.12124288225370221,-0.03186267673896791,1
1994-03-12 09:00:00,R01/R02,-0.43333523781164424,0.35077319953321606,-0.06540084102904871,-0.12955960547275228,1
1994-03-13 09:00:00,R01/R02,-0.4274207606493791,0.15084569491147132,0.05303622467150608,-0.11395847517488274,1
1994-03-17 09:00:00,R01,-0.12871506057261747,-0.4193533382680311,-0.1307587157218024,-0.13820535614630935,4
1994-03-28 09:00:00,R01,0.14230040798760685,-0.035805984886773404,-0.05477423717046086,-0.06059327627045414,2
1994-04-03 09:00:00,R01,0.019669490006049506,-0.3892760017217534,0.04654948227274676,0.1894641014929177,4
1994-04-04 09:00:00,R01,0.11298357326230489,-0.28335275633201573,0.05502645741238858,0.5345675601724484,4
1994-04-05 09:00:00,R02,0.35500651517072757,-0.1850885071299927,0.015107309540015315,0.5182167463354033,4
1994-12-05 09:00:00,R01,-0.7280179491436304,-0.07165796455104947,0.21031713292141987,0.09162208820298677,1
1994-12-06 09:00:00,R01,-0.6247254150218505,-0.03711155242053676,0.024222352173310178,0.35850685589698933,1
1994-12-07 09:00:00,R01,-0.36862297196799465,0.028390724304757472,-0.20296777946606448,0.49760043049143426,1
1995-01-08 09:00:00,R03,0.6555050044841317,-0.036349082536700106,0.1955034163479101,0.10956102846449554,2
1995-01-09 09:00:00,R03,0.6508936290236309,-0.06907648563506642,0.30381492616076905,0.1246644648410706,2
1995-01-17 09:00:00,R03,0.10589075685580146,0.37100944456579105,0.43051520777652824,-0.14198039146491434,3
1995-02-06 09:00:00,R01,-0.35822378978106845,0.39006597979644253,0.37992925839531055,-0.23067439247464008,1
1995-02-07 09:00:00,R01,-0.429401295434102,0.4272469822189162,0.21766934873847815,-0.14491580042948096,1
1995-02-08 09:00:00,R01/R02,-0.46764848317150803,0.3731320329524646,-0.08555800341585923,-0.28291716733986644,1
1995-02-09 09:00:00,R01/R02,-0.32539050526578034,-0.06403400119593025,-0.2610880748208593,-0.35903723180568514,1
1995-02-14 09:00:00,R02,0.25722116140233275,0.29666689387569983,-0.2040901940088466,0.2550757418911595,3
1995-02-15 09:00:00,R03,0.04033875940709593,0.48333610861358695,-0.017721817833172962,0.21312114875024235,3
1995-03-07 09:00:00,R03,0.715288547177574,0.05112245697794075,-0.24209952476558744,-0.024315383333813865,2
1995-03-08 09:00:00,R03,0.699072236238825,0.056664349488716965,-0.31869384306827064,-0.02465534828593661,2
1995-03-09 09:00:00,R03,0.7139672715699615,0.1294867828048358,-0.2540120524039186,-0.02716318241415349,2
1995-03-19 09:00:00,R01,-0.11377015078083537,0.15414703938526472,0.08380547230865008,0.011460057217912366,3
1995-03-21 09:00:00,R01,0.2123738626763546,-0.005573162310885129,-0.03685960243690677,-0.23640019957442446,2
1995-03-22 09:00:00,R01,0.3131156577496608,0.012400571126418588,0.1314941202270816,-0.16616029238210064,2
1995-03-23 09:00:00,R01,0.29679443768200325,0.09467404248837456,0.3353300002984978,0.04118230349776843,4
1995-04-17 09:00:00,R01,0.6135625096353452,-0.36495520078935817,0.22175829455774268,-0.20979992539181616,2
1995-04-21 09:00:00,R01,0.22094669875235645,0.12089022186257091,-0.27794453412724746,-0.1076173376476548,2
1995-04-24 09:00:00,R01,0.2642532530333075,-0.2702422016045137,-0.29710869194673384,-0.10964830442621681,2
1995-04-25 09:00:00,R01,0.38853158333293325,-0.44656546066940916,-0.2906655525930848,-0.1259453204988955,2
1995-05-14 09:00:00,R03,0.4405678663173138,-0.19330466508087224,-0.23801862771029061,-0.14726035505783613,2
1995-05-15 09:00:00,R03,0.48344095507575924,-0.04169016182717994,-0.2273646723142291,-0.1252360501569819,2
1995-05-16 09:00:00,R03,0.44635605592385336,0.08721657612805374,-0.2699328704758976,-0.07473135590017078,2
1995-05-17 09:00:00,R03,0.5084095386788122,0.1940444926028908,-0.36127235245670225,-0.048414829706086536,2
1995-05-18 09:00:00,R03,0.5596006640932916,0.3087339786671764,-0.3777770546284361,0.002655802084538784,2
1995-05-19 09:00:00,R03,0.6504167588756588,0.2578377169733744,-0.34472394585600485,-0.08759137283529798,2
1995-12-07 09:00:00,R01,-0.17813271290674487,-0.4472441322577943,0.031784996347474365,0.20022265160343022,4
1995-12-17 09:00:00,R01/R02,-0.5697663411064963,-0.16984369098212937,-0.05021353428302143,0.052656011039955035,1
1996-01-15 09:00:00,R02,0.4079711058400251,0.3855060951936384,-0.034662046357236194,0.3867485370879679,3
1996-01-16 09:00:00,R03,0.19504252597884042,0.5005439225469178,-0.06719946622755404,0.10093853733897953,3
1996-02-06 09:00:00,R01,0.35859548852050566,-0.44280312010781003,0.21947508577232985,-0.28393361028780556,4
1996-02-21 09:00:00,R03,0.29485688569437873,-0.2285945330520454,-0.4279324509154425,-0.31481599843228714,2
1996-02-23 09:00:00,R02,0.6403393132605552,-0.38281233412152793,-0.13336690347222663,0.04126597245411928,2
1996-02-24 09:00:00,R02,0.6842084233680531,-0.1606614738535113,-0.0028455623317700197,0.08655997831426893,2
1996-02-25 09:00:00,R02/R03,0.4760927989786399,-0.053239059811138634,0.026441923884952128,0.0740819875523965,2
1996-02-26 09:00:00,R03,0.2257745834346224,-0.08450168903587937,0.002260484923704431,0.061981226855998266,2
1996-03-04 09:00:00,R01,0.1977630878118075,-0.23165950415657602,0.3823827242908804,-0.5458567728551477,4
1996-03-05 09:00:00,R01,0.23486193247483667,-0.07794436897747702,0.4244190839374366,-0.4220190194868802,4
1996-03-08 09:00:00,R01,0.0339926800775954,-0.06733076797336868,-0.10018106681529837,-0.2919984986356324,2
1996-03-09 09:00:00,R01/R02,-0.0005701994020268032,-0.11647348103240777,-0.13886888770295652,-0.3996726406658152,2
1996-03-10 09:00:00,R01/R02,0.07470136268699343,-0.24520880919759505,0.07381805560075277,-0.49017570237899777,2
1996-03-11 09:00:00,R01/R02,0.209146481984214,-0.3151257708985061,0.04721902424980251,-0.43101256107028746,2
1996-03-12 09:00:00,R02,0.20102663988297648,-0.34993526869500213,-0.19700694981684852,-0.3846483017106343,2
1996-03-13 09:00:00,R01/R02/R03,0.18906994013742104,-0.42213818011875365,-0.28554089023353496,-0.21068296603799713,2
1996-03-14 09:00:00,R01/R02/R03,0.3116833649072129,-0.41681279722822934,-0.35855077373447797,0.05469456765247251,2
1996-03-15 09:00:00,R01/R02,0.39525078774079625,-0.49721808236713705,-0.2908465644938992,0.1490199543990394,2
1996-03-17 09:00:00,R02,0.4388742533025033,-0.4046651168431788,0.012835033394892437,0.15741756469329563,2
1996-03-18 09:00:00,R03,0.32970821406922346,-0.22238644276163705,0.2173065529080187,0.2752137568314531,4
1996-03-23 09:00:00,R03,-0.13143785185903986,0.6255883795052047,0.014222518103612483,-0.0946191469353977,3
1996-03-24 09:00:00,R02/R03,-0.28416709301088866,0.6369179802409878,-0.04890695574112691,-0.092768305628646,3
1996-03-26 09:00:00,R01/R02/R03,-0.5654632697792815,0.3172321271798323,-0.23184905403719472,-0.29980690678614985,1
1996-03-29 09:00:00,R02/R03,0.43877733889919246,0.017487016975601,-0.030716270490344345,0.18745732978594792,2
1996-03-30 09:00:00,R03,0.5244915770087323,0.24599276095212988,-0.08265966493567449,-0.11072726403523199,2
1996-03-31 09:00:00,R03,0.48879478438139085,0.24727013449125518,-0.05608431244489893,-0.2563870725564999,2
1996-04-26 09:00:00,R01,-0.3334039701471976,-0.11619759837858891,0.09567498989267134,0.23525339238268664,1
1997-01-18 09:00:00,R01,-0.36325133517618596,-0.10363573970184047,-0.03132831267751177,0.5750953710093543,1
1997-02-23 09:00:00,R01,-0.537010402686427,0.45991795549756204,-0.05067336760380835,-0.21591098748934132,1
1997-02-28 09:00:00,R01,-0.0007569485089297118,-0.030925980687291493,0.06356777456549337,0.1624715281173709,4
1997-03-06 09:00:00,R01,-0.46551876305114087,0.07935705815087941,0.330341683929465,0.029733185300880424,1
1997-03-08 09:00:00,R01,-0.427044016366578,0.08674512467276271,0.40876299514530473,0.16533994230064705,1
1997-03-10 09:00:00,R01,-0.28532529671480583,0.19080372428518885,0.46387093435927035,0.4044655416096699,4
1997-03-15 09:00:00,R02,-0.1140423181164184,0.17675724973390003,0.31112387841716743,0.2920298035111866,3
1997-03-16 09:00:00,R02/R03,-0.23698120943787382,0.2047006116200042,0.30820663747608085,0.12125325086880376,1
1997-03-17 09:00:00,R01/R02/R03,-0.2947158812413447,0.2283285489176336,0.3218986585384322,0.02561013431674665,1
1997-03-18 09:00:00,R02,-0.32400447004449273,0.27618096958378363,0.25667817087691513,-0.049176250579419475,1
1997-03-27 09:00:00,R01,-0.3131093588022444,0.11481951231454833,0.30631097858943446,-0.029628060497800042,1
1997-04-11 09:00:00,R01,-0.4880067989985646,-0.07129127360548466,0.5024378200274805,-0.04674532930913852,1
1997-05-06 09:00:00,R01,-0.05931414836451081,-0.09844716085940304,-0.15350015900732641,0.1404822181024726,1
1997-12-01 09:00:00,R03,0.4038873027261712,-0.17083942567200067,0.28326843260043943,-0.0789762907653396,4
1997-12-08 09:00:00,R02,0.5190108853201134,0.20576020551678928,0.3679758519328135,0.01965944988972733,3
1997-12-09 09:00:00,R02/R03,0.21345548423494531,0.2876434015914624,0.35278902572413295,-0.23101114831414843,3
1997-12-10 09:00:00,R03,-0.019425377297475618,0.11961869291743117,0.3280104538061873,-0.11651874756270833,4
1997-12-14 09:00:00,R03,0.26356214196384853,-0.03222915591966673,0.28870903475366877,0.029176817663702045,4
1998-01-03 09:00:00,R01,0.047762828652527074,0.04028805098944463,0.0884559565670661,-0.04466361763173926,4
1998-01-06 09:00:00,R01,-0.2143725212661646,-0.1461981476459369,-0.40032020660890905,-0.41315402841610827,1
1998-01-07 09:00:00,R01,-0.10198063735975356,-0.058427473898161046,-0.14289168309539924,0.0649681022685936,1
1998-01-21 09:00:00,R03,0.27897306308146347,-0.10600404613376722,0.1019030684400031,-0.01541850741387597,2
1998-01-26 09:00:00,R03,0.2136866328290806,-0.2863880711989335,0.2680844905807883,-0.23751958774391405,4
1998-01-30 09:00:00,R01,-0.1248087881109768,-0.04247883563074658,0.2922561945245803,-0.4960837282961164,4
1998-02-09 09:00:00,R01,-0.4269963141938449,0.18040077620570558,0.26569960313913277,-0.13644471956442877,1
1998-02-10 09:00:00,R01,-0.5269787497070625,0.1786555279653463,0.14483744160189738,0.10537609449293994,1
1998-02-13 09:00:00,R01,-0.6151718073619451,-0.13188029353906375,-0.11930974596098048,0.28814828050416175,1
1998-02-14 09:00:00,R01,-0.5158213044368954,0.0229744979393478,0.0912328715214045,0.35401959378836734,1
1998-02-19 09:00:00,R03,-0.45729050861857906,0.41522961450737217,0.14644107784239332,0.3909724058229377,1
1998-02-24 09:00:00,R02,0.4030650379864753,0.11292969001969044,-0.24453701690866153,0.2773252020213233,2
1998-03-02 09:00:00,R01,-0.27767344760146706,0.1664539825845579,-0.07937349134548474,0.06503284318122052,1
1998-03-03 09:00:00,R01,-0.3545644793635775,0.1125258743002217,-0.08283419191193325,0.38196495258411106,1
1998-03-04 09:00:00,R02,-0.3100463775189305,0.24016517111277472,-0.11428318959289968,0.5964294648928773,1
1998-03-06 09:00:00,R03,-0.03209749614793284,0.5425172965322567,-0.2844238252078909,0.1867319849081324,3
1998-03-07 09:00:00,R03,-0.15153621369658135,0.6081088219752745,-0.36691447092853996,-0.026007718885786537,3
1998-03-19 09:00:00,R01,-0.19009392886438442,0.44542317314397495,0.3261557612766504,-0.27102678643098543,3
1998-03-22 09:00:00,R03,0.1834963231851077,0.2433989983325644,0.5296351457966579,-0.12305914208343138,3
1998-03-23 09:00:00,R03,0.21445357778712362,0.4232904151678979,0.4427734139829087,-0.1875669507044767,3
1998-03-24 09:00:00,R03,0.11698049234121387,0.37713210629468175,0.3373344003124308,-0.3817793666772031,3
1998-03-30 09:00:00,R01,-0.42535516225905706,0.26992304443809817,0.35304439298607126,-0.37001678402120247,1
1998-03-31 09:00:00,R01,-0.5920976998188321,0.04611574012165251,0.37719493339821547,-0.06777747784718607,1
1998-04-01 09:00:00,R01,-0.4484303421932905,-0.02001592229584803,0.3353861273690697,-0.0382742935746934,1
1998-04-05 09:00:00,R01,-0.3577582621741726,-0.04217662687567891,-0.37575271003850297,0.053966483914936796,1
1998-04-06 09:00:00,R01,-0.12608554044891493,-0.2415984385705009,-0.4215942163639145,0.2528763952911081,1
1998-04-21 09:00:00,R03,0.06550037420017799,0.11620560919799648,-0.057354889504822766,-0.3083214641134869,2
1998-04-22 09:00:00,R03,-0.06638049398245198,0.07597537851351432,0.057060513424766944,-0.3870136239335844,1
1998-04-24 09:00:00,R01,-0.13742850702127568,-0.37944492611353053,0.4116308789379879,0.0994941662686871,4
1998-04-25 09:00:00,R01,-0.027598121755704873,-0.10457658462006963,0.5071087401269749,0.3575448968019211,4
1998-05-02 09:00:00,R01,-0.025829995661262876,-0.5557255049234707,-0.1972304071187836,0.08158223038411355,4
1998-05-18 09:00:00,R01,0.2638286349657836,-0.19893977634228754,0.3172586071365972,-0.10437873982834438,4
1999-02-06 09:00:00,R01,0.22754829172774907,-0.16513947911407645,0.554010609698134,-0.0649186797818103,4
1999-02-21 09:00:00,R01,-0.24524536439181308,-0.010378662906996421,0.4970812635804397,-0.25301789671375025,4
1999-02-22 09:00:00,R01,-0.09575685250212132,-0.19892053659555886,0.35509806472355077,-0.06411449473832484,4
1999-03-01 09:00:00,R01,-0.3659806011293794,-0.1841632569338325,-0.32634472163089995,-0.022980813184991077,1
1999-03-03 09:00:00,R01,-0.08424833085751474,-0.3798518141044985,-0.3421582369816805,-0.03271675919618542,1
1999-03-06 09:00:00,R01,0.4454403831708192,-0.47566394207898566,-0.49446474274999036,0.04834321870518785,2
1999-03-07 09:00:00,R02,0.5227346318710284,-0.3289977492292299,-0.4681140594496504,0.1142022077428296,2
1999-03-08 09:00:00,R02,0.5119978904856769,-0.05808566205931614,-0.45243476216585543,0.027653487037039456,2
1999-04-06 09:00:00,R01,-0.4514036378429799,0.22350113896458726,0.43908701245028914,0.13091792958537837,1
1999-04-09 09:00:00,R01,-0.15828429252554516,-0.30634619955445597,0.022987242403669776,-0.010986251392512813,4
1999-04-10 09:00:00,R01,0.029120420649818415,-0.4736998748922713,-0.09432139630355854,0.19418881841121888,4
1999-05-27 09:00:00,R03,0.334440374639419,0.2669664538318796,0.22528897548282326,0.1252262664160947,3
1999-05-28 09:00:00,R03,0.3966790457108349,0.32619770070449633,0.1181979809722494,0.20824266407740377,3
1999-05-29 09:00:00,R03,0.35360984648005767,0.3828136577992554,0.01705257735494492,0.3236046548792608,3
1999-05-30 09:00:00,R03,0.24821692250805893,0.4407774875024642,0.04599318758230422,0.3427417251105968,3
1999-05-31 09:00:00,R03,0.16264528719145832,0.5155886512653646,0.06188419504601864,0.2736599682310103,3
2000-01-12 09:00:00,R02,0.32683912016236794,-0.0354888873273922,0.08599449200427127,0.2864139012116696,4
2000-01-18 09:00:00,R01,-0.18861424610449426,0.016808606085030462,0.4986007640722637,-0.31124778522285074,4
2000-02-25 09:00:00,R03,0.04833624336302682,0.6057481972354057,0.27931989491029807,0.024051777181876306,3
2000-04-24 09:00:00,R01/R03,0.09908901534865662,0.374816198736185,-0.09099147370120966,-0.3289500759534673,3
2000-04-29 09:00:00,R03,0.1448042975348221,0.06701532320989764,0.042856384627005945,0.055841145265037265,3
2000-05-24 09:00:00,R02/R03,0.04814855712179805,0.2372434352097049,-0.0363268299721005,-0.2848907379514012,3
2000-05-25 09:00:00,R02/R03,0.13784143093287793,0.2223179787771747,-0.028869912366556175,-0.17549540956379428,3
2000-05-26 09:00:00,R02/R03,0.13453795401291052,0.13939569611943056,-0.013612808051241125,-0.016097372931254628,3
2000-05-27 09:00:00,R02/R03,0.1718799290709131,-0.040395501092404966,-0.03991933176656526,0.05332752152814495,2
2000-05-28 09:00:00,R03,0.2663160015222744,-0.11010493057717816,-0.007496092809756352,0.10305313616241828,2
2000-12-16 09:00:00,R01,0.17607904787774575,-0.62372846938264,-0.23390966116023676,-0.13569775293529926,2
2000-12-31 09:00:00,R02/R03,0.7471719747523304,-0.04965549579430243,0.0331607898656908,-0.1956463031399736,2
2001-01-01 09:00:00,R03,0.5931987356230571,0.24292368270593961,0.002224851939565018,-0.0901721885160981,2
2001-01-30 09:00:00,R02,0.6212004290974932,-0.42896668585566305,-0.09357537922641407,0.10738344667769861,2
2001-02-22 09:00:00,R01,-0.39419244317956253,0.27706367232703655,0.36892159118168205,-0.28532164298729495,1
2001-02-26 09:00:00,R03,0.44197706158727984,-0.2817314493944974,-0.12517389649062016,-0.1984343200106833,2
2001-03-23 09:00:00,R03,-0.08549053308609819,0.4781798045332945,-0.3844013188265651,-0.22467764868990764,3
2001-04-27 09:00:00,R03,0.14410626107995161,0.20129696603351094,-0.3886420137932263,-0.22560628627643944,2
2001-12-06 09:00:00,R01,-0.17283199261781515,0.5218117641644163,0.1933399218744633,-0.2216036872910253,3
2002-01-11 09:00:00,R01,-0.6863107799468824,0.16605101114521026,-0.19365832252268186,0.08730376321613008,1
2002-01-12 09:00:00,R01,-0.5787335547360617,0.022691584119051436,-0.2678101282150188,0.17230988242775533,1
2002-01-13 09:00:00,R01,-0.22007798273193924,0.01135128921360319,-0.29791510211134536,0.3621765427393189,1
2002-01-24 09:00:00,R03,0.07795495079792197,0.14676007270363245,-0.4868328764466881,0.29617311673069613,3
2002-02-11 09:00:00,R02,0.1719165375390956,0.5099893176747571,0.2789298729624189,0.027002404859252267,3
2002-03-02 09:00:00,R02,0.027965462508680077,0.05866620990256034,-0.6387370455620017,0.04453960786235137,2
2002-03-22 09:00:00,R01,-0.2270138728486604,0.21841711229605512,0.1246644809008502,-0.21901658423908282,1
2002-04-04 09:00:00,R01,-0.0067077594657782,-0.5179117655197976,0.10893106495835705,-0.22730227313048745,4
2002-04-13 09:00:00,R01,0.17537362738528914,-0.639847133034297,-0.3677051608286048,-0.30747250362913503,2
2002-04-14 09:00:00,R01,0.24471939491194689,-0.6121095893456444,-0.23521412933167163,-0.21730275388953976,2
2002-04-22 09:00:00,R01,-0.17759026345071666,-0.22311769581352386,0.4936259458472609,0.2049644005273743,4
2002-05-13 09:00:00,R01,-0.2560964046740465,-0.3709625037383636,0.30308972540056506,0.048194470761004575,4
2002-05-14 09:00:00,R01,-0.3402321689945596,-0.10998300315101874,0.29884147112745496,0.1320072449604204,1
2002-05-19 09:00:00,R03,0.13855074295407988,0.47183354790070664,0.057775673377559233,0.11687003801149393,3
2002-05-20 09:00:00,R03,0.06584338939263973,0.3473571151776722,0.06663279826311362,0.09350809731303744,3
2002-12-12 09:00:00,R01,-0.5125692824335284,-0.16646908742024935,0.16885918449356288,-0.38215533128129314,1
2002-12-13 09:00:00,R01,-0.5641577128775401,-0.23895565958310444,0.04736725452587366,-0.321302507747668,1
2002-12-14 09:00:00,R01,-0.5167793764192333,-0.16259744939148024,0.06342029448603367,-0.20282860048555118,1
2003-02-15 09:00:00,R01,-0.13808168563698262,-0.39274767864857624,0.2996142316079075,-0.2719414446425143,4
2003-02-16 09:00:00,R01,0.02838920688662278,-0.6189062567790631,0.35907824934892346,0.009871808795297475,4
2003-02-17 09:00:00,R01/R02,0.14991540736275416,-0.5570638945751706,0.3550391598618991,0.2648906317141223,4
2003-02-18 09:00:00,R02,0.2257666235910415,-0.2531260731990438,0.5068264214472767,0.21618592976942336,4
2003-02-19 09:00:00,R02,0.03554511498919637,0.0819496205774002,0.6015207123845883,-0.0035540876885419757,4
2003-02-21 09:00:00,R01,-0.2459544182812196,0.10025698529404595,0.4914259035563449,-0.33229734848937326,4
2003-02-27 09:00:00,R01,-0.3681417878162328,-0.09940210367254812,-0.0016689666079869523,0.029283703920202242,1
2003-03-13 09:00:00,R01,-0.32424131063702244,0.3482315726708981,-0.16856966346875746,-0.34453347075838964,1
2003-03-14 09:00:00,R01,0.06647067004906232,-0.05722562146174079,-0.03903534038550173,-0.11011050519634553,2
2003-03-27 09:00:00,R01,-0.5852710526203078,-0.14720428729036836,0.3215332316421554,-0.08398576817084798,1
2003-03-31 09:00:00,R03,-0.31822636025811035,0.2012748370912586,0.1528796802330029,-0.001532669198359513,1
2003-04-14 09:00:00,R01,-0.08077992934873775,0.01509628218164975,-0.08470410931082496,0.11005030537326463,1
2003-04-15 09:00:00,R01,-0.08400886938124127,0.01976817889006429,-0.1416058120741754,0.15924501965107773,1
2003-04-18 09:00:00,R01,0.3356853193763227,-0.1619487498155587,0.2918069493012818,0.29546213780583686,4
2003-05-04 09:00:00,R03,-0.038866772248087725,0.3839395434117231,-0.3689359846568788,0.5291233825706372,3
2003-12-06 09:00:00,R01,-0.46473969947593574,0.18060978534989533,-0.29921140729160545,-0.4458821174007779,1
2003-12-07 09:00:00,R01,-0.09582684588420161,-0.06428705964503399,-0.005136655283076743,-0.5683311267068004,1
2003-12-16 09:00:00,R03,0.542303922613515,0.2468112455092989,0.4081990929094966,-0.3689866096631157,2
2003-12-17 09:00:00,R03,0.4193352487019238,0.39178471434488804,0.41894249429507413,-0.30364977057178866,3
2004-01-08 09:00:00,R01,-0.16021895268118436,0.4134775907473758,0.295936860499369,-0.5257701286607555,3
2004-01-15 09:00:00,R01,-0.02920007535044127,-0.24738397837836107,-0.26664184392583934,-0.3733902113055449,2
2004-01-21 09:00:00,R02,0.6081142075101921,-0.27625767467065415,0.1730047931629674,0.014901485658204504,2
2004-02-07 09:00:00,R01,-0.5344979994513074,-0.03378078928905711,-0.4238350656830047,0.03234892385390391,1
2004-03-14 09:00:00,R01,-0.5700028111167702,0.02390575421451875,-0.23671017745141987,-0.05275630160380861,1
2004-03-15 09:00:00,R01,-0.5771804815284355,-0.01595896472139114,-0.3034108962635543,-0.08378489556339329,1
2004-03-16 09:00:00,R01,-0.6130722391412934,-0.04512112544902245,-0.22492984851100387,-0.06435182495930462,1
2004-03-17 09:00:00,R01,-0.6670284381154449,-0.006861430082133841,-0.026345938867018224,0.06972344691819615,1
2004-03-20 09:00:00,R01,-0.4849092321398901,0.07679682448381678,-0.2490583158253841,0.28022331706518033,1
2004-03-28 09:00:00,R03,0.39543779945257307,-0.06314041565841332,-0.45752120544169883,-0.3150167230403991,2
2004-04-02 09:00:00,R01,-0.16593769355270932,-0.1589314563048567,0.2114350318828656,-0.10645811225703376,4
2004-04-14 09:00:00,R02/R03,0.15963072742184978,-0.1775988961567437,-0.3971407782716537,-0.2486655531427383,2
2004-04-15 09:00:00,R02/R03,-0.07673415794755083,-0.11453890281004207,-0.24518268945979763,-0.23413976426924313,1
2004-04-16 09:00:00,R01/R03,-0.28849638436940733,-0.15384048926801996,-0.20659319841426044,-0.0927945161502422,1
2004-04-30 09:00:00,R02,0.45539661768722617,0.08296115069880798,-0.16397950039598555,-0.1659994412682692,2
2004-05-06 09:00:00,R01,0.36883359330286736,-0.5807642388934399,0.02945216061544776,-0.1556463697708183,2
2004-05-11 09:00:00,R03,0.4138680397685542,-0.22711253428977868,0.0037812072036624016,-0.4734533398475702,2
2004-05-13 09:00:00,R03,0.23951789361992723,-0.3875542894641932,-0.02476287037286359,-0.47654522848870223,2
2004-12-16 09:00:00,R01,-0.6772759671119822,-0.19432876075594313,-0.05514705693338727,-0.29600149816921384,1
2004-12-17 09:00:00,R01,-0.42252301859766206,-0.5625207771170982,0.013230586166534164,-0.16404211886515904,1
2004-12-18 09:00:00,R01,0.07844003547961496,-0.3668618382138422,0.19529977725929307,0.07458289845238009,4
2004-12-27 09:00:00,R01,0.27404355669456903,-0.5811203920875114,-0.5481170118458004,-0.021105583099915,2
2004-12-28 09:00:00,R01,0.40974114070387896,-0.5804884487870734,-0.41617337213169403,0.025480838162592865,2
2004-12-31 09:00:00,R01/R02,0.48185808946621717,-0.25846911025321057,0.3207903092455513,0.4048579294226879,4
2005-01-01 09:00:00,R02,0.5525349760028582,-0.11568713500317354,0.3620099368163056,0.38681711565578825,4
2005-01-28 09:00:00,R03,0.6731785396643873,-0.4030639534913183,-0.042501857839537534,-0.08440384681951686,2
2005-01-29 09:00:00,R03,0.7349190018196519,-0.355716543584035,0.08583105848126497,-0.04567260318487587,2
2005-01-31 09:00:00,R03,0.568091043478475,-0.10044082208224583,0.29610072092674866,-0.2456445802992666,2
2005-02-01 09:00:00,R03,0.47846191146672934,-0.0336036848330781,0.4337398848710281,-0.36696380088857095,2
2005-02-09 09:00:00,R01,-0.132260688543799,-0.431908833256573,0.07009275972600922,-0.07064801417545837,4
2005-02-10 09:00:00,R01,-0.19555551995765785,-0.4176417670521432,0.2944229020191658,-0.014186357645366536,4
2005-02-12 09:00:00,R01/R02,-0.5070751721253854,0.2870466264249671,0.1477683939229685,-0.02956492408457795,1
2005-02-13 09:00:00,R01/R02/R03,-0.2806439295723492,0.21702273968058367,-0.10373337955940218,-0.19451308594348404,1
2005-02-15 09:00:00,R02/R03,0.5390734143429367,-0.17984973307863086,-0.08286232532850092,-0.011337943008716177,2
2005-03-16 09:00:00,R01,-0.5646154867227058,0.10709237484284649,-0.054819375390657905,-0.009243263269862516,1
2005-03-17 09:00:00,R01,-0.6292847030902895,0.06458960172338507,0.004521700718547673,0.2197854575611962,1
2005-03-23 09:00:00,R03,-0.20537562702901685,0.4214548166814675,0.09970413140734363,-0.05405643037494629,3
2005-03-24 09:00:00,R03,-0.4400933678485783,0.3184701207695614,7.242162684484707e-05,-0.014647819787875858,1
2005-03-25 09:00:00,R01,-0.5706801199319378,0.23387597703312982,-0.03697288617796766,0.14898466204628946,1
2005-04-04 09:00:00,R01,-0.35088581013758624,-0.06889629043376468,0.26988465976190007,-0.05647721363739141,1
2005-04-05 09:00:00,R01,-0.1996873335140877,-0.19293893985763105,0.10353559887831072,0.32492814100761197,4
2005-12-26 09:00:00,R01,-0.17817388368905968,-0.12024429976851665,0.10623161334067222,-0.5899264979759251,1
2006-01-14 09:00:00,R01,-0.31467384943152266,-0.05973584541624719,0.0885497276324315,0.02247937050388353,1
2006-01-15 09:00:00,R01/R02,-0.3114671977888261,-0.3767294596421193,0.0651635797081066,0.25065044531098796,4
2006-01-16 09:00:00,R01/R02,-0.26876959349183843,-0.39106944724568093,0.08989733542837766,0.38362921470186856,4
2006-01-17 09:00:00,R02,-0.31979047492003787,-0.2637460786908527,0.05349123564626382,0.2161668223500042,1
2006-01-27 09:00:00,R01,-0.044680004052420653,-0.2545160568945086,0.08226045372265875,-0.3213556105046223,4
2006-01-28 09:00:00,R01,-0.2905502789495638,-0.2722209933130139,-0.16459017066988452,-0.26390172889397484,1
2006-02-10 09:00:00,R01,-0.09351361135707337,-0.09390992433961216,0.2213247908368355,-0.5908825409849235,4
2006-02-16 09:00:00,R03,-0.22761026041642504,0.22705165052397402,0.05577410190982782,-0.5983164337149335,1
2006-02-17 09:00:00,R01/R02,-0.35449343278654616,-0.21748777090991092,-0.18075671523411332,-0.5276866202960382,1
2006-02-24 09:00:00,R01,0.37991897774188205,-0.6659580237381612,-0.19062483818834802,0.07763295482206069,2
2006-02-25 09:00:00,R01,0.54967069203393,-0.5249378329525803,-0.05241179848468992,0.018559460734329424,2
2006-03-11 09:00:00,R03,0.3639623023235968,-0.07604283252895461,0.02358398327006464,-0.4072537545014979,2
2006-03-30 09:00:00,R01,-0.09198048625133921,0.14050018470450934,-0.14650017743075114,-0.11498412767576321,1
2006-04-08 09:00:00,R01,0.07104554041826484,-0.1398177397215086,-0.30796926373123723,0.10196018102068849,2
2006-04-09 09:00:00,R01/R02,0.26993913403213016,0.2749469573235764,-0.367761841576676,0.1997868035362363,3
2006-04-10 09:00:00,R03,0.30074133236388934,0.41804201568415017,-0.5189531269432563,0.07157383768442252,3
2006-04-11 09:00:00,R03,0.37943379750896894,0.3136095931966943,-0.5689394036670228,-0.06397261973533089,2
2006-05-30 09:00:00,R03,0.47854836865939115,-0.101007255223918,-0.13005686798836452,-0.0729788519501426,2
2006-12-03 09:00:00,R01,-0.05297766138275351,-0.39256777810827487,-0.17270078228151292,0.6195519555113393,4
2006-12-04 09:00:00,R01/R02,0.2135354770369007,-0.2046794019728377,0.007323222258982412,0.5711409644146692,4
2006-12-05 09:00:00,R02,0.16522111995071545,0.28674038505718474,-0.019537499068729623,0.4114878151581957,3
2007-01-17 09:00:00,R01,-0.5421022029311732,0.03792083466643115,-0.433659078691576,0.16023763544352365,1
2007-02-10 09:00:00,R02,0.4461283135935195,0.04419194444009138,0.008376000419507082,0.11842103589115291,2
2007-02-26 09:00:00,R01,-0.12643996596709947,-0.06862322903930647,0.33933956775579033,0.1552366878627574,4
2007-02-27 09:00:00,R01,0.05310974126467711,0.03447252061506129,0.3266619187622576,0.3419433294124221,4
2007-02-28 09:00:00,R02,0.12791216532667557,0.495310528141275,0.11534541787413373,0.31671894403959183,3
2007-03-12 09:00:00,R02,0.2902400903779719,-0.13856753565677069,0.26983718344398394,0.4551369307121947,4
2007-03-13 09:00:00,R02,0.24519807774408303,0.20054111427207896,0.3454258692626881,0.3302764484906962,3
2007-03-16 09:00:00,R01,-0.5568115218318327,0.23531649525800852,0.03720019352629949,-0.2822890071875035,1
2007-03-17 09:00:00,R01,-0.6810706834462074,-0.12978020176037508,-0.03036783240409719,-0.19343923382820338,1
2007-03-18 09:00:00,R01,-0.5312947701989142,-0.3566564868783551,-0.03619537821745486,-0.03297492662305207,1
2007-03-19 09:00:00,R01,-0.07376822223050229,-0.500067237425642,-0.05561007811184422,-0.024693564031735223,4
2007-03-29 09:00:00,R01,0.0143599933253362,-0.6300837511626928,-0.028230154650379705,-0.2743213338779762,4
2007-03-30 09:00:00,R01,0.1720711213082549,-0.6785669931044696,-0.06188706513442051,-0.1573292649440877,4
2007-03-31 09:00:00,R01,0.24110298445936268,-0.5258751303571739,0.04795907293898741,-0.09271264445751097,4
2007-04-04 09:00:00,R01,0.028798690390098074,-0.40392333175453415,0.2392902816997423,-0.43129069602476644,4
2007-04-22 09:00:00,R03,0.026761334516577792,0.1483018907216731,0.026374926991728213,-0.14315978320296058,3
2007-05-17 09:00:00,R01,0.10522882298357837,-0.12071997526998474,0.1277974576519418,0.09143823570721597,4
2007-05-21 09:00:00,R02/R03,0.46709691660370445,0.16689403192293006,-0.19276529407574555,0.3241705617395552,2
2007-05-22 09:00:00,R03,0.45126986872770164,0.2436467305784495,-0.18558612945900882,0.24530553473446123,3
2007-12-20 09:00:00,R01,-0.5710104289704557,-0.10778310544339385,0.10917963970752154,0.13745911874048825,1
2008-01-07 09:00:00,R01,-0.14300601251381764,-0.29022603628342336,-0.08720001572562773,0.1750139663930262,4
2008-01-08 09:00:00,R01,-0.17213859779153323,-0.31217037975990264,-0.007167504140669417,0.2417733669840911,4
2008-01-09 09:00:00,R02,-0.12658626205069995,-0.16696595827421243,0.12426409850061645,0.4203014225005297,4
2008-01-15 09:00:00,R01/R02,-0.24989543577768275,-0.206930365575485,-0.46464903819950293,0.12786469689632712,1
2008-01-16 09:00:00,R01/R02,-0.006198916647890725,-0.37322201505086744,-0.31156753458119735,0.2734042729527925,4
2008-01-20 09:00:00,R03,0.10143669269190261,0.5901092846930996,0.05629462293563583,0.5006347823308777,3
2008-01-23 09:00:00,R03,0.27571412062988,0.5240984771558305,0.13609028767682563,0.3277316991875526,3
2008-01-24 09:00:00,R03,0.13332395604119995,0.5717127177579888,0.0864264425739167,0.42605897557006234,3
2008-01-25 09:00:00,R03,0.0816041901495243,0.6710570632828976,0.017923612155503976,0.40505806997872507,3
2008-01-26 09:00:00,R03,-0.15065706634397344,0.7359789796548537,0.017877329771114333,0.225687560727975,3
2008-02-08 09:00:00,R03,0.35145192968522593,0.4188957179823559,0.12487027267182194,0.3716710905892298,3
2008-02-09 09:00:00,R03,0.43841004112347054,0.37028741037218865,0.08224687693651339,0.3418119201819215,3
2008-02-20 09:00:00,R01,-0.6544740864308164,-0.016380075516485886,0.11338680564902805,-0.2118175875207347,1
2008-02-21 09:00:00,R01,-0.45803388713263726,-0.23547721681196312,0.0691484020117492,0.20827995435838034,1
2008-04-09 09:00:00,R01,0.12568305071632344,0.21725038293681684,-0.42575943728258125,-0.3252815318358593,2
2008-12-19 09:00:00,R01,0.26589025144313216,-0.6305681491476232,0.0723240821075138,0.16328071072613487,4
2008-12-20 09:00:00,R02,0.2886372303437537,-0.2295595702573957,0.36054336112905305,0.18663455462630685,4
2009-01-03 09:00:00,R01,-0.047503417608285206,-0.2125093599050389,0.11021627143173761,-0.12219898196605022,4
2009-03-01 09:00:00,R01/R02,-0.4346530004194648,0.13125980103132068,-0.12635226765123383,-0.5182784339921351,1
2009-03-02 09:00:00,R01,-0.37050970265340893,-0.18902900306165155,-0.09497940078192144,-0.4499804323411983,1
2009-03-31 09:00:00,R03,-0.11734820784461984,-0.26967738778540273,-0.4836360406851236,0.05501259061163123,1
2009-04-01 09:00:00,R01,-0.10379986294704559,-0.3647348762679395,-0.4160160259683849,0.20725514069633627,1
2009-04-05 09:00:00,R01,-0.058195131353785165,-0.3752330915537802,0.3347995169878347,0.49583957391278033,4
2009-04-14 09:00:00,R01,0.19602932345266932,-0.5665017630183625,0.36640240496601917,0.13234876462237188,4
2009-04-18 09:00:00,R03,-0.24985232947120858,-0.2701112715980048,0.029596690253026605,-0.2025188315900977,1
2009-05-24 09:00:00,R03,-0.1400981926792332,0.5196432714798926,0.10403231980286147,0.1643841265776304,3
2009-05-25 09:00:00,R03,-0.19355013900304158,0.5657901729601075,0.07331681539038604,-0.04515242201025783,3
2009-05-26 09:00:00,R03,-0.20327936578301306,0.549439903036984,0.0854546842108706,-0.13665496351877934,3
2009-12-09 09:00:00,R01,-0.04347086577824915,-0.006944742013452199,0.01433970206737244,0.2441880468970207,4
2010-01-12 09:00:00,R03,0.5772817875492027,-0.14973100985374402,0.09643777275727118,-0.15748962172028236,2
2010-01-13 09:00:00,R03,0.44074118126633444,0.024484026238059307,0.18661928237147316,-0.3593742826651728,2
2010-02-05 09:00:00,R01,-0.2790336889109075,0.2173988935604729,-0.2746200869701856,-0.1880957746853389,1
2010-02-06 09:00:00,R01,-0.16872764124106235,-0.04031062640087765,-0.2461156883898654,-0.09962150845489598,1
2010-02-07 09:00:00,R01,0.155578941928347,-0.19032375386358566,-0.07338312262270855,0.006629160196111052,2
2010-02-08 09:00:00,R01/R02,0.5413871506111944,0.01599402112599483,-0.022363132254205553,0.12405391791954132,2
2010-02-26 09:00:00,R01,-0.2016117236494003,0.12571441470764244,-0.23914286778788135,-0.33638080259174497,1
2010-02-27 09:00:00,R01,-0.1565785219387335,0.2014287441284253,-0.3006397154431333,-0.4387811934743651,1
2010-02-28 09:00:00,R01,-0.18601932976256694,0.24966823221236395,-0.4998512242296816,-0.28402743034411143,1
2010-03-28 09:00:00,R03,0.1324232919766029,0.23758288205655137,-0.27113571896248717,-0.2781726224436315,2
2010-03-29 09:00:00,R03,0.12208794200483665,0.41643324027150413,-0.3037824424763383,-0.20982162482892383,3
2010-03-30 09:00:00,R03,0.2093303775877807,0.29254722583198617,-0.5486320966863183,-0.2526116745889343,2
2010-03-31 09:00:00,R03,0.3093961231249774,0.05799547626404191,-0.5470087021035218,-0.27102633605443766,2
2010-04-19 09:00:00,R02/R03,0.4754141395233523,-0.2210856711892547,-0.35466323545522227,-0.0166559066815461,2
2010-04-20 09:00:00,R03,0.5729031458986679,0.00938649429203574,-0.11360239664593229,0.031115441564530548,2
2010-04-21 09:00:00,R03,0.44166408262622026,0.3197994709818014,0.04931383411973827,-0.11306174246696936,3
2010-04-24 09:00:00,R03,0.29684591032892715,0.13491186286953072,-0.36101645609663335,-0.22242406064363895,2
2010-05-03 09:00:00,R01,-0.018145182461483545,-0.10540233005310529,-0.2918715833455337,-0.1336791896312424,2
2010-05-04 09:00:00,R01,0.06309312568303281,-0.22569893784568687,-0.37013212177626015,-0.12831374617201416,2
2010-05-12 09:00:00,R03,0.36697497482671915,0.10243660705623242,-0.4913177893551186,-0.26849248029455935,2
2010-05-16 09:00:00,R01,0.4752172647643424,-0.37509329047589274,-0.23860854604594475,-0.21589318940271593,2
2010-05-17 09:00:00,R01/R02,0.5240647939964368,-0.2279380976117034,0.02154219262047079,-0.1936074351493415,2
2010-05-20 09:00:00,R03,0.2897713260958104,-0.050985629210632225,0.4537837845493201,-0.2579320099569503,4
2010-05-21 09:00:00,R03,0.16366193399181764,-0.14523049492597323,0.589211834526126,-0.09124019304176734,4
2010-05-22 09:00:00,R01,0.1877059719094805,-0.09458358810476446,0.6052266922754664,-0.060014269634902674,4
2010-12-08 09:00:00,R03,0.265663890325415,0.2230560361242141,-0.48186162923552994,-0.06552171828704882,2
2010-12-09 09:00:00,R03,0.2837350804810287,0.3205107254617899,-0.49186074348870945,-0.19881361314411505,2
2010-12-31 09:00:00,R03,0.3358185862614801,0.3516334379156073,-0.2900095801251415,-0.2589991336126509,2
2011-01-01 09:00:00,R03,0.2132831489139092,0.2600283479226892,-0.19160075792261796,-0.30430830761497946,2
2011-01-16 09:00:00,R03,-0.407682130025971,0.5628564336431305,-0.259351145601974,0.021855455461098898,1
2011-02-02 09:00:00,R01,-0.3437465315255156,-0.505258853765905,0.21880513215512368,-0.26811696604555896,4
2011-02-03 09:00:00,R01,-0.18203394680841836,-0.6349667901622716,0.36412413062978044,0.03695923476368912,4
2011-02-04 09:00:00,R01,-0.09019955882754001,-0.3979175633479394,0.48758767793163815,0.259570476051166,4
2011-02-07 09:00:00,R02,-0.254646475912045,-0.011196736102849488,0.1993388431450843,0.48534659055060375,4
2011-02-11 09:00:00,R01,-0.5842315489847892,-0.12683449212597578,0.048113226656371494,-0.036104378006346284,1
2011-02-12 09:00:00,R01,-0.38350884955419484,-0.3459365027974014,-0.0429594090548979,0.003936805369589355,1
2011-02-13 09:00:00,R02,-0.1253730664908126,-0.2551516520343336,0.03845030454892801,-0.024684690135951114,4
2011-02-14 09:00:00,R02,0.025035251757673117,-0.322094592549653,0.14269648785998054,-0.014063042745707363,4
2011-02-15 09:00:00,R02,0.1451746738183143,-0.15701565690666908,0.32840577929987785,0.012433691635650937,4
2011-02-17 09:00:00,R03,0.036807491320494524,-0.3385829054735979,0.03166394728440339,-0.0821731637070007,4
2011-03-19 09:00:00,R02/R03,0.4556957777232256,0.07650697481697533,-0.19879779836936146,0.014528591955818083,2
2011-03-20 09:00:00,R03,0.526737548220458,0.14816250907338038,-0.060103477290705705,-0.00982613651925602,2
2011-03-21 09:00:00,R03,0.4989196596651989,0.1207217434869164,0.07059270313847771,0.024499012543094643,2
2011-05-21 09:00:00,R03,0.24758521291114802,0.11225882000769054,0.008639157544150346,-0.037876782601818204,2
2012-01-01 09:00:00,R03,0.2963816276770398,0.38300589087581943,0.40274359912722235,-0.22556374446395752,3
2012-01-02 09:00:00,R03,-0.09109276445317428,0.36060666148399473,0.10515273411548647,-0.036490925276654526,3
2012-01-14 09:00:00,R01,-0.09090409380625,0.21711975456603846,0.1029738345270759,-0.38630713350751594,3
2012-02-08 09:00:00,R03,0.3527921082275381,-0.008859559195592762,0.48187915967529515,-0.11973845315612872,4
2012-02-19 09:00:00,R01,-0.3851305188514592,-0.08337624937921782,0.10421061042294369,-0.23656948462931235,1
2012-02-29 09:00:00,R03,-0.0944297647731901,0.47850343611338897,0.39119884759209,-0.16135228241094596,3
2012-03-03 09:00:00,R01,-0.5733198224145348,0.2674829178707395,-0.05003746840739708,-0.1380590198858602,1
2012-03-04 09:00:00,R01/R02,-0.4345656087877483,0.017009113040920232,0.0009768624761941304,-0.005537359859646319,1
2012-03-15 09:00:00,R01,-0.3551894061715674,0.3819497799872955,0.49477762554160953,-0.1496386870376617,3
2012-03-16 09:00:00,R01,-0.5870617899336269,0.30229769508791204,0.31603118186528456,-0.07770400192618837,1
2012-03-18 09:00:00,R01,-0.5842823361930394,-0.12039708582938718,-0.261739409933425,0.256571471500781,1
2012-03-31 09:00:00,R01,-0.318555326903659,-0.0985525260220755,0.3054896130468202,-0.41811128380358487,1
2012-04-22 09:00:00,R03,0.5270868285591356,0.11418765193799438,-0.34855378289207084,-0.13355085049382998,2
2012-04-23 09:00:00,R03,0.47463211177909986,0.054284561264749,-0.4529775527587739,-0.09894907921146974,2
2012-04-27 09:00:00,R03,0.12069363532462561,0.25132811437938973,-0.341151640338924,0.27372357989010637,3
2012-04-28 09:00:00,R03,0.12686106603690905,0.4033314988529212,-0.30645485666771766,0.3535153977399166,3
2012-04-29 09:00:00,R03,0.17524787200808975,0.3737882407685432,-0.36593160530780994,0.28302135113491084,3
2013-01-11 09:00:00,R01,-0.2586719665311063,-0.2680782768881865,-0.10983049622061448,-0.3819137906127154,1
2013-01-17 09:00:00,R02,0.6754861479523764,-0.22067623420748286,0.1726346178258573,0.037905402620310384,2
2013-01-18 09:00:00,R02,0.6215681588165713,-0.04479007417558959,0.2541444419479789,-0.025694427855996203,2
2013-02-01 09:00:00,R01,-0.38587581135676324,0.4043342737997507,-0.09747265180857684,-0.3736628157765423,1
2013-02-05 09:00:00,R02,0.6068438184336424,0.062293206710429726,0.0873401828094479,0.20020850663275278,2
2013-02-07 09:00:00,R03,0.6105681699236447,-0.07157492714910572,0.1169520606543605,-0.3400373313200996,2
2013-02-16 09:00:00,R02/R03,0.5364974903842782,0.30245012735345783,0.18617188068645585,-0.18684612106672882,3
2013-02-17 09:00:00,R03,0.37608265606444674,0.18561924089686904,0.17644903363128178,-0.31243045523569174,2
2013-03-12 09:00:00,R01,0.4361393546906911,-0.5133232347305466,-0.04688521898111705,-0.16724110453204327,2
2013-04-04 09:00:00,R03,0.45786815339724307,0.04392827487326957,-0.3858380293032067,-0.31687106489929,2
2013-05-25 09:00:00,R01,0.5450272428182261,-0.3889674339017433,-0.14213911899796042,-0.16447626269654658,2
2013-05-29 09:00:00,R03,0.3723127306042763,-0.32707196339739575,-0.22793102428162373,-0.44352197504621965,2
2013-05-30 09:00:00,R03,0.41416763428178227,-0.3812920397606848,-0.10590503174439582,-0.4593813258939362,2
2013-05-31 09:00:00,R03,0.3831575308466095,-0.4805578229575471,-0.0043136493561481805,-0.48491461109041367,2
2014-02-06 09:00:00,R02,-0.031398228941015294,0.11836954032084047,-0.29054112446184677,0.3754547770635441,3
2014-02-14 09:00:00,R03,0.6322400305287496,0.41380338987347204,-0.2067844799479941,0.18572469070862355,3
2014-02-15 09:00:00,R03,0.33089852939626047,0.6279810351679531,-0.3511077818016145,0.030405752901743154,3
2014-02-16 09:00:00,R03,0.01085349392983745,0.49056365863434215,-0.5961957641734451,-0.1298170525086316,3
2014-02-27 09:00:00,R03,0.6281907381918066,0.11869891231166768,-0.19443693461218667,0.07019559729269359,2
2014-02-28 09:00:00,R03,0.6447991627952693,-0.0033768597834637278,-0.1651912608450369,0.0042513182367634175,2
2014-03-14 09:00:00,R01,-0.45934514535014354,-0.20215926910003315,0.01631371228799541,0.16197510609278737,1
2014-03-15 09:00:00,R01,-0.32163292424638285,-0.36998053553171834,-0.022241583104551002,0.06713056975191095,1
2014-03-16 09:00:00,R01,-0.08013827166668887,-0.18741556714522908,0.35544526843247626,0.028403849374287745,4
2014-03-17 09:00:00,R01,-0.1693351821285601,0.19233593663503362,0.47166948671442105,0.14459460038954555,4
2014-04-03 09:00:00,R01,-0.43113726043797884,0.0141663792108523,-0.05747047731073416,-0.12116736569627731,1
2014-04-04 09:00:00,R01,-0.27235127588618985,-0.32990957623213446,-0.07642528922563914,-0.022179690870739052,1
2014-04-05 09:00:00,R01,-0.08526965110995736,-0.31939872986269335,0.13177588369953874,0.23459312268646643,4
2014-05-08 09:00:00,R03,0.41483175379824155,0.44174335686719157,-0.1477173949698749,0.11215054372747157,3
2014-05-09 09:00:00,R03,0.4805323957138365,0.44001595312124825,-0.07756775630786164,0.15262619061388732,3
2014-05-10 09:00:00,R03,0.47909172926081733,0.44616648065833886,-0.09148444501841253,0.2023424828193624,3
2014-05-27 09:00:00,R03,0.22254929474668148,-0.06289445482044731,-0.14751237597066932,-0.49805990533428235,2
2014-05-28 09:00:00,R03,0.18380914556217787,-0.26962042248545,0.039477847166408196,-0.44700828831905026,2
2014-12-14 09:00:00,R03,0.3720627024552206,0.4361318742150007,-0.4111433235715757,-0.11851821796541863,3
2015-01-03 09:00:00,R03,0.022746262553140145,0.4284500118754769,0.46020277061951237,0.15383757382918248,3
2015-01-04 09:00:00,R03,-0.21962587212763918,0.47892140354933976,0.2805167525701217,-0.2810905736974825,3
2015-02-21 09:00:00,R01,-0.2375876090919855,-0.3519512434585314,-0.2516712755195005,-0.3013547433930326,1
2015-02-22 09:00:00,R01,0.08415160453341305,-0.653279667901744,-0.0953327043781495,-0.04810602369722597,4
2015-02-23 09:00:00,R01,0.32903256366103895,-0.4490503361436048,0.01436820800228172,0.21827531754991236,4
2015-02-24 09:00:00,R01,0.5302929929272489,-0.17281695883170198,-0.03370282504669368,0.10436554872753373,2
2015-02-25 09:00:00,R02,0.620579529686516,-0.11524608136380098,0.059528351726280716,0.09254281391854587,2
2015-03-01 09:00:00,R02,0.6218484925215602,0.03964282027988382,0.14616246645137626,0.1622535663743827,2
2015-03-02 09:00:00,R02/R03,0.4240723044218651,0.2695700469171184,0.11398775333981881,0.2131180171862761,3
2015-03-03 09:00:00,R03,0.19731528272873447,0.5183525156025465,-0.03566968772522751,0.059741455238155765,3
2015-03-04 09:00:00,R03,0.06296897780327375,0.40429379213250144,-0.21488445329815564,0.025421743171725932,3
2015-03-15 09:00:00,R02,0.4933518129188918,-0.033688410067576675,-0.2117274934284068,0.1300069631851969,2
2015-03-23 09:00:00,R01,-0.3092235023240473,-0.4548651137493826,0.1234567606517043,-0.3509938076319119,4
2015-03-27 09:00:00,R01,0.2483696985324778,-0.46039452297542105,0.24731556748698078,0.2082173174074796,4
2015-03-28 09:00:00,R01,0.30435884398394064,-0.111823746780761,0.42304378428334966,0.3657924993906816,4
2015-03-31 09:00:00,R01,0.01698486160808414,0.4164476032309119,0.26230474225844624,0.050858494738647536,3
2015-04-01 09:00:00,R01,-0.024172908082073723,0.1840424383600688,0.025538707038982162,-0.018929074621436084,3
2015-04-02 09:00:00,R01,0.18592790181019567,0.13243053742692953,0.09125234633987314,-0.0033754083064347,3
2015-04-15 09:00:00,R01,-0.38294401672774364,0.3601737013093457,0.30953916159723116,0.07866446506902204,1
2015-04-17 09:00:00,R03,-0.1257186080338952,0.44667364580357316,-0.12961079815970586,-0.08625797858756831,3
2015-04-19 09:00:00,R01,0.10539032704182157,-0.006973098548957825,-0.028898463572852532,-0.1718982341054989,2
2015-04-22 09:00:00,R03,-0.1093642581464433,0.47195060409921624,0.41700978074639283,-0.2668617136086423,3
2015-05-16 09:00:00,R03,-0.0805921236297301,-0.14419377706377262,0.10546916415101981,0.0037255558904560598,4
2015-12-01 09:00:00,R03,-0.01071013927291557,0.6023715413425355,0.0749392556181224,-0.22705267420307063,3
2015-12-03 09:00:00,R03,-0.5388450213237049,0.3739743984439284,0.01576100518265132,-0.35622463509292746,1
2015-12-25 09:00:00,R01,-0.4860518806165306,-0.0132034931193563,-0.3887417294171667,0.06614876699650755,1
2016-01-03 09:00:00,R01,-0.27103535057222244,-0.1289371673486711,0.102422027970417,-0.5544972967513114,1
2016-01-19 09:00:00,R03,0.5660095503795758,0.28452972480093,0.11198359092074302,-0.5250233334416963,2
2016-01-20 09:00:00,R03,0.46529326498511925,0.2518924001336915,0.06466255296399605,-0.56445809556303,2
2016-01-28 09:00:00,R01,-0.6608455413652081,0.11293085741409359,-0.4815674052856216,0.21450344084006895,1
2016-02-19 09:00:00,R02/R03,0.22782334307204916,-0.4097746448523244,-0.26824097555502285,-0.11342333998440643,2
2016-02-20 09:00:00,R02,0.1873736101862161,-0.08577283649696807,-0.18438959137593994,-0.3269404140166074,2
2016-02-21 09:00:00,R03,-0.05949933035132671,0.4101820037691841,-0.21661660157549614,-0.3445857589525804,3
2016-03-11 09:00:00,R02,0.548176527034302,-0.39707192870407326,0.2229782482789786,0.11239332420145393,4
2016-03-12 09:00:00,R02,0.5456401920561044,-0.3080703677115302,0.3047665142494452,0.25115448112099353,4
2016-03-13 09:00:00,R03,0.4966715343084667,-0.19282443655101206,0.48067171446645124,0.30548654565959815,4
2016-03-14 09:00:00,R03,0.2934941816724384,0.035252173321000856,0.6165716503131764,0.10441962868190768,4
2016-03-16 09:00:00,R01,-0.2377714270665445,-0.1352453469983875,0.36644899275965787,-0.01301602055489399,4
2016-03-24 09:00:00,R01,0.3445682121788377,-0.548927416613586,0.27383826684147516,-0.035522516910812235,4
2016-03-30 09:00:00,R01,-0.45287425007910914,0.25551382780937604,-0.11535002782590688,-0.106433933554963,1
2016-03-31 09:00:00,R01,-0.5349534446486736,0.040936004564027705,-0.4389958234780281,-0.023333686036198297,1
2016-04-01 09:00:00,R01,-0.3972752113263351,-0.30203384039417325,-0.4992287976835795,0.1267950609802452,1
2016-04-02 09:00:00,R01,-0.3379082084021715,-0.3550091541017238,-0.29144887832864247,0.2188627125729024,1
2016-04-03 09:00:00,R01,-0.34531414020499357,-0.24690510494992096,-0.22013061398239164,0.2610524211446835,1
2016-04-05 09:00:00,R03,-0.1931435043693774,-0.3199203069682347,-0.16264797469944975,0.3379263596191731,1
2016-04-19 09:00:00,R03,-0.14103639196213333,-0.06762360675845229,-0.5182599546249436,0.24694751936331194,1
2016-04-21 09:00:00,R03,0.009135535033591135,0.2765653592458154,-0.3407384417184773,-0.005398762007096919,3
2016-04-22 09:00:00,R02/R03,0.0801358365746052,0.24654828376543875,-0.4084721934258145,-0.003633928947212653,3
2016-04-23 09:00:00,R03,0.3702450784188655,0.10900751406093839,-0.3923747162988094,-0.09239978272811333,2
2016-04-28 09:00:00,R03,0.3274245898503795,0.12624853850024423,-0.3291110914865835,-0.334637338283199,2
2016-05-16 09:00:00,R03,0.4498008983137723,-0.16476398346302396,0.14102821359172985,-0.13425223688428162,2
2016-05-17 09:00:00,R03,0.39002798429252666,-0.0670165899746127,0.2282818023256175,-0.2375960490186448,2
2016-05-21 09:00:00,R03,0.25341234451876754,0.021145502135396795,0.21551723892758737,-0.08929827540264239,4
2016-12-27 09:00:00,R01,-0.3100478115340175,0.417984972502266,0.23006613316940608,-0.257663499036305,3
2017-01-23 09:00:00,R01,-0.1504353961158031,-0.6542593312039614,0.20898583705033416,0.2509139680360942,4
2017-01-24 09:00:00,R01,0.23699328429946578,-0.6504315777389467,0.2589962333754346,0.2751500619807763,4
2017-01-28 09:00:00,R01,-0.4434052839981346,-0.009702619266530895,0.1231845333505253,-0.2694188597351701,1
2017-01-29 09:00:00,R01,-0.34312788546604267,-0.16746494968190132,0.23539686681092145,-0.12865871378581675,1
2017-02-02 09:00:00,R01,-0.6673457049602648,-0.36234041268195255,-0.22218066196560443,0.02826622701767359,1
2017-02-03 09:00:00,R01,-0.31898085219550737,-0.5809497238895718,-0.18022483515092486,0.3439875328917981,1
2017-02-14 09:00:00,R01,-0.5758464210228624,0.09839427956888552,0.21062148495921343,-0.14027908361907837,1
2017-02-15 09:00:00,R01,-0.6892541069425965,0.15912260873067507,0.15152690065791585,-0.028001415509541674,1
2017-02-16 09:00:00,R01/R02,-0.7514453688233309,0.10857931610012533,0.01529261450193752,-0.014514860074662104,1
2017-02-17 09:00:00,R01,-0.6958370489660924,-0.12235706173265566,-0.06220962082660995,0.003686783688340625,1
2017-02-18 09:00:00,R01,-0.4036500726762231,-0.3141562539655265,0.03203734124391228,0.15009199389003727,1
2017-02-21 09:00:00,R03,0.11292535436175648,0.49327726201941446,-0.08635703156629027,0.09027517609205334,3
2017-02-22 09:00:00,R03,-0.19873476061441805,0.5734584135996419,-0.1766317623421359,-0.08861932377230863,3
2017-03-10 09:00:00,R03,0.43086004712365833,0.6193742071513382,0.11173324054685672,0.3643746535211672,3
2017-03-11 09:00:00,R03,0.3547151599095788,0.6429332219455921,0.2915183328221996,0.1949336370021301,3
2017-03-21 09:00:00,R01,-0.30669341829592145,-0.25616605947193494,-0.021919036739131287,-0.057555453631069356,1
2017-03-26 09:00:00,R01,-0.38159471618879026,-0.18788308383247337,-0.20360087147382183,-0.42770191692319404,1
2017-03-27 09:00:00,R01,-0.3970648351609714,-0.19120500871183016,0.05628354636178181,-0.31190491562788225,1
2017-03-28 09:00:00,R01,-0.4824217475870273,-0.19316798816659403,0.12073666522902356,-0.1307625835102088,1
2017-04-04 09:00:00,R01,0.11304857345901463,-0.24224430836530692,0.1489196255041861,0.48879185687308263,4
2017-04-05 09:00:00,R02,0.3642463603647539,-0.13113403193985615,0.09560767287676651,0.532989302624303,4
2017-04-06 09:00:00,R02,0.519001834573744,0.10482952482967352,0.15547241900132253,0.27891511901783983,3
2017-04-24 09:00:00,R03,0.26983664819327713,0.1929704838203794,0.062026622005570346,-0.3091848194506011,2
2017-04-25 09:00:00,R03,0.21062721310001725,0.1272054285137365,-0.08751791416764189,-0.21063833996594347,2
2017-05-06 09:00:00,R01,-0.22865654069223465,0.18655864457460503,-0.06050680420534899,-0.14759902772379546,1
2017-05-30 09:00:00,R03,0.22316408677689234,0.2732310246122193,0.414433863160764,0.08718781420045461,3
2017-05-31 09:00:00,R03,0.23120760313772407,0.30199820309671277,0.2609578501229411,0.08142471757458293,3
2017-12-05 09:00:00,R02,0.5495119130692672,-0.035324548186595375,0.11575632464470599,-0.09777921551322946,2
2018-02-14 09:00:00,R01,0.3058976791173636,-0.14028007681186233,0.2626828014116466,-0.33307954748454405,2
2018-02-26 09:00:00,R01,0.2707378041476116,-0.36071202787803325,0.19178854659045438,-0.4673966178824971,2
2018-03-13 09:00:00,R01,0.043319151122590764,-0.38669388218794976,-0.2203250869909235,0.04513728116705879,4
2018-03-15 09:00:00,R03,0.29473344742487073,0.16481909868472877,-0.15566779733302236,-0.08955087264014773,2
2018-03-16 09:00:00,R03,0.12527735157517395,0.10673985942737388,-0.42626037885930845,-0.33288479241293495,2
2018-05-11 09:00:00,R01,-0.270265715241392,-0.3550638028254748,0.3712709366429977,-0.14135028576765593,4
2018-05-14 09:00:00,R01,0.13230900763386255,-0.14237497103623523,-0.1430680019575477,-0.07278649869131858,2
