,AR_CAT
1979-03-01 09:00:00,0
1979-03-02 09:00:00,0
1979-03-03 09:00:00,0
1979-03-04 09:00:00,0
1979-03-05 09:00:00,0
1979-03-06 09:00:00,0
1979-03-07 09:00:00,0
1979-03-08 09:00:00,2
1979-03-09 09:00:00,2
1979-03-10 09:00:00,0
1979-03-11 09:00:00,0
1979-03-12 09:00:00,0
1979-03-13 09:00:00,0
1979-03-14 09:00:00,0
1979-03-15 09:00:00,0
1979-03-16 09:00:00,0
1979-03-17 09:00:00,0
1979-03-18 09:00:00,1
1979-03-19 09:00:00,0
1979-03-20 09:00:00,0
1979-03-21 09:00:00,0
1979-03-22 09:00:00,0
1979-03-23 09:00:00,0
1979-03-24 09:00:00,0
1979-03-25 09:00:00,0
1979-03-26 09:00:00,0
1979-03-27 09:00:00,0
1979-03-28 09:00:00,1
1979-03-29 09:00:00,0
1979-03-30 09:00:00,0
1979-03-31 09:00:00,0
1979-04-01 09:00:00,0
1979-04-02 09:00:00,0
1979-04-03 09:00:00,0
1979-04-04 09:00:00,0
1979-04-05 09:00:00,2
1979-04-06 09:00:00,0
1979-04-07 09:00:00,0
1979-04-08 09:00:00,0
1979-04-09 09:00:00,0
1979-04-10 09:00:00,0
1979-04-11 09:00:00,0
1979-04-12 09:00:00,0
1979-04-13 09:00:00,0
1979-04-14 09:00:00,0
1979-04-15 09:00:00,0
1979-04-16 09:00:00,0
1979-04-17 09:00:00,0
1979-04-18 09:00:00,0
1979-04-19 09:00:00,0
1979-04-20 09:00:00,0
1979-04-21 09:00:00,0
1979-04-22 09:00:00,0
1979-04-23 09:00:00,0
1979-04-24 09:00:00,0
1979-04-25 09:00:00,0
1979-04-26 09:00:00,0
1979-04-27 09:00:00,0
1979-04-28 09:00:00,0
1979-04-29 09:00:00,0
1979-04-30 09:00:00,0
1979-05-01 09:00:00,0
1979-05-02 09:00:00,0
1979-05-03 09:00:00,0
1979-05-04 09:00:00,0
1979-05-05 09:00:00,0
1979-05-06 09:00:00,0
1979-05-07 09:00:00,1
1979-05-08 09:00:00,1
1979-05-09 09:00:00,0
1979-05-10 09:00:00,0
1979-05-11 09:00:00,0
1979-05-12 09:00:00,0
1979-05-13 09:00:00,0
1979-05-14 09:00:00,0
1979-05-15 09:00:00,0
1979-05-16 09:00:00,0
1979-05-17 09:00:00,0
1979-05-18 09:00:00,4
1979-05-19 09:00:00,0
1979-05-20 09:00:00,0
1979-05-21 09:00:00,0
1979-05-22 09:00:00,0
1979-05-23 09:00:00,0
1979-05-24 09:00:00,0
1979-05-25 09:00:00,0
1979-05-26 09:00:00,0
1979-05-27 09:00:00,0
1979-05-28 09:00:00,0
1979-05-29 09:00:00,0
1979-05-30 09:00:00,0
1979-05-31 09:00:00,0
1980-03-01 09:00:00,2
1980-03-02 09:00:00,0
1980-03-03 09:00:00,3
1980-03-04 09:00:00,0
1980-03-05 09:00:00,1
1980-03-06 09:00:00,0
1980-03-07 09:00:00,4
1980-03-08 09:00:00,0
1980-03-09 09:00:00,0
1980-03-10 09:00:00,0
1980-03-11 09:00:00,0
1980-03-12 09:00:00,0
1980-03-13 09:00:00,0
1980-03-14 09:00:00,0
1980-03-15 09:00:00,0
1980-03-16 09:00:00,0
1980-03-17 09:00:00,0
1980-03-18 09:00:00,0
1980-03-19 09:00:00,0
1980-03-20 09:00:00,4
1980-03-21 09:00:00,0
1980-03-22 09:00:00,0
1980-03-23 09:00:00,0
1980-03-24 09:00:00,0
1980-03-25 09:00:00,0
1980-03-26 09:00:00,0
1980-03-27 09:00:00,0
1980-03-28 09:00:00,0
1980-03-29 09:00:00,0
1980-03-30 09:00:00,2
1980-03-31 09:00:00,0
1980-04-01 09:00:00,0
1980-04-02 09:00:00,0
1980-04-03 09:00:00,0
1980-04-04 09:00:00,0
1980-04-05 09:00:00,4
1980-04-06 09:00:00,0
1980-04-07 09:00:00,0
1980-04-08 09:00:00,0
1980-04-09 09:00:00,0
1980-04-10 09:00:00,0
1980-04-11 09:00:00,0
1980-04-12 09:00:00,0
1980-04-13 09:00:00,0
1980-04-14 09:00:00,0
1980-04-15 09:00:00,0
1980-04-16 09:00:00,0
1980-04-17 09:00:00,3
1980-04-18 09:00:00,0
1980-04-19 09:00:00,0
1980-04-20 09:00:00,0
1980-04-21 09:00:00,0
1980-04-22 09:00:00,0
1980-04-23 09:00:00,4
1980-04-24 09:00:00,0
1980-04-25 09:00:00,0
1980-04-26 09:00:00,0
1980-04-27 09:00:00,0
1980-04-28 09:00:00,0
1980-04-29 09:00:00,0
1980-04-30 09:00:00,0
1980-05-01 09:00:00,0
1980-05-02 09:00:00,0
1980-05-03 09:00:00,0
1980-05-04 09:00:00,0
1980-05-05 09:00:00,0
1980-05-06 09:00:00,0
1980-05-07 09:00:00,0
1980-05-08 09:00:00,0
1980-05-09 09:00:00,0
1980-05-10 09:00:00,0
1980-05-11 09:00:00,0
1980-05-12 09:00:00,0
1980-05-13 09:00:00,0
1980-05-14 09:00:00,0
1980-05-15 09:00:00,0
1980-05-16 09:00:00,0
1980-05-17 09:00:00,0
1980-05-18 09:00:00,0
1980-05-19 09:00:00,0
1980-05-20 09:00:00,0
1980-05-21 09:00:00,0
1980-05-22 09:00:00,0
1980-05-23 09:00:00,0
1980-05-24 09:00:00,0
1980-05-25 09:00:00,0
1980-05-26 09:00:00,0
1980-05-27 09:00:00,0
1980-05-28 09:00:00,0
1980-05-29 09:00:00,0
1980-05-30 09:00:00,0
1980-05-31 09:00:00,0
1981-03-01 09:00:00,2
1981-03-02 09:00:00,0
1981-03-03 09:00:00,1
1981-03-04 09:00:00,1
1981-03-05 09:00:00,0
1981-03-06 09:00:00,0
1981-03-07 09:00:00,0
1981-03-08 09:00:00,0
1981-03-09 09:00:00,0
1981-03-10 09:00:00,0
1981-03-11 09:00:00,0
1981-03-12 09:00:00,0
1981-03-13 09:00:00,0
1981-03-14 09:00:00,0
1981-03-15 09:00:00,0
1981-03-16 09:00:00,0
1981-03-17 09:00:00,0
1981-03-18 09:00:00,0
1981-03-19 09:00:00,0
1981-03-20 09:00:00,0
1981-03-21 09:00:00,0
1981-03-22 09:00:00,0
1981-03-23 09:00:00,0
1981-03-24 09:00:00,0
1981-03-25 09:00:00,0
1981-03-26 09:00:00,0
1981-03-27 09:00:00,0
1981-03-28 09:00:00,3
1981-03-29 09:00:00,3
1981-03-30 09:00:00,0
1981-03-31 09:00:00,0
1981-04-01 09:00:00,0
1981-04-02 09:00:00,0
1981-04-03 09:00:00,0
1981-04-04 09:00:00,0
1981-04-05 09:00:00,0
1981-04-06 09:00:00,0
1981-04-07 09:00:00,0
1981-04-08 09:00:00,0
1981-04-09 09:00:00,0
1981-04-10 09:00:00,3
1981-04-11 09:00:00,0
1981-04-12 09:00:00,3
1981-04-13 09:00:00,3
1981-04-14 09:00:00,3
1981-04-15 09:00:00,0
1981-04-16 09:00:00,0
1981-04-17 09:00:00,0
1981-04-18 09:00:00,0
1981-04-19 09:00:00,0
1981-04-20 09:00:00,0
1981-04-21 09:00:00,0
1981-04-22 09:00:00,0
1981-04-23 09:00:00,0
1981-04-24 09:00:00,0
1981-04-25 09:00:00,0
1981-04-26 09:00:00,0
1981-04-27 09:00:00,0
1981-04-28 09:00:00,0
1981-04-29 09:00:00,0
1981-04-30 09:00:00,4
1981-05-01 09:00:00,3
1981-05-02 09:00:00,0
1981-05-03 09:00:00,0
1981-05-04 09:00:00,0
1981-05-05 09:00:00,0
1981-05-06 09:00:00,0
1981-05-07 09:00:00,0
1981-05-08 09:00:00,0
1981-05-09 09:00:00,0
1981-05-10 09:00:00,0
1981-05-11 09:00:00,0
1981-05-12 09:00:00,0
1981-05-13 09:00:00,0
1981-05-14 09:00:00,0
1981-05-15 09:00:00,0
1981-05-16 09:00:00,0
1981-05-17 09:00:00,0
1981-05-18 09:00:00,0
1981-05-19 09:00:00,0
1981-05-20 09:00:00,0
1981-05-21 09:00:00,0
1981-05-22 09:00:00,0
1981-05-23 09:00:00,0
1981-05-24 09:00:00,0
1981-05-25 09:00:00,0
1981-05-26 09:00:00,0
1981-05-27 09:00:00,0
1981-05-28 09:00:00,0
1981-05-29 09:00:00,0
1981-05-30 09:00:00,0
1981-05-31 09:00:00,0
1982-03-01 09:00:00,0
1982-03-02 09:00:00,0
1982-03-03 09:00:00,0
1982-03-04 09:00:00,0
1982-03-05 09:00:00,0
1982-03-06 09:00:00,0
1982-03-07 09:00:00,0
1982-03-08 09:00:00,0
1982-03-09 09:00:00,0
1982-03-10 09:00:00,0
1982-03-11 09:00:00,0
1982-03-12 09:00:00,0
1982-03-13 09:00:00,0
1982-03-14 09:00:00,0
1982-03-15 09:00:00,0
1982-03-16 09:00:00,0
1982-03-17 09:00:00,0
1982-03-18 09:00:00,0
1982-03-19 09:00:00,0
1982-03-20 09:00:00,4
1982-03-21 09:00:00,4
1982-03-22 09:00:00,0
1982-03-23 09:00:00,0
1982-03-24 09:00:00,0
1982-03-25 09:00:00,0
1982-03-26 09:00:00,0
1982-03-27 09:00:00,0
1982-03-28 09:00:00,3
1982-03-29 09:00:00,3
1982-03-30 09:00:00,0
1982-03-31 09:00:00,0
1982-04-01 09:00:00,0
1982-04-02 09:00:00,0
1982-04-03 09:00:00,0
1982-04-04 09:00:00,0
1982-04-05 09:00:00,0
1982-04-06 09:00:00,0
1982-04-07 09:00:00,0
1982-04-08 09:00:00,0
1982-04-09 09:00:00,0
1982-04-10 09:00:00,0
1982-04-11 09:00:00,0
1982-04-12 09:00:00,0
1982-04-13 09:00:00,0
1982-04-14 09:00:00,0
1982-04-15 09:00:00,0
1982-04-16 09:00:00,0
1982-04-17 09:00:00,0
1982-04-18 09:00:00,0
1982-04-19 09:00:00,0
1982-04-20 09:00:00,0
1982-04-21 09:00:00,0
1982-04-22 09:00:00,0
1982-04-23 09:00:00,0
1982-04-24 09:00:00,0
1982-04-25 09:00:00,0
1982-04-26 09:00:00,0
1982-04-27 09:00:00,0
1982-04-28 09:00:00,0
1982-04-29 09:00:00,0
1982-04-30 09:00:00,0
1982-05-01 09:00:00,0
1982-05-02 09:00:00,0
1982-05-03 09:00:00,0
1982-05-04 09:00:00,0
1982-05-05 09:00:00,0
1982-05-06 09:00:00,0
1982-05-07 09:00:00,0
1982-05-08 09:00:00,0
1982-05-09 09:00:00,0
1982-05-10 09:00:00,0
1982-05-11 09:00:00,1
1982-05-12 09:00:00,0
1982-05-13 09:00:00,0
1982-05-14 09:00:00,0
1982-05-15 09:00:00,0
1982-05-16 09:00:00,0
1982-05-17 09:00:00,0
1982-05-18 09:00:00,0
1982-05-19 09:00:00,0
1982-05-20 09:00:00,0
1982-05-21 09:00:00,0
1982-05-22 09:00:00,0
1982-05-23 09:00:00,0
1982-05-24 09:00:00,0
1982-05-25 09:00:00,0
1982-05-26 09:00:00,0
1982-05-27 09:00:00,0
1982-05-28 09:00:00,0
1982-05-29 09:00:00,0
1982-05-30 09:00:00,0
1982-05-31 09:00:00,0
1983-03-01 09:00:00,4
1983-03-02 09:00:00,0
1983-03-03 09:00:00,0
1983-03-04 09:00:00,0
1983-03-05 09:00:00,0
1983-03-06 09:00:00,3
1983-03-07 09:00:00,3
1983-03-08 09:00:00,0
1983-03-09 09:00:00,0
1983-03-10 09:00:00,0
1983-03-11 09:00:00,0
1983-03-12 09:00:00,0
1983-03-13 09:00:00,0
1983-03-14 09:00:00,0
1983-03-15 09:00:00,2
1983-03-16 09:00:00,0
1983-03-17 09:00:00,0
1983-03-18 09:00:00,0
1983-03-19 09:00:00,0
1983-03-20 09:00:00,2
1983-03-21 09:00:00,2
1983-03-22 09:00:00,0
1983-03-23 09:00:00,0
1983-03-24 09:00:00,1
1983-03-25 09:00:00,1
1983-03-26 09:00:00,0
1983-03-27 09:00:00,0
1983-03-28 09:00:00,0
1983-03-29 09:00:00,0
1983-03-30 09:00:00,0
1983-03-31 09:00:00,0
1983-04-01 09:00:00,0
1983-04-02 09:00:00,0
1983-04-03 09:00:00,0
1983-04-04 09:00:00,0
1983-04-05 09:00:00,0
1983-04-06 09:00:00,0
1983-04-07 09:00:00,0
1983-04-08 09:00:00,2
1983-04-09 09:00:00,2
1983-04-10 09:00:00,0
1983-04-11 09:00:00,0
1983-04-12 09:00:00,0
1983-04-13 09:00:00,0
1983-04-14 09:00:00,0
1983-04-15 09:00:00,2
1983-04-16 09:00:00,2
1983-04-17 09:00:00,0
1983-04-18 09:00:00,0
1983-04-19 09:00:00,0
1983-04-20 09:00:00,0
1983-04-21 09:00:00,0
1983-04-22 09:00:00,0
1983-04-23 09:00:00,0
1983-04-24 09:00:00,0
1983-04-25 09:00:00,0
1983-04-26 09:00:00,0
1983-04-27 09:00:00,0
1983-04-28 09:00:00,0
1983-04-29 09:00:00,1
1983-04-30 09:00:00,0
1983-05-01 09:00:00,0
1983-05-02 09:00:00,0
1983-05-03 09:00:00,0
1983-05-04 09:00:00,0
1983-05-05 09:00:00,0
1983-05-06 09:00:00,0
1983-05-07 09:00:00,0
1983-05-08 09:00:00,0
1983-05-09 09:00:00,0
1983-05-10 09:00:00,0
1983-05-11 09:00:00,0
1983-05-12 09:00:00,0
1983-05-13 09:00:00,0
1983-05-14 09:00:00,0
1983-05-15 09:00:00,0
1983-05-16 09:00:00,0
1983-05-17 09:00:00,0
1983-05-18 09:00:00,0
1983-05-19 09:00:00,0
1983-05-20 09:00:00,0
1983-05-21 09:00:00,0
1983-05-22 09:00:00,0
1983-05-23 09:00:00,0
1983-05-24 09:00:00,0
1983-05-25 09:00:00,0
1983-05-26 09:00:00,0
1983-05-27 09:00:00,0
1983-05-28 09:00:00,0
1983-05-29 09:00:00,0
1983-05-30 09:00:00,4
1983-05-31 09:00:00,0
1984-03-01 09:00:00,0
1984-03-02 09:00:00,0
1984-03-03 09:00:00,0
1984-03-04 09:00:00,0
1984-03-05 09:00:00,0
1984-03-06 09:00:00,0
1984-03-07 09:00:00,0
1984-03-08 09:00:00,0
1984-03-09 09:00:00,0
1984-03-10 09:00:00,0
1984-03-11 09:00:00,0
1984-03-12 09:00:00,0
1984-03-13 09:00:00,0
1984-03-14 09:00:00,0
1984-03-15 09:00:00,4
1984-03-16 09:00:00,4
1984-03-17 09:00:00,4
1984-03-18 09:00:00,0
1984-03-19 09:00:00,0
1984-03-20 09:00:00,0
1984-03-21 09:00:00,0
1984-03-22 09:00:00,0
1984-03-23 09:00:00,0
1984-03-24 09:00:00,0
1984-03-25 09:00:00,0
1984-03-26 09:00:00,0
1984-03-27 09:00:00,3
1984-03-28 09:00:00,0
1984-03-29 09:00:00,0
1984-03-30 09:00:00,0
1984-03-31 09:00:00,4
1984-04-01 09:00:00,0
1984-04-02 09:00:00,0
1984-04-03 09:00:00,1
1984-04-04 09:00:00,0
1984-04-05 09:00:00,0
1984-04-06 09:00:00,0
1984-04-07 09:00:00,0
1984-04-08 09:00:00,0
1984-04-09 09:00:00,0
1984-04-10 09:00:00,0
1984-04-11 09:00:00,0
1984-04-12 09:00:00,4
1984-04-13 09:00:00,0
1984-04-14 09:00:00,0
1984-04-15 09:00:00,0
1984-04-16 09:00:00,0
1984-04-17 09:00:00,0
1984-04-18 09:00:00,0
1984-04-19 09:00:00,0
1984-04-20 09:00:00,0
1984-04-21 09:00:00,0
1984-04-22 09:00:00,0
1984-04-23 09:00:00,0
1984-04-24 09:00:00,0
1984-04-25 09:00:00,0
1984-04-26 09:00:00,0
1984-04-27 09:00:00,0
1984-04-28 09:00:00,0
1984-04-29 09:00:00,0
1984-04-30 09:00:00,0
1984-05-01 09:00:00,0
1984-05-02 09:00:00,0
1984-05-03 09:00:00,0
1984-05-04 09:00:00,0
1984-05-05 09:00:00,0
1984-05-06 09:00:00,0
1984-05-07 09:00:00,0
1984-05-08 09:00:00,0
1984-05-09 09:00:00,0
1984-05-10 09:00:00,0
1984-05-11 09:00:00,0
1984-05-12 09:00:00,0
1984-05-13 09:00:00,0
1984-05-14 09:00:00,0
1984-05-15 09:00:00,0
1984-05-16 09:00:00,0
1984-05-17 09:00:00,0
1984-05-18 09:00:00,0
1984-05-19 09:00:00,0
1984-05-20 09:00:00,0
1984-05-21 09:00:00,0
1984-05-22 09:00:00,0
1984-05-23 09:00:00,0
1984-05-24 09:00:00,0
1984-05-25 09:00:00,0
1984-05-26 09:00:00,0
1984-05-27 09:00:00,0
1984-05-28 09:00:00,0
1984-05-29 09:00:00,0
1984-05-30 09:00:00,0
1984-05-31 09:00:00,0
1985-03-01 09:00:00,0
1985-03-02 09:00:00,0
1985-03-03 09:00:00,0
1985-03-04 09:00:00,3
1985-03-05 09:00:00,0
1985-03-06 09:00:00,0
1985-03-07 09:00:00,0
1985-03-08 09:00:00,0
1985-03-09 09:00:00,0
1985-03-10 09:00:00,0
1985-03-11 09:00:00,0
1985-03-12 09:00:00,0
1985-03-13 09:00:00,0
1985-03-14 09:00:00,0
1985-03-15 09:00:00,0
1985-03-16 09:00:00,0
1985-03-17 09:00:00,0
1985-03-18 09:00:00,0
1985-03-19 09:00:00,0
1985-03-20 09:00:00,0
1985-03-21 09:00:00,0
1985-03-22 09:00:00,0
1985-03-23 09:00:00,0
1985-03-24 09:00:00,0
1985-03-25 09:00:00,1
1985-03-26 09:00:00,1
1985-03-27 09:00:00,0
1985-03-28 09:00:00,0
1985-03-29 09:00:00,0
1985-03-30 09:00:00,0
1985-03-31 09:00:00,0
1985-04-01 09:00:00,0
1985-04-02 09:00:00,0
1985-04-03 09:00:00,0
1985-04-04 09:00:00,0
1985-04-05 09:00:00,0
1985-04-06 09:00:00,0
1985-04-07 09:00:00,0
1985-04-08 09:00:00,0
1985-04-09 09:00:00,2
1985-04-10 09:00:00,0
1985-04-11 09:00:00,0
1985-04-12 09:00:00,0
1985-04-13 09:00:00,0
1985-04-14 09:00:00,0
1985-04-15 09:00:00,0
1985-04-16 09:00:00,0
1985-04-17 09:00:00,0
1985-04-18 09:00:00,0
1985-04-19 09:00:00,0
1985-04-20 09:00:00,0
1985-04-21 09:00:00,0
1985-04-22 09:00:00,0
1985-04-23 09:00:00,0
1985-04-24 09:00:00,0
1985-04-25 09:00:00,0
1985-04-26 09:00:00,0
1985-04-27 09:00:00,0
1985-04-28 09:00:00,0
1985-04-29 09:00:00,0
1985-04-30 09:00:00,0
1985-05-01 09:00:00,0
1985-05-02 09:00:00,0
1985-05-03 09:00:00,0
1985-05-04 09:00:00,0
1985-05-05 09:00:00,0
1985-05-06 09:00:00,0
1985-05-07 09:00:00,0
1985-05-08 09:00:00,0
1985-05-09 09:00:00,0
1985-05-10 09:00:00,0
1985-05-11 09:00:00,0
1985-05-12 09:00:00,0
1985-05-13 09:00:00,0
1985-05-14 09:00:00,0
1985-05-15 09:00:00,0
1985-05-16 09:00:00,0
1985-05-17 09:00:00,0
1985-05-18 09:00:00,0
1985-05-19 09:00:00,0
1985-05-20 09:00:00,0
1985-05-21 09:00:00,0
1985-05-22 09:00:00,0
1985-05-23 09:00:00,0
1985-05-24 09:00:00,0
1985-05-25 09:00:00,1
1985-05-26 09:00:00,0
1985-05-27 09:00:00,0
1985-05-28 09:00:00,0
1985-05-29 09:00:00,0
1985-05-30 09:00:00,0
1985-05-31 09:00:00,0
1986-03-01 09:00:00,0
1986-03-02 09:00:00,0
1986-03-03 09:00:00,0
1986-03-04 09:00:00,0
1986-03-05 09:00:00,0
1986-03-06 09:00:00,0
1986-03-07 09:00:00,0
1986-03-08 09:00:00,0
1986-03-09 09:00:00,1
1986-03-10 09:00:00,4
1986-03-11 09:00:00,0
1986-03-12 09:00:00,4
1986-03-13 09:00:00,4
1986-03-14 09:00:00,0
1986-03-15 09:00:00,0
1986-03-16 09:00:00,0
1986-03-17 09:00:00,0
1986-03-18 09:00:00,0
1986-03-19 09:00:00,0
1986-03-20 09:00:00,0
1986-03-21 09:00:00,0
1986-03-22 09:00:00,0
1986-03-23 09:00:00,0
1986-03-24 09:00:00,0
1986-03-25 09:00:00,0
1986-03-26 09:00:00,1
1986-03-27 09:00:00,4
1986-03-28 09:00:00,0
1986-03-29 09:00:00,0
1986-03-30 09:00:00,0
1986-03-31 09:00:00,2
1986-04-01 09:00:00,0
1986-04-02 09:00:00,0
1986-04-03 09:00:00,0
1986-04-04 09:00:00,0
1986-04-05 09:00:00,0
1986-04-06 09:00:00,0
1986-04-07 09:00:00,0
1986-04-08 09:00:00,0
1986-04-09 09:00:00,0
1986-04-10 09:00:00,0
1986-04-11 09:00:00,1
1986-04-12 09:00:00,0
1986-04-13 09:00:00,0
1986-04-14 09:00:00,0
1986-04-15 09:00:00,0
1986-04-16 09:00:00,1
1986-04-17 09:00:00,1
1986-04-18 09:00:00,0
1986-04-19 09:00:00,0
1986-04-20 09:00:00,0
1986-04-21 09:00:00,0
1986-04-22 09:00:00,0
1986-04-23 09:00:00,0
1986-04-24 09:00:00,0
1986-04-25 09:00:00,1
1986-04-26 09:00:00,0
1986-04-27 09:00:00,0
1986-04-28 09:00:00,0
1986-04-29 09:00:00,0
1986-04-30 09:00:00,0
1986-05-01 09:00:00,0
1986-05-02 09:00:00,0
1986-05-03 09:00:00,0
1986-05-04 09:00:00,0
1986-05-05 09:00:00,0
1986-05-06 09:00:00,0
1986-05-07 09:00:00,0
1986-05-08 09:00:00,0
1986-05-09 09:00:00,0
1986-05-10 09:00:00,0
1986-05-11 09:00:00,0
1986-05-12 09:00:00,0
1986-05-13 09:00:00,0
1986-05-14 09:00:00,0
1986-05-15 09:00:00,0
1986-05-16 09:00:00,0
1986-05-17 09:00:00,0
1986-05-18 09:00:00,0
1986-05-19 09:00:00,0
1986-05-20 09:00:00,0
1986-05-21 09:00:00,0
1986-05-22 09:00:00,0
1986-05-23 09:00:00,0
1986-05-24 09:00:00,0
1986-05-25 09:00:00,0
1986-05-26 09:00:00,0
1986-05-27 09:00:00,0
1986-05-28 09:00:00,0
1986-05-29 09:00:00,0
1986-05-30 09:00:00,0
1986-05-31 09:00:00,0
1987-03-01 09:00:00,0
1987-03-02 09:00:00,0
1987-03-03 09:00:00,0
1987-03-04 09:00:00,0
1987-03-05 09:00:00,4
1987-03-06 09:00:00,0
1987-03-07 09:00:00,0
1987-03-08 09:00:00,0
1987-03-09 09:00:00,0
1987-03-10 09:00:00,0
1987-03-11 09:00:00,0
1987-03-12 09:00:00,0
1987-03-13 09:00:00,0
1987-03-14 09:00:00,0
1987-03-15 09:00:00,4
1987-03-16 09:00:00,0
1987-03-17 09:00:00,0
1987-03-18 09:00:00,0
1987-03-19 09:00:00,0
1987-03-20 09:00:00,0
1987-03-21 09:00:00,0
1987-03-22 09:00:00,1
1987-03-23 09:00:00,0
1987-03-24 09:00:00,0
1987-03-25 09:00:00,0
1987-03-26 09:00:00,0
1987-03-27 09:00:00,3
1987-03-28 09:00:00,3
1987-03-29 09:00:00,0
1987-03-30 09:00:00,0
1987-03-31 09:00:00,4
1987-04-01 09:00:00,0
1987-04-02 09:00:00,0
1987-04-03 09:00:00,0
1987-04-04 09:00:00,0
1987-04-05 09:00:00,0
1987-04-06 09:00:00,3
1987-04-07 09:00:00,0
1987-04-08 09:00:00,0
1987-04-09 09:00:00,2
1987-04-10 09:00:00,1
1987-04-11 09:00:00,0
1987-04-12 09:00:00,0
1987-04-13 09:00:00,0
1987-04-14 09:00:00,0
1987-04-15 09:00:00,0
1987-04-16 09:00:00,0
1987-04-17 09:00:00,0
1987-04-18 09:00:00,0
1987-04-19 09:00:00,3
1987-04-20 09:00:00,3
1987-04-21 09:00:00,3
1987-04-22 09:00:00,0
1987-04-23 09:00:00,0
1987-04-24 09:00:00,2
1987-04-25 09:00:00,0
1987-04-26 09:00:00,0
1987-04-27 09:00:00,0
1987-04-28 09:00:00,0
1987-04-29 09:00:00,0
1987-04-30 09:00:00,0
1987-05-01 09:00:00,0
1987-05-02 09:00:00,0
1987-05-03 09:00:00,0
1987-05-04 09:00:00,0
1987-05-05 09:00:00,0
1987-05-06 09:00:00,0
1987-05-07 09:00:00,0
1987-05-08 09:00:00,0
1987-05-09 09:00:00,0
1987-05-10 09:00:00,0
1987-05-11 09:00:00,0
1987-05-12 09:00:00,0
1987-05-13 09:00:00,0
1987-05-14 09:00:00,0
1987-05-15 09:00:00,0
1987-05-16 09:00:00,0
1987-05-17 09:00:00,0
1987-05-18 09:00:00,0
1987-05-19 09:00:00,0
1987-05-20 09:00:00,0
1987-05-21 09:00:00,0
1987-05-22 09:00:00,0
1987-05-23 09:00:00,0
1987-05-24 09:00:00,0
1987-05-25 09:00:00,0
1987-05-26 09:00:00,0
1987-05-27 09:00:00,0
1987-05-28 09:00:00,0
1987-05-29 09:00:00,0
1987-05-30 09:00:00,0
1987-05-31 09:00:00,0
1988-03-01 09:00:00,1
1988-03-02 09:00:00,0
1988-03-03 09:00:00,0
1988-03-04 09:00:00,0
1988-03-05 09:00:00,0
1988-03-06 09:00:00,4
1988-03-07 09:00:00,0
1988-03-08 09:00:00,0
1988-03-09 09:00:00,4
1988-03-10 09:00:00,4
1988-03-11 09:00:00,4
1988-03-12 09:00:00,4
1988-03-13 09:00:00,2
1988-03-14 09:00:00,2
1988-03-15 09:00:00,0
1988-03-16 09:00:00,0
1988-03-17 09:00:00,0
1988-03-18 09:00:00,0
1988-03-19 09:00:00,2
1988-03-20 09:00:00,0
1988-03-21 09:00:00,0
1988-03-22 09:00:00,0
1988-03-23 09:00:00,0
1988-03-24 09:00:00,4
1988-03-25 09:00:00,2
1988-03-26 09:00:00,0
1988-03-27 09:00:00,0
1988-03-28 09:00:00,0
1988-03-29 09:00:00,0
1988-03-30 09:00:00,0
1988-03-31 09:00:00,0
1988-04-01 09:00:00,0
1988-04-02 09:00:00,0
1988-04-03 09:00:00,0
1988-04-04 09:00:00,0
1988-04-05 09:00:00,0
1988-04-06 09:00:00,0
1988-04-07 09:00:00,0
1988-04-08 09:00:00,0
1988-04-09 09:00:00,0
1988-04-10 09:00:00,0
1988-04-11 09:00:00,0
1988-04-12 09:00:00,0
1988-04-13 09:00:00,0
1988-04-14 09:00:00,0
1988-04-15 09:00:00,0
1988-04-16 09:00:00,0
1988-04-17 09:00:00,0
1988-04-18 09:00:00,0
1988-04-19 09:00:00,0
1988-04-20 09:00:00,0
1988-04-21 09:00:00,0
1988-04-22 09:00:00,0
1988-04-23 09:00:00,0
1988-04-24 09:00:00,0
1988-04-25 09:00:00,0
1988-04-26 09:00:00,0
1988-04-27 09:00:00,0
1988-04-28 09:00:00,0
1988-04-29 09:00:00,4
1988-04-30 09:00:00,0
1988-05-01 09:00:00,0
1988-05-02 09:00:00,0
1988-05-03 09:00:00,0
1988-05-04 09:00:00,0
1988-05-05 09:00:00,0
1988-05-06 09:00:00,0
1988-05-07 09:00:00,0
1988-05-08 09:00:00,0
1988-05-09 09:00:00,0
1988-05-10 09:00:00,0
1988-05-11 09:00:00,0
1988-05-12 09:00:00,0
1988-05-13 09:00:00,0
1988-05-14 09:00:00,0
1988-05-15 09:00:00,0
1988-05-16 09:00:00,0
1988-05-17 09:00:00,0
1988-05-18 09:00:00,0
1988-05-19 09:00:00,0
1988-05-20 09:00:00,0
1988-05-21 09:00:00,0
1988-05-22 09:00:00,0
1988-05-23 09:00:00,0
1988-05-24 09:00:00,0
1988-05-25 09:00:00,0
1988-05-26 09:00:00,0
1988-05-27 09:00:00,0
1988-05-28 09:00:00,0
1988-05-29 09:00:00,0
1988-05-30 09:00:00,0
1988-05-31 09:00:00,0
1989-03-01 09:00:00,0
1989-03-02 09:00:00,0
1989-03-03 09:00:00,0
1989-03-04 09:00:00,0
1989-03-05 09:00:00,0
1989-03-06 09:00:00,0
1989-03-07 09:00:00,0
1989-03-08 09:00:00,0
1989-03-09 09:00:00,0
1989-03-10 09:00:00,0
1989-03-11 09:00:00,0
1989-03-12 09:00:00,0
1989-03-13 09:00:00,0
1989-03-14 09:00:00,0
1989-03-15 09:00:00,0
1989-03-16 09:00:00,0
1989-03-17 09:00:00,1
1989-03-18 09:00:00,0
1989-03-19 09:00:00,0
1989-03-20 09:00:00,0
1989-03-21 09:00:00,1
1989-03-22 09:00:00,0
1989-03-23 09:00:00,0
1989-03-24 09:00:00,0
1989-03-25 09:00:00,0
1989-03-26 09:00:00,0
1989-03-27 09:00:00,2
1989-03-28 09:00:00,0
1989-03-29 09:00:00,3
1989-03-30 09:00:00,3
1989-03-31 09:00:00,3
1989-04-01 09:00:00,0
1989-04-02 09:00:00,0
1989-04-03 09:00:00,0
1989-04-04 09:00:00,0
1989-04-05 09:00:00,0
1989-04-06 09:00:00,0
1989-04-07 09:00:00,1
1989-04-08 09:00:00,1
1989-04-09 09:00:00,1
1989-04-10 09:00:00,1
1989-04-11 09:00:00,0
1989-04-12 09:00:00,0
1989-04-13 09:00:00,0
1989-04-14 09:00:00,0
1989-04-15 09:00:00,0
1989-04-16 09:00:00,0
1989-04-17 09:00:00,0
1989-04-18 09:00:00,0
1989-04-19 09:00:00,0
1989-04-20 09:00:00,0
1989-04-21 09:00:00,0
1989-04-22 09:00:00,0
1989-04-23 09:00:00,0
1989-04-24 09:00:00,0
1989-04-25 09:00:00,0
1989-04-26 09:00:00,0
1989-04-27 09:00:00,0
1989-04-28 09:00:00,1
1989-04-29 09:00:00,0
1989-04-30 09:00:00,4
1989-05-01 09:00:00,4
1989-05-02 09:00:00,0
1989-05-03 09:00:00,0
1989-05-04 09:00:00,0
1989-05-05 09:00:00,0
1989-05-06 09:00:00,0
1989-05-07 09:00:00,0
1989-05-08 09:00:00,4
1989-05-09 09:00:00,0
1989-05-10 09:00:00,0
1989-05-11 09:00:00,0
1989-05-12 09:00:00,0
1989-05-13 09:00:00,0
1989-05-14 09:00:00,0
1989-05-15 09:00:00,0
1989-05-16 09:00:00,0
1989-05-17 09:00:00,0
1989-05-18 09:00:00,0
1989-05-19 09:00:00,0
1989-05-20 09:00:00,0
1989-05-21 09:00:00,0
1989-05-22 09:00:00,0
1989-05-23 09:00:00,0
1989-05-24 09:00:00,0
1989-05-25 09:00:00,2
1989-05-26 09:00:00,2
1989-05-27 09:00:00,4
1989-05-28 09:00:00,0
1989-05-29 09:00:00,0
1989-05-30 09:00:00,0
1989-05-31 09:00:00,0
1990-03-01 09:00:00,0
1990-03-02 09:00:00,1
1990-03-03 09:00:00,1
1990-03-04 09:00:00,0
1990-03-05 09:00:00,0
1990-03-06 09:00:00,0
1990-03-07 09:00:00,0
1990-03-08 09:00:00,0
1990-03-09 09:00:00,0
1990-03-10 09:00:00,0
1990-03-11 09:00:00,0
1990-03-12 09:00:00,0
1990-03-13 09:00:00,0
1990-03-14 09:00:00,0
1990-03-15 09:00:00,3
1990-03-16 09:00:00,3
1990-03-17 09:00:00,0
1990-03-18 09:00:00,0
1990-03-19 09:00:00,3
1990-03-20 09:00:00,3
1990-03-21 09:00:00,2
1990-03-22 09:00:00,2
1990-03-23 09:00:00,2
1990-03-24 09:00:00,2
1990-03-25 09:00:00,0
1990-03-26 09:00:00,0
1990-03-27 09:00:00,0
1990-03-28 09:00:00,0
1990-03-29 09:00:00,0
1990-03-30 09:00:00,0
1990-03-31 09:00:00,0
1990-04-01 09:00:00,0
1990-04-02 09:00:00,0
1990-04-03 09:00:00,0
1990-04-04 09:00:00,0
1990-04-05 09:00:00,0
1990-04-06 09:00:00,0
1990-04-07 09:00:00,0
1990-04-08 09:00:00,0
1990-04-09 09:00:00,0
1990-04-10 09:00:00,0
1990-04-11 09:00:00,0
1990-04-12 09:00:00,0
1990-04-13 09:00:00,4
1990-04-14 09:00:00,0
1990-04-15 09:00:00,0
1990-04-16 09:00:00,4
1990-04-17 09:00:00,4
1990-04-18 09:00:00,0
1990-04-19 09:00:00,0
1990-04-20 09:00:00,0
1990-04-21 09:00:00,0
1990-04-22 09:00:00,0
1990-04-23 09:00:00,0
1990-04-24 09:00:00,0
1990-04-25 09:00:00,0
1990-04-26 09:00:00,0
1990-04-27 09:00:00,0
1990-04-28 09:00:00,2
1990-04-29 09:00:00,0
1990-04-30 09:00:00,0
1990-05-01 09:00:00,0
1990-05-02 09:00:00,0
1990-05-03 09:00:00,0
1990-05-04 09:00:00,0
1990-05-05 09:00:00,0
1990-05-06 09:00:00,0
1990-05-07 09:00:00,0
1990-05-08 09:00:00,0
1990-05-09 09:00:00,0
1990-05-10 09:00:00,0
1990-05-11 09:00:00,0
1990-05-12 09:00:00,0
1990-05-13 09:00:00,3
1990-05-14 09:00:00,3
1990-05-15 09:00:00,3
1990-05-16 09:00:00,0
1990-05-17 09:00:00,0
1990-05-18 09:00:00,0
1990-05-19 09:00:00,0
1990-05-20 09:00:00,0
1990-05-21 09:00:00,0
1990-05-22 09:00:00,0
1990-05-23 09:00:00,0
1990-05-24 09:00:00,0
1990-05-25 09:00:00,0
1990-05-26 09:00:00,0
1990-05-27 09:00:00,0
1990-05-28 09:00:00,0
1990-05-29 09:00:00,0
1990-05-30 09:00:00,0
1990-05-31 09:00:00,0
1991-03-01 09:00:00,0
1991-03-02 09:00:00,0
1991-03-03 09:00:00,0
1991-03-04 09:00:00,0
1991-03-05 09:00:00,0
1991-03-06 09:00:00,0
1991-03-07 09:00:00,3
1991-03-08 09:00:00,1
1991-03-09 09:00:00,0
1991-03-10 09:00:00,0
1991-03-11 09:00:00,0
1991-03-12 09:00:00,0
1991-03-13 09:00:00,0
1991-03-14 09:00:00,0
1991-03-15 09:00:00,0
1991-03-16 09:00:00,4
1991-03-17 09:00:00,4
1991-03-18 09:00:00,0
1991-03-19 09:00:00,0
1991-03-20 09:00:00,0
1991-03-21 09:00:00,0
1991-03-22 09:00:00,0
1991-03-23 09:00:00,0
1991-03-24 09:00:00,1
1991-03-25 09:00:00,0
1991-03-26 09:00:00,0
1991-03-27 09:00:00,0
1991-03-28 09:00:00,1
1991-03-29 09:00:00,0
1991-03-30 09:00:00,0
1991-03-31 09:00:00,0
1991-04-01 09:00:00,0
1991-04-02 09:00:00,0
1991-04-03 09:00:00,0
1991-04-04 09:00:00,0
1991-04-05 09:00:00,0
1991-04-06 09:00:00,0
1991-04-07 09:00:00,0
1991-04-08 09:00:00,0
1991-04-09 09:00:00,0
1991-04-10 09:00:00,0
1991-04-11 09:00:00,0
1991-04-12 09:00:00,0
1991-04-13 09:00:00,0
1991-04-14 09:00:00,0
1991-04-15 09:00:00,0
1991-04-16 09:00:00,0
1991-04-17 09:00:00,0
1991-04-18 09:00:00,0
1991-04-19 09:00:00,0
1991-04-20 09:00:00,0
1991-04-21 09:00:00,0
1991-04-22 09:00:00,0
1991-04-23 09:00:00,0
1991-04-24 09:00:00,0
1991-04-25 09:00:00,0
1991-04-26 09:00:00,0
1991-04-27 09:00:00,0
1991-04-28 09:00:00,0
1991-04-29 09:00:00,0
1991-04-30 09:00:00,4
1991-05-01 09:00:00,0
1991-05-02 09:00:00,0
1991-05-03 09:00:00,1
1991-05-04 09:00:00,0
1991-05-05 09:00:00,0
1991-05-06 09:00:00,0
1991-05-07 09:00:00,0
1991-05-08 09:00:00,1
1991-05-09 09:00:00,0
1991-05-10 09:00:00,0
1991-05-11 09:00:00,0
1991-05-12 09:00:00,0
1991-05-13 09:00:00,0
1991-05-14 09:00:00,0
1991-05-15 09:00:00,0
1991-05-16 09:00:00,0
1991-05-17 09:00:00,0
1991-05-18 09:00:00,0
1991-05-19 09:00:00,0
1991-05-20 09:00:00,4
1991-05-21 09:00:00,0
1991-05-22 09:00:00,0
1991-05-23 09:00:00,4
1991-05-24 09:00:00,0
1991-05-25 09:00:00,0
1991-05-26 09:00:00,0
1991-05-27 09:00:00,0
1991-05-28 09:00:00,0
1991-05-29 09:00:00,0
1991-05-30 09:00:00,0
1991-05-31 09:00:00,0
1992-03-01 09:00:00,0
1992-03-02 09:00:00,0
1992-03-03 09:00:00,0
1992-03-04 09:00:00,0
1992-03-05 09:00:00,0
1992-03-06 09:00:00,0
1992-03-07 09:00:00,0
1992-03-08 09:00:00,0
1992-03-09 09:00:00,0
1992-03-10 09:00:00,3
1992-03-11 09:00:00,0
1992-03-12 09:00:00,4
1992-03-13 09:00:00,2
1992-03-14 09:00:00,0
1992-03-15 09:00:00,0
1992-03-16 09:00:00,2
1992-03-17 09:00:00,0
1992-03-18 09:00:00,0
1992-03-19 09:00:00,0
1992-03-20 09:00:00,2
1992-03-21 09:00:00,0
1992-03-22 09:00:00,2
1992-03-23 09:00:00,4
1992-03-24 09:00:00,1
1992-03-25 09:00:00,1
1992-03-26 09:00:00,1
1992-03-27 09:00:00,0
1992-03-28 09:00:00,0
1992-03-29 09:00:00,4
1992-03-30 09:00:00,4
1992-03-31 09:00:00,0
1992-04-01 09:00:00,0
1992-04-02 09:00:00,0
1992-04-03 09:00:00,0
1992-04-04 09:00:00,0
1992-04-05 09:00:00,0
1992-04-06 09:00:00,0
1992-04-07 09:00:00,0
1992-04-08 09:00:00,0
1992-04-09 09:00:00,0
1992-04-10 09:00:00,0
1992-04-11 09:00:00,0
1992-04-12 09:00:00,0
1992-04-13 09:00:00,0
1992-04-14 09:00:00,0
1992-04-15 09:00:00,0
1992-04-16 09:00:00,0
1992-04-17 09:00:00,0
1992-04-18 09:00:00,0
1992-04-19 09:00:00,0
1992-04-20 09:00:00,4
1992-04-21 09:00:00,0
1992-04-22 09:00:00,0
1992-04-23 09:00:00,0
1992-04-24 09:00:00,0
1992-04-25 09:00:00,0
1992-04-26 09:00:00,3
1992-04-27 09:00:00,0
1992-04-28 09:00:00,3
1992-04-29 09:00:00,0
1992-04-30 09:00:00,0
1992-05-01 09:00:00,0
1992-05-02 09:00:00,0
1992-05-03 09:00:00,0
1992-05-04 09:00:00,0
1992-05-05 09:00:00,0
1992-05-06 09:00:00,0
1992-05-07 09:00:00,0
1992-05-08 09:00:00,0
1992-05-09 09:00:00,0
1992-05-10 09:00:00,0
1992-05-11 09:00:00,0
1992-05-12 09:00:00,0
1992-05-13 09:00:00,0
1992-05-14 09:00:00,0
1992-05-15 09:00:00,0
1992-05-16 09:00:00,0
1992-05-17 09:00:00,0
1992-05-18 09:00:00,0
1992-05-19 09:00:00,0
1992-05-20 09:00:00,0
1992-05-21 09:00:00,0
1992-05-22 09:00:00,0
1992-05-23 09:00:00,0
1992-05-24 09:00:00,0
1992-05-25 09:00:00,0
1992-05-26 09:00:00,0
1992-05-27 09:00:00,0
1992-05-28 09:00:00,0
1992-05-29 09:00:00,0
1992-05-30 09:00:00,0
1992-05-31 09:00:00,0
1993-03-01 09:00:00,0
1993-03-02 09:00:00,0
1993-03-03 09:00:00,0
1993-03-04 09:00:00,0
1993-03-05 09:00:00,0
1993-03-06 09:00:00,0
1993-03-07 09:00:00,0
1993-03-08 09:00:00,0
1993-03-09 09:00:00,0
1993-03-10 09:00:00,4
1993-03-11 09:00:00,3
1993-03-12 09:00:00,0
1993-03-13 09:00:00,0
1993-03-14 09:00:00,0
1993-03-15 09:00:00,0
1993-03-16 09:00:00,0
1993-03-17 09:00:00,0
1993-03-18 09:00:00,0
1993-03-19 09:00:00,0
1993-03-20 09:00:00,2
1993-03-21 09:00:00,0
1993-03-22 09:00:00,3
1993-03-23 09:00:00,2
1993-03-24 09:00:00,2
1993-03-25 09:00:00,2
1993-03-26 09:00:00,1
1993-03-27 09:00:00,0
1993-03-28 09:00:00,0
1993-03-29 09:00:00,0
1993-03-30 09:00:00,0
1993-03-31 09:00:00,0
1993-04-01 09:00:00,0
1993-04-02 09:00:00,0
1993-04-03 09:00:00,0
1993-04-04 09:00:00,0
1993-04-05 09:00:00,0
1993-04-06 09:00:00,0
1993-04-07 09:00:00,0
1993-04-08 09:00:00,0
1993-04-09 09:00:00,0
1993-04-10 09:00:00,0
1993-04-11 09:00:00,0
1993-04-12 09:00:00,0
1993-04-13 09:00:00,1
1993-04-14 09:00:00,0
1993-04-15 09:00:00,0
1993-04-16 09:00:00,0
1993-04-17 09:00:00,0
1993-04-18 09:00:00,0
1993-04-19 09:00:00,0
1993-04-20 09:00:00,0
1993-04-21 09:00:00,0
1993-04-22 09:00:00,0
1993-04-23 09:00:00,0
1993-04-24 09:00:00,0
1993-04-25 09:00:00,0
1993-04-26 09:00:00,0
1993-04-27 09:00:00,3
1993-04-28 09:00:00,3
1993-04-29 09:00:00,0
1993-04-30 09:00:00,0
1993-05-01 09:00:00,0
1993-05-02 09:00:00,0
1993-05-03 09:00:00,0
1993-05-04 09:00:00,4
1993-05-05 09:00:00,0
1993-05-06 09:00:00,0
1993-05-07 09:00:00,4
1993-05-08 09:00:00,4
1993-05-09 09:00:00,0
1993-05-10 09:00:00,0
1993-05-11 09:00:00,0
1993-05-12 09:00:00,0
1993-05-13 09:00:00,0
1993-05-14 09:00:00,0
1993-05-15 09:00:00,0
1993-05-16 09:00:00,0
1993-05-17 09:00:00,0
1993-05-18 09:00:00,0
1993-05-19 09:00:00,0
1993-05-20 09:00:00,0
1993-05-21 09:00:00,0
1993-05-22 09:00:00,0
1993-05-23 09:00:00,0
1993-05-24 09:00:00,3
1993-05-25 09:00:00,0
1993-05-26 09:00:00,0
1993-05-27 09:00:00,0
1993-05-28 09:00:00,0
1993-05-29 09:00:00,0
1993-05-30 09:00:00,0
1993-05-31 09:00:00,0
1994-03-01 09:00:00,0
1994-03-02 09:00:00,0
1994-03-03 09:00:00,0
1994-03-04 09:00:00,0
1994-03-05 09:00:00,0
1994-03-06 09:00:00,0
1994-03-07 09:00:00,0
1994-03-08 09:00:00,0
1994-03-09 09:00:00,0
1994-03-10 09:00:00,0
1994-03-11 09:00:00,3
1994-03-12 09:00:00,3
1994-03-13 09:00:00,3
1994-03-14 09:00:00,0
1994-03-15 09:00:00,0
1994-03-16 09:00:00,0
1994-03-17 09:00:00,3
1994-03-18 09:00:00,0
1994-03-19 09:00:00,0
1994-03-20 09:00:00,0
1994-03-21 09:00:00,0
1994-03-22 09:00:00,0
1994-03-23 09:00:00,0
1994-03-24 09:00:00,0
1994-03-25 09:00:00,0
1994-03-26 09:00:00,0
1994-03-27 09:00:00,0
1994-03-28 09:00:00,1
1994-03-29 09:00:00,0
1994-03-30 09:00:00,0
1994-03-31 09:00:00,0
1994-04-01 09:00:00,0
1994-04-02 09:00:00,0
1994-04-03 09:00:00,4
1994-04-04 09:00:00,4
1994-04-05 09:00:00,4
1994-04-06 09:00:00,0
1994-04-07 09:00:00,0
1994-04-08 09:00:00,0
1994-04-09 09:00:00,0
1994-04-10 09:00:00,0
1994-04-11 09:00:00,0
1994-04-12 09:00:00,0
1994-04-13 09:00:00,0
1994-04-14 09:00:00,0
1994-04-15 09:00:00,0
1994-04-16 09:00:00,0
1994-04-17 09:00:00,0
1994-04-18 09:00:00,0
1994-04-19 09:00:00,0
1994-04-20 09:00:00,0
1994-04-21 09:00:00,0
1994-04-22 09:00:00,0
1994-04-23 09:00:00,0
1994-04-24 09:00:00,0
1994-04-25 09:00:00,0
1994-04-26 09:00:00,0
1994-04-27 09:00:00,0
1994-04-28 09:00:00,0
1994-04-29 09:00:00,0
1994-04-30 09:00:00,0
1994-05-01 09:00:00,0
1994-05-02 09:00:00,0
1994-05-03 09:00:00,0
1994-05-04 09:00:00,0
1994-05-05 09:00:00,0
1994-05-06 09:00:00,0
1994-05-07 09:00:00,0
1994-05-08 09:00:00,0
1994-05-09 09:00:00,0
1994-05-10 09:00:00,0
1994-05-11 09:00:00,0
1994-05-12 09:00:00,0
1994-05-13 09:00:00,0
1994-05-14 09:00:00,0
1994-05-15 09:00:00,0
1994-05-16 09:00:00,0
1994-05-17 09:00:00,0
1994-05-18 09:00:00,0
1994-05-19 09:00:00,0
1994-05-20 09:00:00,0
1994-05-21 09:00:00,0
1994-05-22 09:00:00,0
1994-05-23 09:00:00,0
1994-05-24 09:00:00,0
1994-05-25 09:00:00,0
1994-05-26 09:00:00,0
1994-05-27 09:00:00,0
1994-05-28 09:00:00,0
1994-05-29 09:00:00,0
1994-05-30 09:00:00,0
1994-05-31 09:00:00,0
1995-03-01 09:00:00,0
1995-03-02 09:00:00,0
1995-03-03 09:00:00,0
1995-03-04 09:00:00,0
1995-03-05 09:00:00,0
1995-03-06 09:00:00,0
1995-03-07 09:00:00,1
1995-03-08 09:00:00,1
1995-03-09 09:00:00,1
1995-03-10 09:00:00,0
1995-03-11 09:00:00,0
1995-03-12 09:00:00,0
1995-03-13 09:00:00,0
1995-03-14 09:00:00,0
1995-03-15 09:00:00,0
1995-03-16 09:00:00,0
1995-03-17 09:00:00,0
1995-03-18 09:00:00,0
1995-03-19 09:00:00,3
1995-03-20 09:00:00,0
1995-03-21 09:00:00,4
1995-03-22 09:00:00,4
1995-03-23 09:00:00,4
1995-03-24 09:00:00,0
1995-03-25 09:00:00,0
1995-03-26 09:00:00,0
1995-03-27 09:00:00,0
1995-03-28 09:00:00,0
1995-03-29 09:00:00,0
1995-03-30 09:00:00,0
1995-03-31 09:00:00,0
1995-04-01 09:00:00,0
1995-04-02 09:00:00,0
1995-04-03 09:00:00,0
1995-04-04 09:00:00,0
1995-04-05 09:00:00,0
1995-04-06 09:00:00,0
1995-04-07 09:00:00,0
1995-04-08 09:00:00,0
1995-04-09 09:00:00,0
1995-04-10 09:00:00,0
1995-04-11 09:00:00,0
1995-04-12 09:00:00,0
1995-04-13 09:00:00,0
1995-04-14 09:00:00,0
1995-04-15 09:00:00,0
1995-04-16 09:00:00,0
1995-04-17 09:00:00,4
1995-04-18 09:00:00,0
1995-04-19 09:00:00,0
1995-04-20 09:00:00,0
1995-04-21 09:00:00,1
1995-04-22 09:00:00,0
1995-04-23 09:00:00,0
1995-04-24 09:00:00,1
1995-04-25 09:00:00,1
1995-04-26 09:00:00,0
1995-04-27 09:00:00,0
1995-04-28 09:00:00,0
1995-04-29 09:00:00,0
1995-04-30 09:00:00,0
1995-05-01 09:00:00,0
1995-05-02 09:00:00,0
1995-05-03 09:00:00,0
1995-05-04 09:00:00,0
1995-05-05 09:00:00,0
1995-05-06 09:00:00,0
1995-05-07 09:00:00,0
1995-05-08 09:00:00,0
1995-05-09 09:00:00,0
1995-05-10 09:00:00,0
1995-05-11 09:00:00,0
1995-05-12 09:00:00,0
1995-05-13 09:00:00,0
1995-05-14 09:00:00,1
1995-05-15 09:00:00,1
1995-05-16 09:00:00,1
1995-05-17 09:00:00,1
1995-05-18 09:00:00,1
1995-05-19 09:00:00,1
1995-05-20 09:00:00,0
1995-05-21 09:00:00,0
1995-05-22 09:00:00,0
1995-05-23 09:00:00,0
1995-05-24 09:00:00,0
1995-05-25 09:00:00,0
1995-05-26 09:00:00,0
1995-05-27 09:00:00,0
1995-05-28 09:00:00,0
1995-05-29 09:00:00,0
1995-05-30 09:00:00,0
1995-05-31 09:00:00,0
1996-03-01 09:00:00,0
1996-03-02 09:00:00,0
1996-03-03 09:00:00,0
1996-03-04 09:00:00,4
1996-03-05 09:00:00,4
1996-03-06 09:00:00,0
1996-03-07 09:00:00,0
1996-03-08 09:00:00,1
1996-03-09 09:00:00,1
1996-03-10 09:00:00,4
1996-03-11 09:00:00,4
1996-03-12 09:00:00,1
1996-03-13 09:00:00,1
1996-03-14 09:00:00,1
1996-03-15 09:00:00,1
1996-03-16 09:00:00,0
1996-03-17 09:00:00,4
1996-03-18 09:00:00,4
1996-03-19 09:00:00,0
1996-03-20 09:00:00,0
1996-03-21 09:00:00,0
1996-03-22 09:00:00,0
1996-03-23 09:00:00,2
1996-03-24 09:00:00,2
1996-03-25 09:00:00,0
1996-03-26 09:00:00,3
1996-03-27 09:00:00,0
1996-03-28 09:00:00,0
1996-03-29 09:00:00,2
1996-03-30 09:00:00,2
1996-03-31 09:00:00,2
1996-04-01 09:00:00,0
1996-04-02 09:00:00,0
1996-04-03 09:00:00,0
1996-04-04 09:00:00,0
1996-04-05 09:00:00,0
1996-04-06 09:00:00,0
1996-04-07 09:00:00,0
1996-04-08 09:00:00,0
1996-04-09 09:00:00,0
1996-04-10 09:00:00,0
1996-04-11 09:00:00,0
1996-04-12 09:00:00,0
1996-04-13 09:00:00,0
1996-04-14 09:00:00,0
1996-04-15 09:00:00,0
1996-04-16 09:00:00,0
1996-04-17 09:00:00,0
1996-04-18 09:00:00,0
1996-04-19 09:00:00,0
1996-04-20 09:00:00,0
1996-04-21 09:00:00,0
1996-04-22 09:00:00,0
1996-04-23 09:00:00,0
1996-04-24 09:00:00,0
1996-04-25 09:00:00,0
1996-04-26 09:00:00,3
1996-04-27 09:00:00,0
1996-04-28 09:00:00,0
1996-04-29 09:00:00,0
1996-04-30 09:00:00,0
1996-05-01 09:00:00,0
1996-05-02 09:00:00,0
1996-05-03 09:00:00,0
1996-05-04 09:00:00,0
1996-05-05 09:00:00,0
1996-05-06 09:00:00,0
1996-05-07 09:00:00,0
1996-05-08 09:00:00,0
1996-05-09 09:00:00,0
1996-05-10 09:00:00,0
1996-05-11 09:00:00,0
1996-05-12 09:00:00,0
1996-05-13 09:00:00,0
1996-05-14 09:00:00,0
1996-05-15 09:00:00,0
1996-05-16 09:00:00,0
1996-05-17 09:00:00,0
1996-05-18 09:00:00,0
1996-05-19 09:00:00,0
1996-05-20 09:00:00,0
1996-05-21 09:00:00,0
1996-05-22 09:00:00,0
1996-05-23 09:00:00,0
1996-05-24 09:00:00,0
1996-05-25 09:00:00,0
1996-05-26 09:00:00,0
1996-05-27 09:00:00,0
1996-05-28 09:00:00,0
1996-05-29 09:00:00,0
1996-05-30 09:00:00,0
1996-05-31 09:00:00,0
1997-03-01 09:00:00,0
1997-03-02 09:00:00,0
1997-03-03 09:00:00,0
1997-03-04 09:00:00,0
1997-03-05 09:00:00,0
1997-03-06 09:00:00,3
1997-03-07 09:00:00,0
1997-03-08 09:00:00,3
1997-03-09 09:00:00,0
1997-03-10 09:00:00,3
1997-03-11 09:00:00,0
1997-03-12 09:00:00,0
1997-03-13 09:00:00,0
1997-03-14 09:00:00,0
1997-03-15 09:00:00,2
1997-03-16 09:00:00,3
1997-03-17 09:00:00,3
1997-03-18 09:00:00,3
1997-03-19 09:00:00,0
1997-03-20 09:00:00,0
1997-03-21 09:00:00,0
1997-03-22 09:00:00,0
1997-03-23 09:00:00,0
1997-03-24 09:00:00,0
1997-03-25 09:00:00,0
1997-03-26 09:00:00,0
1997-03-27 09:00:00,3
1997-03-28 09:00:00,0
1997-03-29 09:00:00,0
1997-03-30 09:00:00,0
1997-03-31 09:00:00,0
1997-04-01 09:00:00,0
1997-04-02 09:00:00,0
1997-04-03 09:00:00,0
1997-04-04 09:00:00,0
1997-04-05 09:00:00,0
1997-04-06 09:00:00,0
1997-04-07 09:00:00,0
1997-04-08 09:00:00,0
1997-04-09 09:00:00,0
1997-04-10 09:00:00,0
1997-04-11 09:00:00,3
1997-04-12 09:00:00,0
1997-04-13 09:00:00,0
1997-04-14 09:00:00,0
1997-04-15 09:00:00,0
1997-04-16 09:00:00,0
1997-04-17 09:00:00,0
1997-04-18 09:00:00,0
1997-04-19 09:00:00,0
1997-04-20 09:00:00,0
1997-04-21 09:00:00,0
1997-04-22 09:00:00,0
1997-04-23 09:00:00,0
1997-04-24 09:00:00,0
1997-04-25 09:00:00,0
1997-04-26 09:00:00,0
1997-04-27 09:00:00,0
1997-04-28 09:00:00,0
1997-04-29 09:00:00,0
1997-04-30 09:00:00,0
1997-05-01 09:00:00,0
1997-05-02 09:00:00,0
1997-05-03 09:00:00,0
1997-05-04 09:00:00,0
1997-05-05 09:00:00,0
1997-05-06 09:00:00,3
1997-05-07 09:00:00,0
1997-05-08 09:00:00,0
1997-05-09 09:00:00,0
1997-05-10 09:00:00,0
1997-05-11 09:00:00,0
1997-05-12 09:00:00,0
1997-05-13 09:00:00,0
1997-05-14 09:00:00,0
1997-05-15 09:00:00,0
1997-05-16 09:00:00,0
1997-05-17 09:00:00,0
1997-05-18 09:00:00,0
1997-05-19 09:00:00,0
1997-05-20 09:00:00,0
1997-05-21 09:00:00,0
1997-05-22 09:00:00,0
1997-05-23 09:00:00,0
1997-05-24 09:00:00,0
1997-05-25 09:00:00,0
1997-05-26 09:00:00,0
1997-05-27 09:00:00,0
1997-05-28 09:00:00,0
1997-05-29 09:00:00,0
1997-05-30 09:00:00,0
1997-05-31 09:00:00,0
1998-03-01 09:00:00,0
1998-03-02 09:00:00,3
1998-03-03 09:00:00,3
1998-03-04 09:00:00,3
1998-03-05 09:00:00,0
1998-03-06 09:00:00,2
1998-03-07 09:00:00,2
1998-03-08 09:00:00,0
1998-03-09 09:00:00,0
1998-03-10 09:00:00,0
1998-03-11 09:00:00,0
1998-03-12 09:00:00,0
1998-03-13 09:00:00,0
1998-03-14 09:00:00,0
1998-03-15 09:00:00,0
1998-03-16 09:00:00,0
1998-03-17 09:00:00,0
1998-03-18 09:00:00,0
1998-03-19 09:00:00,2
1998-03-20 09:00:00,0
1998-03-21 09:00:00,0
1998-03-22 09:00:00,2
1998-03-23 09:00:00,2
1998-03-24 09:00:00,2
1998-03-25 09:00:00,0
1998-03-26 09:00:00,0
1998-03-27 09:00:00,0
1998-03-28 09:00:00,0
1998-03-29 09:00:00,0
1998-03-30 09:00:00,3
1998-03-31 09:00:00,3
1998-04-01 09:00:00,3
1998-04-02 09:00:00,0
1998-04-03 09:00:00,0
1998-04-04 09:00:00,0
1998-04-05 09:00:00,3
1998-04-06 09:00:00,1
1998-04-07 09:00:00,0
1998-04-08 09:00:00,0
1998-04-09 09:00:00,0
1998-04-10 09:00:00,0
1998-04-11 09:00:00,0
1998-04-12 09:00:00,0
1998-04-13 09:00:00,0
1998-04-14 09:00:00,0
1998-04-15 09:00:00,0
1998-04-16 09:00:00,0
1998-04-17 09:00:00,0
1998-04-18 09:00:00,0
1998-04-19 09:00:00,0
1998-04-20 09:00:00,0
1998-04-21 09:00:00,2
1998-04-22 09:00:00,3
1998-04-23 09:00:00,0
1998-04-24 09:00:00,4
1998-04-25 09:00:00,4
1998-04-26 09:00:00,0
1998-04-27 09:00:00,0
1998-04-28 09:00:00,0
1998-04-29 09:00:00,0
1998-04-30 09:00:00,0
1998-05-01 09:00:00,0
1998-05-02 09:00:00,1
1998-05-03 09:00:00,0
1998-05-04 09:00:00,0
1998-05-05 09:00:00,0
1998-05-06 09:00:00,0
1998-05-07 09:00:00,0
1998-05-08 09:00:00,0
1998-05-09 09:00:00,0
1998-05-10 09:00:00,0
1998-05-11 09:00:00,0
1998-05-12 09:00:00,0
1998-05-13 09:00:00,0
1998-05-14 09:00:00,0
1998-05-15 09:00:00,0
1998-05-16 09:00:00,0
1998-05-17 09:00:00,0
1998-05-18 09:00:00,4
1998-05-19 09:00:00,0
1998-05-20 09:00:00,0
1998-05-21 09:00:00,0
1998-05-22 09:00:00,0
1998-05-23 09:00:00,0
1998-05-24 09:00:00,0
1998-05-25 09:00:00,0
1998-05-26 09:00:00,0
1998-05-27 09:00:00,0
1998-05-28 09:00:00,0
1998-05-29 09:00:00,0
1998-05-30 09:00:00,0
1998-05-31 09:00:00,0
1999-03-01 09:00:00,3
1999-03-02 09:00:00,0
1999-03-03 09:00:00,1
1999-03-04 09:00:00,0
1999-03-05 09:00:00,0
1999-03-06 09:00:00,1
1999-03-07 09:00:00,1
1999-03-08 09:00:00,1
1999-03-09 09:00:00,0
1999-03-10 09:00:00,0
1999-03-11 09:00:00,0
1999-03-12 09:00:00,0
1999-03-13 09:00:00,0
1999-03-14 09:00:00,0
1999-03-15 09:00:00,0
1999-03-16 09:00:00,0
1999-03-17 09:00:00,0
1999-03-18 09:00:00,0
1999-03-19 09:00:00,0
1999-03-20 09:00:00,0
1999-03-21 09:00:00,0
1999-03-22 09:00:00,0
1999-03-23 09:00:00,0
1999-03-24 09:00:00,0
1999-03-25 09:00:00,0
1999-03-26 09:00:00,0
1999-03-27 09:00:00,0
1999-03-28 09:00:00,0
1999-03-29 09:00:00,0
1999-03-30 09:00:00,0
1999-03-31 09:00:00,0
1999-04-01 09:00:00,0
1999-04-02 09:00:00,0
1999-04-03 09:00:00,0
1999-04-04 09:00:00,0
1999-04-05 09:00:00,0
1999-04-06 09:00:00,3
1999-04-07 09:00:00,0
1999-04-08 09:00:00,0
1999-04-09 09:00:00,3
1999-04-10 09:00:00,4
1999-04-11 09:00:00,0
1999-04-12 09:00:00,0
1999-04-13 09:00:00,0
1999-04-14 09:00:00,0
1999-04-15 09:00:00,0
1999-04-16 09:00:00,0
1999-04-17 09:00:00,0
1999-04-18 09:00:00,0
1999-04-19 09:00:00,0
1999-04-20 09:00:00,0
1999-04-21 09:00:00,0
1999-04-22 09:00:00,0
1999-04-23 09:00:00,0
1999-04-24 09:00:00,0
1999-04-25 09:00:00,0
1999-04-26 09:00:00,0
1999-04-27 09:00:00,0
1999-04-28 09:00:00,0
1999-04-29 09:00:00,0
1999-04-30 09:00:00,0
1999-05-01 09:00:00,0
1999-05-02 09:00:00,0
1999-05-03 09:00:00,0
1999-05-04 09:00:00,0
1999-05-05 09:00:00,0
1999-05-06 09:00:00,0
1999-05-07 09:00:00,0
1999-05-08 09:00:00,0
1999-05-09 09:00:00,0
1999-05-10 09:00:00,0
1999-05-11 09:00:00,0
1999-05-12 09:00:00,0
1999-05-13 09:00:00,0
1999-05-14 09:00:00,0
1999-05-15 09:00:00,0
1999-05-16 09:00:00,0
1999-05-17 09:00:00,0
1999-05-18 09:00:00,0
1999-05-19 09:00:00,0
1999-05-20 09:00:00,0
1999-05-21 09:00:00,0
1999-05-22 09:00:00,0
1999-05-23 09:00:00,0
1999-05-24 09:00:00,0
1999-05-25 09:00:00,0
1999-05-26 09:00:00,0
1999-05-27 09:00:00,2
1999-05-28 09:00:00,2
1999-05-29 09:00:00,2
1999-05-30 09:00:00,2
1999-05-31 09:00:00,2
2000-03-01 09:00:00,0
2000-03-02 09:00:00,0
2000-03-03 09:00:00,0
2000-03-04 09:00:00,0
2000-03-05 09:00:00,0
2000-03-06 09:00:00,0
2000-03-07 09:00:00,0
2000-03-08 09:00:00,0
2000-03-09 09:00:00,0
2000-03-10 09:00:00,0
2000-03-11 09:00:00,0
2000-03-12 09:00:00,0
2000-03-13 09:00:00,0
2000-03-14 09:00:00,0
2000-03-15 09:00:00,0
2000-03-16 09:00:00,0
2000-03-17 09:00:00,0
2000-03-18 09:00:00,0
2000-03-19 09:00:00,0
2000-03-20 09:00:00,0
2000-03-21 09:00:00,0
2000-03-22 09:00:00,0
2000-03-23 09:00:00,0
2000-03-24 09:00:00,0
2000-03-25 09:00:00,0
2000-03-26 09:00:00,0
2000-03-27 09:00:00,0
2000-03-28 09:00:00,0
2000-03-29 09:00:00,0
2000-03-30 09:00:00,0
2000-03-31 09:00:00,0
2000-04-01 09:00:00,0
2000-04-02 09:00:00,0
2000-04-03 09:00:00,0
2000-04-04 09:00:00,0
2000-04-05 09:00:00,0
2000-04-06 09:00:00,0
2000-04-07 09:00:00,0
2000-04-08 09:00:00,0
2000-04-09 09:00:00,0
2000-04-10 09:00:00,0
2000-04-11 09:00:00,0
2000-04-12 09:00:00,0
2000-04-13 09:00:00,0
2000-04-14 09:00:00,0
2000-04-15 09:00:00,0
2000-04-16 09:00:00,0
2000-04-17 09:00:00,0
2000-04-18 09:00:00,0
2000-04-19 09:00:00,0
2000-04-20 09:00:00,0
2000-04-21 09:00:00,0
2000-04-22 09:00:00,0
2000-04-23 09:00:00,0
2000-04-24 09:00:00,2
2000-04-25 09:00:00,0
2000-04-26 09:00:00,0
2000-04-27 09:00:00,0
2000-04-28 09:00:00,0
2000-04-29 09:00:00,2
2000-04-30 09:00:00,0
2000-05-01 09:00:00,0
2000-05-02 09:00:00,0
2000-05-03 09:00:00,0
2000-05-04 09:00:00,0
2000-05-05 09:00:00,0
2000-05-06 09:00:00,0
2000-05-07 09:00:00,0
2000-05-08 09:00:00,0
2000-05-09 09:00:00,0
2000-05-10 09:00:00,0
2000-05-11 09:00:00,0
2000-05-12 09:00:00,0
2000-05-13 09:00:00,0
2000-05-14 09:00:00,0
2000-05-15 09:00:00,0
2000-05-16 09:00:00,0
2000-05-17 09:00:00,0
2000-05-18 09:00:00,0
2000-05-19 09:00:00,0
2000-05-20 09:00:00,0
2000-05-21 09:00:00,0
2000-05-22 09:00:00,0
2000-05-23 09:00:00,0
2000-05-24 09:00:00,2
2000-05-25 09:00:00,2
2000-05-26 09:00:00,2
2000-05-27 09:00:00,1
2000-05-28 09:00:00,4
2000-05-29 09:00:00,0
2000-05-30 09:00:00,0
2000-05-31 09:00:00,0
2001-03-01 09:00:00,0
2001-03-02 09:00:00,0
2001-03-03 09:00:00,0
2001-03-04 09:00:00,0
2001-03-05 09:00:00,0
2001-03-06 09:00:00,0
2001-03-07 09:00:00,0
2001-03-08 09:00:00,0
2001-03-09 09:00:00,0
2001-03-10 09:00:00,0
2001-03-11 09:00:00,0
2001-03-12 09:00:00,0
2001-03-13 09:00:00,0
2001-03-14 09:00:00,0
2001-03-15 09:00:00,0
2001-03-16 09:00:00,0
2001-03-17 09:00:00,0
2001-03-18 09:00:00,0
2001-03-19 09:00:00,0
2001-03-20 09:00:00,0
2001-03-21 09:00:00,0
2001-03-22 09:00:00,0
2001-03-23 09:00:00,2
2001-03-24 09:00:00,0
2001-03-25 09:00:00,0
2001-03-26 09:00:00,0
2001-03-27 09:00:00,0
2001-03-28 09:00:00,0
2001-03-29 09:00:00,0
2001-03-30 09:00:00,0
2001-03-31 09:00:00,0
2001-04-01 09:00:00,0
2001-04-02 09:00:00,0
2001-04-03 09:00:00,0
2001-04-04 09:00:00,0
2001-04-05 09:00:00,0
2001-04-06 09:00:00,0
2001-04-07 09:00:00,0
2001-04-08 09:00:00,0
2001-04-09 09:00:00,0
2001-04-10 09:00:00,0
2001-04-11 09:00:00,0
2001-04-12 09:00:00,0
2001-04-13 09:00:00,0
2001-04-14 09:00:00,0
2001-04-15 09:00:00,0
2001-04-16 09:00:00,0
2001-04-17 09:00:00,0
2001-04-18 09:00:00,0
2001-04-19 09:00:00,0
2001-04-20 09:00:00,0
2001-04-21 09:00:00,0
2001-04-22 09:00:00,0
2001-04-23 09:00:00,0
2001-04-24 09:00:00,0
2001-04-25 09:00:00,0
2001-04-26 09:00:00,0
2001-04-27 09:00:00,1
2001-04-28 09:00:00,0
2001-04-29 09:00:00,0
2001-04-30 09:00:00,0
2001-05-01 09:00:00,0
2001-05-02 09:00:00,0
2001-05-03 09:00:00,0
2001-05-04 09:00:00,0
2001-05-05 09:00:00,0
2001-05-06 09:00:00,0
2001-05-07 09:00:00,0
2001-05-08 09:00:00,0
2001-05-09 09:00:00,0
2001-05-10 09:00:00,0
2001-05-11 09:00:00,0
2001-05-12 09:00:00,0
2001-05-13 09:00:00,0
2001-05-14 09:00:00,0
2001-05-15 09:00:00,0
2001-05-16 09:00:00,0
2001-05-17 09:00:00,0
2001-05-18 09:00:00,0
2001-05-19 09:00:00,0
2001-05-20 09:00:00,0
2001-05-21 09:00:00,0
2001-05-22 09:00:00,0
2001-05-23 09:00:00,0
2001-05-24 09:00:00,0
2001-05-25 09:00:00,0
2001-05-26 09:00:00,0
2001-05-27 09:00:00,0
2001-05-28 09:00:00,0
2001-05-29 09:00:00,0
2001-05-30 09:00:00,0
2001-05-31 09:00:00,0
2002-03-01 09:00:00,0
2002-03-02 09:00:00,1
2002-03-03 09:00:00,0
2002-03-04 09:00:00,0
2002-03-05 09:00:00,0
2002-03-06 09:00:00,0
2002-03-07 09:00:00,0
2002-03-08 09:00:00,0
2002-03-09 09:00:00,0
2002-03-10 09:00:00,0
2002-03-11 09:00:00,0
2002-03-12 09:00:00,0
2002-03-13 09:00:00,0
2002-03-14 09:00:00,0
2002-03-15 09:00:00,0
2002-03-16 09:00:00,0
2002-03-17 09:00:00,0
2002-03-18 09:00:00,0
2002-03-19 09:00:00,0
2002-03-20 09:00:00,0
2002-03-21 09:00:00,0
2002-03-22 09:00:00,3
2002-03-23 09:00:00,0
2002-03-24 09:00:00,0
2002-03-25 09:00:00,0
2002-03-26 09:00:00,0
2002-03-27 09:00:00,0
2002-03-28 09:00:00,0
2002-03-29 09:00:00,0
2002-03-30 09:00:00,0
2002-03-31 09:00:00,0
2002-04-01 09:00:00,0
2002-04-02 09:00:00,0
2002-04-03 09:00:00,0
2002-04-04 09:00:00,4
2002-04-05 09:00:00,0
2002-04-06 09:00:00,0
2002-04-07 09:00:00,0
2002-04-08 09:00:00,0
2002-04-09 09:00:00,0
2002-04-10 09:00:00,0
2002-04-11 09:00:00,0
2002-04-12 09:00:00,0
2002-04-13 09:00:00,1
2002-04-14 09:00:00,1
2002-04-15 09:00:00,0
2002-04-16 09:00:00,0
2002-04-17 09:00:00,0
2002-04-18 09:00:00,0
2002-04-19 09:00:00,0
2002-04-20 09:00:00,0
2002-04-21 09:00:00,0
2002-04-22 09:00:00,4
2002-04-23 09:00:00,0
2002-04-24 09:00:00,0
2002-04-25 09:00:00,0
2002-04-26 09:00:00,0
2002-04-27 09:00:00,0
2002-04-28 09:00:00,0
2002-04-29 09:00:00,0
2002-04-30 09:00:00,0
2002-05-01 09:00:00,0
2002-05-02 09:00:00,0
2002-05-03 09:00:00,0
2002-05-04 09:00:00,0
2002-05-05 09:00:00,0
2002-05-06 09:00:00,0
2002-05-07 09:00:00,0
2002-05-08 09:00:00,0
2002-05-09 09:00:00,0
2002-05-10 09:00:00,0
2002-05-11 09:00:00,0
2002-05-12 09:00:00,0
2002-05-13 09:00:00,4
2002-05-14 09:00:00,3
2002-05-15 09:00:00,0
2002-05-16 09:00:00,0
2002-05-17 09:00:00,0
2002-05-18 09:00:00,0
2002-05-19 09:00:00,2
2002-05-20 09:00:00,2
2002-05-21 09:00:00,0
2002-05-22 09:00:00,0
2002-05-23 09:00:00,0
2002-05-24 09:00:00,0
2002-05-25 09:00:00,0
2002-05-26 09:00:00,0
2002-05-27 09:00:00,0
2002-05-28 09:00:00,0
2002-05-29 09:00:00,0
2002-05-30 09:00:00,0
2002-05-31 09:00:00,0
2003-03-01 09:00:00,0
2003-03-02 09:00:00,0
2003-03-03 09:00:00,0
2003-03-04 09:00:00,0
2003-03-05 09:00:00,0
2003-03-06 09:00:00,0
2003-03-07 09:00:00,0
2003-03-08 09:00:00,0
2003-03-09 09:00:00,0
2003-03-10 09:00:00,0
2003-03-11 09:00:00,0
2003-03-12 09:00:00,0
2003-03-13 09:00:00,3
2003-03-14 09:00:00,4
2003-03-15 09:00:00,0
2003-03-16 09:00:00,0
2003-03-17 09:00:00,0
2003-03-18 09:00:00,0
2003-03-19 09:00:00,0
2003-03-20 09:00:00,0
2003-03-21 09:00:00,0
2003-03-22 09:00:00,0
2003-03-23 09:00:00,0
2003-03-24 09:00:00,0
2003-03-25 09:00:00,0
2003-03-26 09:00:00,0
2003-03-27 09:00:00,3
2003-03-28 09:00:00,0
2003-03-29 09:00:00,0
2003-03-30 09:00:00,0
2003-03-31 09:00:00,3
2003-04-01 09:00:00,0
2003-04-02 09:00:00,0
2003-04-03 09:00:00,0
2003-04-04 09:00:00,0
2003-04-05 09:00:00,0
2003-04-06 09:00:00,0
2003-04-07 09:00:00,0
2003-04-08 09:00:00,0
2003-04-09 09:00:00,0
2003-04-10 09:00:00,0
2003-04-11 09:00:00,0
2003-04-12 09:00:00,0
2003-04-13 09:00:00,0
2003-04-14 09:00:00,3
2003-04-15 09:00:00,3
2003-04-16 09:00:00,0
2003-04-17 09:00:00,0
2003-04-18 09:00:00,4
2003-04-19 09:00:00,0
2003-04-20 09:00:00,0
2003-04-21 09:00:00,0
2003-04-22 09:00:00,0
2003-04-23 09:00:00,0
2003-04-24 09:00:00,0
2003-04-25 09:00:00,0
2003-04-26 09:00:00,0
2003-04-27 09:00:00,0
2003-04-28 09:00:00,0
2003-04-29 09:00:00,0
2003-04-30 09:00:00,0
2003-05-01 09:00:00,0
2003-05-02 09:00:00,0
2003-05-03 09:00:00,0
2003-05-04 09:00:00,2
2003-05-05 09:00:00,0
2003-05-06 09:00:00,0
2003-05-07 09:00:00,0
2003-05-08 09:00:00,0
2003-05-09 09:00:00,0
2003-05-10 09:00:00,0
2003-05-11 09:00:00,0
2003-05-12 09:00:00,0
2003-05-13 09:00:00,0
2003-05-14 09:00:00,0
2003-05-15 09:00:00,0
2003-05-16 09:00:00,0
2003-05-17 09:00:00,0
2003-05-18 09:00:00,0
2003-05-19 09:00:00,0
2003-05-20 09:00:00,0
2003-05-21 09:00:00,0
2003-05-22 09:00:00,0
2003-05-23 09:00:00,0
2003-05-24 09:00:00,0
2003-05-25 09:00:00,0
2003-05-26 09:00:00,0
2003-05-27 09:00:00,0
2003-05-28 09:00:00,0
2003-05-29 09:00:00,0
2003-05-30 09:00:00,0
2003-05-31 09:00:00,0
2004-03-01 09:00:00,0
2004-03-02 09:00:00,0
2004-03-03 09:00:00,0
2004-03-04 09:00:00,0
2004-03-05 09:00:00,0
2004-03-06 09:00:00,0
2004-03-07 09:00:00,0
2004-03-08 09:00:00,0
2004-03-09 09:00:00,0
2004-03-10 09:00:00,0
2004-03-11 09:00:00,0
2004-03-12 09:00:00,0
2004-03-13 09:00:00,0
2004-03-14 09:00:00,3
2004-03-15 09:00:00,3
2004-03-16 09:00:00,3
2004-03-17 09:00:00,3
2004-03-18 09:00:00,0
2004-03-19 09:00:00,0
2004-03-20 09:00:00,3
2004-03-21 09:00:00,0
2004-03-22 09:00:00,0
2004-03-23 09:00:00,0
2004-03-24 09:00:00,0
2004-03-25 09:00:00,0
2004-03-26 09:00:00,0
2004-03-27 09:00:00,0
2004-03-28 09:00:00,1
2004-03-29 09:00:00,0
2004-03-30 09:00:00,0
2004-03-31 09:00:00,0
2004-04-01 09:00:00,0
2004-04-02 09:00:00,3
2004-04-03 09:00:00,0
2004-04-04 09:00:00,0
2004-04-05 09:00:00,0
2004-04-06 09:00:00,0
2004-04-07 09:00:00,0
2004-04-08 09:00:00,0
2004-04-09 09:00:00,0
2004-04-10 09:00:00,0
2004-04-11 09:00:00,0
2004-04-12 09:00:00,0
2004-04-13 09:00:00,0
2004-04-14 09:00:00,1
2004-04-15 09:00:00,1
2004-04-16 09:00:00,3
2004-04-17 09:00:00,0
2004-04-18 09:00:00,0
2004-04-19 09:00:00,0
2004-04-20 09:00:00,0
2004-04-21 09:00:00,0
2004-04-22 09:00:00,0
2004-04-23 09:00:00,0
2004-04-24 09:00:00,0
2004-04-25 09:00:00,0
2004-04-26 09:00:00,0
2004-04-27 09:00:00,0
2004-04-28 09:00:00,0
2004-04-29 09:00:00,0
2004-04-30 09:00:00,1
2004-05-01 09:00:00,0
2004-05-02 09:00:00,0
2004-05-03 09:00:00,0
2004-05-04 09:00:00,0
2004-05-05 09:00:00,0
2004-05-06 09:00:00,4
2004-05-07 09:00:00,0
2004-05-08 09:00:00,0
2004-05-09 09:00:00,0
2004-05-10 09:00:00,0
2004-05-11 09:00:00,1
2004-05-12 09:00:00,0
2004-05-13 09:00:00,1
2004-05-14 09:00:00,0
2004-05-15 09:00:00,0
2004-05-16 09:00:00,0
2004-05-17 09:00:00,0
2004-05-18 09:00:00,0
2004-05-19 09:00:00,0
2004-05-20 09:00:00,0
2004-05-21 09:00:00,0
2004-05-22 09:00:00,0
2004-05-23 09:00:00,0
2004-05-24 09:00:00,0
2004-05-25 09:00:00,0
2004-05-26 09:00:00,0
2004-05-27 09:00:00,0
2004-05-28 09:00:00,0
2004-05-29 09:00:00,0
2004-05-30 09:00:00,0
2004-05-31 09:00:00,0
2005-03-01 09:00:00,0
2005-03-02 09:00:00,0
2005-03-03 09:00:00,0
2005-03-04 09:00:00,0
2005-03-05 09:00:00,0
2005-03-06 09:00:00,0
2005-03-07 09:00:00,0
2005-03-08 09:00:00,0
2005-03-09 09:00:00,0
2005-03-10 09:00:00,0
2005-03-11 09:00:00,0
2005-03-12 09:00:00,0
2005-03-13 09:00:00,0
2005-03-14 09:00:00,0
2005-03-15 09:00:00,0
2005-03-16 09:00:00,3
2005-03-17 09:00:00,3
2005-03-18 09:00:00,0
2005-03-19 09:00:00,0
2005-03-20 09:00:00,0
2005-03-21 09:00:00,0
2005-03-22 09:00:00,0
2005-03-23 09:00:00,2
2005-03-24 09:00:00,3
2005-03-25 09:00:00,3
2005-03-26 09:00:00,0
2005-03-27 09:00:00,0
2005-03-28 09:00:00,0
2005-03-29 09:00:00,0
2005-03-30 09:00:00,0
2005-03-31 09:00:00,0
2005-04-01 09:00:00,0
2005-04-02 09:00:00,0
2005-04-03 09:00:00,0
2005-04-04 09:00:00,3
2005-04-05 09:00:00,3
2005-04-06 09:00:00,0
2005-04-07 09:00:00,0
2005-04-08 09:00:00,0
2005-04-09 09:00:00,0
2005-04-10 09:00:00,0
2005-04-11 09:00:00,0
2005-04-12 09:00:00,0
2005-04-13 09:00:00,0
2005-04-14 09:00:00,0
2005-04-15 09:00:00,0
2005-04-16 09:00:00,0
2005-04-17 09:00:00,0
2005-04-18 09:00:00,0
2005-04-19 09:00:00,0
2005-04-20 09:00:00,0
2005-04-21 09:00:00,0
2005-04-22 09:00:00,0
2005-04-23 09:00:00,0
2005-04-24 09:00:00,0
2005-04-25 09:00:00,0
2005-04-26 09:00:00,0
2005-04-27 09:00:00,0
2005-04-28 09:00:00,0
2005-04-29 09:00:00,0
2005-04-30 09:00:00,0
2005-05-01 09:00:00,0
2005-05-02 09:00:00,0
2005-05-03 09:00:00,0
2005-05-04 09:00:00,0
2005-05-05 09:00:00,0
2005-05-06 09:00:00,0
2005-05-07 09:00:00,0
2005-05-08 09:00:00,0
2005-05-09 09:00:00,0
2005-05-10 09:00:00,0
2005-05-11 09:00:00,0
2005-05-12 09:00:00,0
2005-05-13 09:00:00,0
2005-05-14 09:00:00,0
2005-05-15 09:00:00,0
2005-05-16 09:00:00,0
2005-05-17 09:00:00,0
2005-05-18 09:00:00,0
2005-05-19 09:00:00,0
2005-05-20 09:00:00,0
2005-05-21 09:00:00,0
2005-05-22 09:00:00,0
2005-05-23 09:00:00,0
2005-05-24 09:00:00,0
2005-05-25 09:00:00,0
2005-05-26 09:00:00,0
2005-05-27 09:00:00,0
2005-05-28 09:00:00,0
2005-05-29 09:00:00,0
2005-05-30 09:00:00,0
2005-05-31 09:00:00,0
2006-03-01 09:00:00,0
2006-03-02 09:00:00,0
2006-03-03 09:00:00,0
2006-03-04 09:00:00,0
2006-03-05 09:00:00,0
2006-03-06 09:00:00,0
2006-03-07 09:00:00,0
2006-03-08 09:00:00,0
2006-03-09 09:00:00,0
2006-03-10 09:00:00,0
2006-03-11 09:00:00,1
2006-03-12 09:00:00,0
2006-03-13 09:00:00,0
2006-03-14 09:00:00,0
2006-03-15 09:00:00,0
2006-03-16 09:00:00,0
2006-03-17 09:00:00,0
2006-03-18 09:00:00,0
2006-03-19 09:00:00,0
2006-03-20 09:00:00,0
2006-03-21 09:00:00,0
2006-03-22 09:00:00,0
2006-03-23 09:00:00,0
2006-03-24 09:00:00,0
2006-03-25 09:00:00,0
2006-03-26 09:00:00,0
2006-03-27 09:00:00,0
2006-03-28 09:00:00,0
2006-03-29 09:00:00,0
2006-03-30 09:00:00,3
2006-03-31 09:00:00,0
2006-04-01 09:00:00,0
2006-04-02 09:00:00,0
2006-04-03 09:00:00,0
2006-04-04 09:00:00,0
2006-04-05 09:00:00,0
2006-04-06 09:00:00,0
2006-04-07 09:00:00,0
2006-04-08 09:00:00,1
2006-04-09 09:00:00,2
2006-04-10 09:00:00,2
2006-04-11 09:00:00,1
2006-04-12 09:00:00,0
2006-04-13 09:00:00,0
2006-04-14 09:00:00,0
2006-04-15 09:00:00,0
2006-04-16 09:00:00,0
2006-04-17 09:00:00,0
2006-04-18 09:00:00,0
2006-04-19 09:00:00,0
2006-04-20 09:00:00,0
2006-04-21 09:00:00,0
2006-04-22 09:00:00,0
2006-04-23 09:00:00,0
2006-04-24 09:00:00,0
2006-04-25 09:00:00,0
2006-04-26 09:00:00,0
2006-04-27 09:00:00,0
2006-04-28 09:00:00,0
2006-04-29 09:00:00,0
2006-04-30 09:00:00,0
2006-05-01 09:00:00,0
2006-05-02 09:00:00,0
2006-05-03 09:00:00,0
2006-05-04 09:00:00,0
2006-05-05 09:00:00,0
2006-05-06 09:00:00,0
2006-05-07 09:00:00,0
2006-05-08 09:00:00,0
2006-05-09 09:00:00,0
2006-05-10 09:00:00,0
2006-05-11 09:00:00,0
2006-05-12 09:00:00,0
2006-05-13 09:00:00,0
2006-05-14 09:00:00,0
2006-05-15 09:00:00,0
2006-05-16 09:00:00,0
2006-05-17 09:00:00,0
2006-05-18 09:00:00,0
2006-05-19 09:00:00,0
2006-05-20 09:00:00,0
2006-05-21 09:00:00,0
2006-05-22 09:00:00,0
2006-05-23 09:00:00,0
2006-05-24 09:00:00,0
2006-05-25 09:00:00,0
2006-05-26 09:00:00,0
2006-05-27 09:00:00,0
2006-05-28 09:00:00,0
2006-05-29 09:00:00,0
2006-05-30 09:00:00,1
2006-05-31 09:00:00,0
2007-03-01 09:00:00,0
2007-03-02 09:00:00,0
2007-03-03 09:00:00,0
2007-03-04 09:00:00,0
2007-03-05 09:00:00,0
2007-03-06 09:00:00,0
2007-03-07 09:00:00,0
2007-03-08 09:00:00,0
2007-03-09 09:00:00,0
2007-03-10 09:00:00,0
2007-03-11 09:00:00,0
2007-03-12 09:00:00,4
2007-03-13 09:00:00,2
2007-03-14 09:00:00,0
2007-03-15 09:00:00,0
2007-03-16 09:00:00,3
2007-03-17 09:00:00,3
2007-03-18 09:00:00,3
2007-03-19 09:00:00,4
2007-03-20 09:00:00,0
2007-03-21 09:00:00,0
2007-03-22 09:00:00,0
2007-03-23 09:00:00,0
2007-03-24 09:00:00,0
2007-03-25 09:00:00,0
2007-03-26 09:00:00,0
2007-03-27 09:00:00,0
2007-03-28 09:00:00,0
2007-03-29 09:00:00,4
2007-03-30 09:00:00,4
2007-03-31 09:00:00,4
2007-04-01 09:00:00,0
2007-04-02 09:00:00,0
2007-04-03 09:00:00,0
2007-04-04 09:00:00,4
2007-04-05 09:00:00,0
2007-04-06 09:00:00,0
2007-04-07 09:00:00,0
2007-04-08 09:00:00,0
2007-04-09 09:00:00,0
2007-04-10 09:00:00,0
2007-04-11 09:00:00,0
2007-04-12 09:00:00,0
2007-04-13 09:00:00,0
2007-04-14 09:00:00,0
2007-04-15 09:00:00,0
2007-04-16 09:00:00,0
2007-04-17 09:00:00,0
2007-04-18 09:00:00,0
2007-04-19 09:00:00,0
2007-04-20 09:00:00,0
2007-04-21 09:00:00,0
2007-04-22 09:00:00,2
2007-04-23 09:00:00,0
2007-04-24 09:00:00,0
2007-04-25 09:00:00,0
2007-04-26 09:00:00,0
2007-04-27 09:00:00,0
2007-04-28 09:00:00,0
2007-04-29 09:00:00,0
2007-04-30 09:00:00,0
2007-05-01 09:00:00,0
2007-05-02 09:00:00,0
2007-05-03 09:00:00,0
2007-05-04 09:00:00,0
2007-05-05 09:00:00,0
2007-05-06 09:00:00,0
2007-05-07 09:00:00,0
2007-05-08 09:00:00,0
2007-05-09 09:00:00,0
2007-05-10 09:00:00,0
2007-05-11 09:00:00,0
2007-05-12 09:00:00,0
2007-05-13 09:00:00,0
2007-05-14 09:00:00,0
2007-05-15 09:00:00,0
2007-05-16 09:00:00,0
2007-05-17 09:00:00,4
2007-05-18 09:00:00,0
2007-05-19 09:00:00,0
2007-05-20 09:00:00,0
2007-05-21 09:00:00,2
2007-05-22 09:00:00,2
2007-05-23 09:00:00,0
2007-05-24 09:00:00,0
2007-05-25 09:00:00,0
2007-05-26 09:00:00,0
2007-05-27 09:00:00,0
2007-05-28 09:00:00,0
2007-05-29 09:00:00,0
2007-05-30 09:00:00,0
2007-05-31 09:00:00,0
2008-03-01 09:00:00,0
2008-03-02 09:00:00,0
2008-03-03 09:00:00,0
2008-03-04 09:00:00,0
2008-03-05 09:00:00,0
2008-03-06 09:00:00,0
2008-03-07 09:00:00,0
2008-03-08 09:00:00,0
2008-03-09 09:00:00,0
2008-03-10 09:00:00,0
2008-03-11 09:00:00,0
2008-03-12 09:00:00,0
2008-03-13 09:00:00,0
2008-03-14 09:00:00,0
2008-03-15 09:00:00,0
2008-03-16 09:00:00,0
2008-03-17 09:00:00,0
2008-03-18 09:00:00,0
2008-03-19 09:00:00,0
2008-03-20 09:00:00,0
2008-03-21 09:00:00,0
2008-03-22 09:00:00,0
2008-03-23 09:00:00,0
2008-03-24 09:00:00,0
2008-03-25 09:00:00,0
2008-03-26 09:00:00,0
2008-03-27 09:00:00,0
2008-03-28 09:00:00,0
2008-03-29 09:00:00,0
2008-03-30 09:00:00,0
2008-03-31 09:00:00,0
2008-04-01 09:00:00,0
2008-04-02 09:00:00,0
2008-04-03 09:00:00,0
2008-04-04 09:00:00,0
2008-04-05 09:00:00,0
2008-04-06 09:00:00,0
2008-04-07 09:00:00,0
2008-04-08 09:00:00,0
2008-04-09 09:00:00,1
2008-04-10 09:00:00,0
2008-04-11 09:00:00,0
2008-04-12 09:00:00,0
2008-04-13 09:00:00,0
2008-04-14 09:00:00,0
2008-04-15 09:00:00,0
2008-04-16 09:00:00,0
2008-04-17 09:00:00,0
2008-04-18 09:00:00,0
2008-04-19 09:00:00,0
2008-04-20 09:00:00,0
2008-04-21 09:00:00,0
2008-04-22 09:00:00,0
2008-04-23 09:00:00,0
2008-04-24 09:00:00,0
2008-04-25 09:00:00,0
2008-04-26 09:00:00,0
2008-04-27 09:00:00,0
2008-04-28 09:00:00,0
2008-04-29 09:00:00,0
2008-04-30 09:00:00,0
2008-05-01 09:00:00,0
2008-05-02 09:00:00,0
2008-05-03 09:00:00,0
2008-05-04 09:00:00,0
2008-05-05 09:00:00,0
2008-05-06 09:00:00,0
2008-05-07 09:00:00,0
2008-05-08 09:00:00,0
2008-05-09 09:00:00,0
2008-05-10 09:00:00,0
2008-05-11 09:00:00,0
2008-05-12 09:00:00,0
2008-05-13 09:00:00,0
2008-05-14 09:00:00,0
2008-05-15 09:00:00,0
2008-05-16 09:00:00,0
2008-05-17 09:00:00,0
2008-05-18 09:00:00,0
2008-05-19 09:00:00,0
2008-05-20 09:00:00,0
2008-05-21 09:00:00,0
2008-05-22 09:00:00,0
2008-05-23 09:00:00,0
2008-05-24 09:00:00,0
2008-05-25 09:00:00,0
2008-05-26 09:00:00,0
2008-05-27 09:00:00,0
2008-05-28 09:00:00,0
2008-05-29 09:00:00,0
2008-05-30 09:00:00,0
2008-05-31 09:00:00,0
2009-03-01 09:00:00,3
2009-03-02 09:00:00,3
2009-03-03 09:00:00,0
2009-03-04 09:00:00,0
2009-03-05 09:00:00,0
2009-03-06 09:00:00,0
2009-03-07 09:00:00,0
2009-03-08 09:00:00,0
2009-03-09 09:00:00,0
2009-03-10 09:00:00,0
2009-03-11 09:00:00,0
2009-03-12 09:00:00,0
2009-03-13 09:00:00,0
2009-03-14 09:00:00,0
2009-03-15 09:00:00,0
2009-03-16 09:00:00,0
2009-03-17 09:00:00,0
2009-03-18 09:00:00,0
2009-03-19 09:00:00,0
2009-03-20 09:00:00,0
2009-03-21 09:00:00,0
2009-03-22 09:00:00,0
2009-03-23 09:00:00,0
2009-03-24 09:00:00,0
2009-03-25 09:00:00,0
2009-03-26 09:00:00,0
2009-03-27 09:00:00,0
2009-03-28 09:00:00,0
2009-03-29 09:00:00,0
2009-03-30 09:00:00,0
2009-03-31 09:00:00,1
2009-04-01 09:00:00,1
2009-04-02 09:00:00,0
2009-04-03 09:00:00,0
2009-04-04 09:00:00,0
2009-04-05 09:00:00,4
2009-04-06 09:00:00,0
2009-04-07 09:00:00,0
2009-04-08 09:00:00,0
2009-04-09 09:00:00,0
2009-04-10 09:00:00,0
2009-04-11 09:00:00,0
2009-04-12 09:00:00,0
2009-04-13 09:00:00,0
2009-04-14 09:00:00,4
2009-04-15 09:00:00,0
2009-04-16 09:00:00,0
2009-04-17 09:00:00,0
2009-04-18 09:00:00,3
2009-04-19 09:00:00,0
2009-04-20 09:00:00,0
2009-04-21 09:00:00,0
2009-04-22 09:00:00,0
2009-04-23 09:00:00,0
2009-04-24 09:00:00,0
2009-04-25 09:00:00,0
2009-04-26 09:00:00,0
2009-04-27 09:00:00,0
2009-04-28 09:00:00,0
2009-04-29 09:00:00,0
2009-04-30 09:00:00,0
2009-05-01 09:00:00,0
2009-05-02 09:00:00,0
2009-05-03 09:00:00,0
2009-05-04 09:00:00,0
2009-05-05 09:00:00,0
2009-05-06 09:00:00,0
2009-05-07 09:00:00,0
2009-05-08 09:00:00,0
2009-05-09 09:00:00,0
2009-05-10 09:00:00,0
2009-05-11 09:00:00,0
2009-05-12 09:00:00,0
2009-05-13 09:00:00,0
2009-05-14 09:00:00,0
2009-05-15 09:00:00,0
2009-05-16 09:00:00,0
2009-05-17 09:00:00,0
2009-05-18 09:00:00,0
2009-05-19 09:00:00,0
2009-05-20 09:00:00,0
2009-05-21 09:00:00,0
2009-05-22 09:00:00,0
2009-05-23 09:00:00,0
2009-05-24 09:00:00,2
2009-05-25 09:00:00,2
2009-05-26 09:00:00,2
2009-05-27 09:00:00,0
2009-05-28 09:00:00,0
2009-05-29 09:00:00,0
2009-05-30 09:00:00,0
2009-05-31 09:00:00,0
2010-03-01 09:00:00,0
2010-03-02 09:00:00,0
2010-03-03 09:00:00,0
2010-03-04 09:00:00,0
2010-03-05 09:00:00,0
2010-03-06 09:00:00,0
2010-03-07 09:00:00,0
2010-03-08 09:00:00,0
2010-03-09 09:00:00,0
2010-03-10 09:00:00,0
2010-03-11 09:00:00,0
2010-03-12 09:00:00,0
2010-03-13 09:00:00,0
2010-03-14 09:00:00,0
2010-03-15 09:00:00,0
2010-03-16 09:00:00,0
2010-03-17 09:00:00,0
2010-03-18 09:00:00,0
2010-03-19 09:00:00,0
2010-03-20 09:00:00,0
2010-03-21 09:00:00,0
2010-03-22 09:00:00,0
2010-03-23 09:00:00,0
2010-03-24 09:00:00,0
2010-03-25 09:00:00,0
2010-03-26 09:00:00,0
2010-03-27 09:00:00,0
2010-03-28 09:00:00,1
2010-03-29 09:00:00,2
2010-03-30 09:00:00,1
2010-03-31 09:00:00,1
2010-04-01 09:00:00,0
2010-04-02 09:00:00,0
2010-04-03 09:00:00,0
2010-04-04 09:00:00,0
2010-04-05 09:00:00,0
2010-04-06 09:00:00,0
2010-04-07 09:00:00,0
2010-04-08 09:00:00,0
2010-04-09 09:00:00,0
2010-04-10 09:00:00,0
2010-04-11 09:00:00,0
2010-04-12 09:00:00,0
2010-04-13 09:00:00,0
2010-04-14 09:00:00,0
2010-04-15 09:00:00,0
2010-04-16 09:00:00,0
2010-04-17 09:00:00,0
2010-04-18 09:00:00,0
2010-04-19 09:00:00,1
2010-04-20 09:00:00,1
2010-04-21 09:00:00,2
2010-04-22 09:00:00,0
2010-04-23 09:00:00,0
2010-04-24 09:00:00,1
2010-04-25 09:00:00,0
2010-04-26 09:00:00,0
2010-04-27 09:00:00,0
2010-04-28 09:00:00,0
2010-04-29 09:00:00,0
2010-04-30 09:00:00,0
2010-05-01 09:00:00,0
2010-05-02 09:00:00,0
2010-05-03 09:00:00,1
2010-05-04 09:00:00,1
2010-05-05 09:00:00,0
2010-05-06 09:00:00,0
2010-05-07 09:00:00,0
2010-05-08 09:00:00,0
2010-05-09 09:00:00,0
2010-05-10 09:00:00,0
2010-05-11 09:00:00,0
2010-05-12 09:00:00,1
2010-05-13 09:00:00,0
2010-05-14 09:00:00,0
2010-05-15 09:00:00,0
2010-05-16 09:00:00,1
2010-05-17 09:00:00,4
2010-05-18 09:00:00,0
2010-05-19 09:00:00,0
2010-05-20 09:00:00,4
2010-05-21 09:00:00,4
2010-05-22 09:00:00,4
2010-05-23 09:00:00,0
2010-05-24 09:00:00,0
2010-05-25 09:00:00,0
2010-05-26 09:00:00,0
2010-05-27 09:00:00,0
2010-05-28 09:00:00,0
2010-05-29 09:00:00,0
2010-05-30 09:00:00,0
2010-05-31 09:00:00,0
2011-03-01 09:00:00,0
2011-03-02 09:00:00,0
2011-03-03 09:00:00,0
2011-03-04 09:00:00,0
2011-03-05 09:00:00,0
2011-03-06 09:00:00,0
2011-03-07 09:00:00,0
2011-03-08 09:00:00,0
2011-03-09 09:00:00,0
2011-03-10 09:00:00,0
2011-03-11 09:00:00,0
2011-03-12 09:00:00,0
2011-03-13 09:00:00,0
2011-03-14 09:00:00,0
2011-03-15 09:00:00,0
2011-03-16 09:00:00,0
2011-03-17 09:00:00,0
2011-03-18 09:00:00,0
2011-03-19 09:00:00,1
2011-03-20 09:00:00,2
2011-03-21 09:00:00,2
2011-03-22 09:00:00,0
2011-03-23 09:00:00,0
2011-03-24 09:00:00,0
2011-03-25 09:00:00,0
2011-03-26 09:00:00,0
2011-03-27 09:00:00,0
2011-03-28 09:00:00,0
2011-03-29 09:00:00,0
2011-03-30 09:00:00,0
2011-03-31 09:00:00,0
2011-04-01 09:00:00,0
2011-04-02 09:00:00,0
2011-04-03 09:00:00,0
2011-04-04 09:00:00,0
2011-04-05 09:00:00,0
2011-04-06 09:00:00,0
2011-04-07 09:00:00,0
2011-04-08 09:00:00,0
2011-04-09 09:00:00,0
2011-04-10 09:00:00,0
2011-04-11 09:00:00,0
2011-04-12 09:00:00,0
2011-04-13 09:00:00,0
2011-04-14 09:00:00,0
2011-04-15 09:00:00,0
2011-04-16 09:00:00,0
2011-04-17 09:00:00,0
2011-04-18 09:00:00,0
2011-04-19 09:00:00,0
2011-04-20 09:00:00,0
2011-04-21 09:00:00,0
2011-04-22 09:00:00,0
2011-04-23 09:00:00,0
2011-04-24 09:00:00,0
2011-04-25 09:00:00,0
2011-04-26 09:00:00,0
2011-04-27 09:00:00,0
2011-04-28 09:00:00,0
2011-04-29 09:00:00,0
2011-04-30 09:00:00,0
2011-05-01 09:00:00,0
2011-05-02 09:00:00,0
2011-05-03 09:00:00,0
2011-05-04 09:00:00,0
2011-05-05 09:00:00,0
2011-05-06 09:00:00,0
2011-05-07 09:00:00,0
2011-05-08 09:00:00,0
2011-05-09 09:00:00,0
2011-05-10 09:00:00,0
2011-05-11 09:00:00,0
2011-05-12 09:00:00,0
2011-05-13 09:00:00,0
2011-05-14 09:00:00,0
2011-05-15 09:00:00,0
2011-05-16 09:00:00,0
2011-05-17 09:00:00,0
2011-05-18 09:00:00,0
2011-05-19 09:00:00,0
2011-05-20 09:00:00,0
2011-05-21 09:00:00,2
2011-05-22 09:00:00,0
2011-05-23 09:00:00,0
2011-05-24 09:00:00,0
2011-05-25 09:00:00,0
2011-05-26 09:00:00,0
2011-05-27 09:00:00,0
2011-05-28 09:00:00,0
2011-05-29 09:00:00,0
2011-05-30 09:00:00,0
2011-05-31 09:00:00,0
2012-03-01 09:00:00,0
2012-03-02 09:00:00,0
2012-03-03 09:00:00,3
2012-03-04 09:00:00,3
2012-03-05 09:00:00,0
2012-03-06 09:00:00,0
2012-03-07 09:00:00,0
2012-03-08 09:00:00,0
2012-03-09 09:00:00,0
2012-03-10 09:00:00,0
2012-03-11 09:00:00,0
2012-03-12 09:00:00,0
2012-03-13 09:00:00,0
2012-03-14 09:00:00,0
2012-03-15 09:00:00,3
2012-03-16 09:00:00,3
2012-03-17 09:00:00,0
2012-03-18 09:00:00,3
2012-03-19 09:00:00,0
2012-03-20 09:00:00,0
2012-03-21 09:00:00,0
2012-03-22 09:00:00,0
2012-03-23 09:00:00,0
2012-03-24 09:00:00,0
2012-03-25 09:00:00,0
2012-03-26 09:00:00,0
2012-03-27 09:00:00,0
2012-03-28 09:00:00,0
2012-03-29 09:00:00,0
2012-03-30 09:00:00,0
2012-03-31 09:00:00,3
2012-04-01 09:00:00,0
2012-04-02 09:00:00,0
2012-04-03 09:00:00,0
2012-04-04 09:00:00,0
2012-04-05 09:00:00,0
2012-04-06 09:00:00,0
2012-04-07 09:00:00,0
2012-04-08 09:00:00,0
2012-04-09 09:00:00,0
2012-04-10 09:00:00,0
2012-04-11 09:00:00,0
2012-04-12 09:00:00,0
2012-04-13 09:00:00,0
2012-04-14 09:00:00,0
2012-04-15 09:00:00,0
2012-04-16 09:00:00,0
2012-04-17 09:00:00,0
2012-04-18 09:00:00,0
2012-04-19 09:00:00,0
2012-04-20 09:00:00,0
2012-04-21 09:00:00,0
2012-04-22 09:00:00,1
2012-04-23 09:00:00,1
2012-04-24 09:00:00,0
2012-04-25 09:00:00,0
2012-04-26 09:00:00,0
2012-04-27 09:00:00,2
2012-04-28 09:00:00,2
2012-04-29 09:00:00,2
2012-04-30 09:00:00,0
2012-05-01 09:00:00,0
2012-05-02 09:00:00,0
2012-05-03 09:00:00,0
2012-05-04 09:00:00,0
2012-05-05 09:00:00,0
2012-05-06 09:00:00,0
2012-05-07 09:00:00,0
2012-05-08 09:00:00,0
2012-05-09 09:00:00,0
2012-05-10 09:00:00,0
2012-05-11 09:00:00,0
2012-05-12 09:00:00,0
2012-05-13 09:00:00,0
2012-05-14 09:00:00,0
2012-05-15 09:00:00,0
2012-05-16 09:00:00,0
2012-05-17 09:00:00,0
2012-05-18 09:00:00,0
2012-05-19 09:00:00,0
2012-05-20 09:00:00,0
2012-05-21 09:00:00,0
2012-05-22 09:00:00,0
2012-05-23 09:00:00,0
2012-05-24 09:00:00,0
2012-05-25 09:00:00,0
2012-05-26 09:00:00,0
2012-05-27 09:00:00,0
2012-05-28 09:00:00,0
2012-05-29 09:00:00,0
2012-05-30 09:00:00,0
2012-05-31 09:00:00,0
2013-03-01 09:00:00,0
2013-03-02 09:00:00,0
2013-03-03 09:00:00,0
2013-03-04 09:00:00,0
2013-03-05 09:00:00,0
2013-03-06 09:00:00,0
2013-03-07 09:00:00,0
2013-03-08 09:00:00,0
2013-03-09 09:00:00,0
2013-03-10 09:00:00,0
2013-03-11 09:00:00,0
2013-03-12 09:00:00,4
2013-03-13 09:00:00,0
2013-03-14 09:00:00,0
2013-03-15 09:00:00,0
2013-03-16 09:00:00,0
2013-03-17 09:00:00,0
2013-03-18 09:00:00,0
2013-03-19 09:00:00,0
2013-03-20 09:00:00,0
2013-03-21 09:00:00,0
2013-03-22 09:00:00,0
2013-03-23 09:00:00,0
2013-03-24 09:00:00,0
2013-03-25 09:00:00,0
2013-03-26 09:00:00,0
2013-03-27 09:00:00,0
2013-03-28 09:00:00,0
2013-03-29 09:00:00,0
2013-03-30 09:00:00,0
2013-03-31 09:00:00,0
2013-04-01 09:00:00,0
2013-04-02 09:00:00,0
2013-04-03 09:00:00,0
2013-04-04 09:00:00,1
2013-04-05 09:00:00,0
2013-04-06 09:00:00,0
2013-04-07 09:00:00,0
2013-04-08 09:00:00,0
2013-04-09 09:00:00,0
2013-04-10 09:00:00,0
2013-04-11 09:00:00,0
2013-04-12 09:00:00,0
2013-04-13 09:00:00,0
2013-04-14 09:00:00,0
2013-04-15 09:00:00,0
2013-04-16 09:00:00,0
2013-04-17 09:00:00,0
2013-04-18 09:00:00,0
2013-04-19 09:00:00,0
2013-04-20 09:00:00,0
2013-04-21 09:00:00,0
2013-04-22 09:00:00,0
2013-04-23 09:00:00,0
2013-04-24 09:00:00,0
2013-04-25 09:00:00,0
2013-04-26 09:00:00,0
2013-04-27 09:00:00,0
2013-04-28 09:00:00,0
2013-04-29 09:00:00,0
2013-04-30 09:00:00,0
2013-05-01 09:00:00,0
2013-05-02 09:00:00,0
2013-05-03 09:00:00,0
2013-05-04 09:00:00,0
2013-05-05 09:00:00,0
2013-05-06 09:00:00,0
2013-05-07 09:00:00,0
2013-05-08 09:00:00,0
2013-05-09 09:00:00,0
2013-05-10 09:00:00,0
2013-05-11 09:00:00,0
2013-05-12 09:00:00,0
2013-05-13 09:00:00,0
2013-05-14 09:00:00,0
2013-05-15 09:00:00,0
2013-05-16 09:00:00,0
2013-05-17 09:00:00,0
2013-05-18 09:00:00,0
2013-05-19 09:00:00,0
2013-05-20 09:00:00,0
2013-05-21 09:00:00,0
2013-05-22 09:00:00,0
2013-05-23 09:00:00,0
2013-05-24 09:00:00,0
2013-05-25 09:00:00,1
2013-05-26 09:00:00,0
2013-05-27 09:00:00,0
2013-05-28 09:00:00,0
2013-05-29 09:00:00,1
2013-05-30 09:00:00,1
2013-05-31 09:00:00,4
2014-03-01 09:00:00,0
2014-03-02 09:00:00,0
2014-03-03 09:00:00,0
2014-03-04 09:00:00,0
2014-03-05 09:00:00,0
2014-03-06 09:00:00,0
2014-03-07 09:00:00,0
2014-03-08 09:00:00,0
2014-03-09 09:00:00,0
2014-03-10 09:00:00,0
2014-03-11 09:00:00,0
2014-03-12 09:00:00,0
2014-03-13 09:00:00,0
2014-03-14 09:00:00,3
2014-03-15 09:00:00,3
2014-03-16 09:00:00,4
2014-03-17 09:00:00,3
2014-03-18 09:00:00,0
2014-03-19 09:00:00,0
2014-03-20 09:00:00,0
2014-03-21 09:00:00,0
2014-03-22 09:00:00,0
2014-03-23 09:00:00,0
2014-03-24 09:00:00,0
2014-03-25 09:00:00,0
2014-03-26 09:00:00,0
2014-03-27 09:00:00,0
2014-03-28 09:00:00,0
2014-03-29 09:00:00,0
2014-03-30 09:00:00,0
2014-03-31 09:00:00,0
2014-04-01 09:00:00,0
2014-04-02 09:00:00,0
2014-04-03 09:00:00,3
2014-04-04 09:00:00,3
2014-04-05 09:00:00,4
2014-04-06 09:00:00,0
2014-04-07 09:00:00,0
2014-04-08 09:00:00,0
2014-04-09 09:00:00,0
2014-04-10 09:00:00,0
2014-04-11 09:00:00,0
2014-04-12 09:00:00,0
2014-04-13 09:00:00,0
2014-04-14 09:00:00,0
2014-04-15 09:00:00,0
2014-04-16 09:00:00,0
2014-04-17 09:00:00,0
2014-04-18 09:00:00,0
2014-04-19 09:00:00,0
2014-04-20 09:00:00,0
2014-04-21 09:00:00,0
2014-04-22 09:00:00,0
2014-04-23 09:00:00,0
2014-04-24 09:00:00,0
2014-04-25 09:00:00,0
2014-04-26 09:00:00,0
2014-04-27 09:00:00,0
2014-04-28 09:00:00,0
2014-04-29 09:00:00,0
2014-04-30 09:00:00,0
2014-05-01 09:00:00,0
2014-05-02 09:00:00,0
2014-05-03 09:00:00,0
2014-05-04 09:00:00,0
2014-05-05 09:00:00,0
2014-05-06 09:00:00,0
2014-05-07 09:00:00,0
2014-05-08 09:00:00,2
2014-05-09 09:00:00,2
2014-05-10 09:00:00,2
2014-05-11 09:00:00,0
2014-05-12 09:00:00,0
2014-05-13 09:00:00,0
2014-05-14 09:00:00,0
2014-05-15 09:00:00,0
2014-05-16 09:00:00,0
2014-05-17 09:00:00,0
2014-05-18 09:00:00,0
2014-05-19 09:00:00,0
2014-05-20 09:00:00,0
2014-05-21 09:00:00,0
2014-05-22 09:00:00,0
2014-05-23 09:00:00,0
2014-05-24 09:00:00,0
2014-05-25 09:00:00,0
2014-05-26 09:00:00,0
2014-05-27 09:00:00,1
2014-05-28 09:00:00,4
2014-05-29 09:00:00,0
2014-05-30 09:00:00,0
2014-05-31 09:00:00,0
2015-03-01 09:00:00,4
2015-03-02 09:00:00,2
2015-03-03 09:00:00,2
2015-03-04 09:00:00,2
2015-03-05 09:00:00,0
2015-03-06 09:00:00,0
2015-03-07 09:00:00,0
2015-03-08 09:00:00,0
2015-03-09 09:00:00,0
2015-03-10 09:00:00,0
2015-03-11 09:00:00,0
2015-03-12 09:00:00,0
2015-03-13 09:00:00,0
2015-03-14 09:00:00,0
2015-03-15 09:00:00,1
2015-03-16 09:00:00,0
2015-03-17 09:00:00,0
2015-03-18 09:00:00,0
2015-03-19 09:00:00,0
2015-03-20 09:00:00,0
2015-03-21 09:00:00,0
2015-03-22 09:00:00,0
2015-03-23 09:00:00,3
2015-03-24 09:00:00,0
2015-03-25 09:00:00,0
2015-03-26 09:00:00,0
2015-03-27 09:00:00,4
2015-03-28 09:00:00,4
2015-03-29 09:00:00,0
2015-03-30 09:00:00,0
2015-03-31 09:00:00,2
2015-04-01 09:00:00,2
2015-04-02 09:00:00,2
2015-04-03 09:00:00,0
2015-04-04 09:00:00,0
2015-04-05 09:00:00,0
2015-04-06 09:00:00,0
2015-04-07 09:00:00,0
2015-04-08 09:00:00,0
2015-04-09 09:00:00,0
2015-04-10 09:00:00,0
2015-04-11 09:00:00,0
2015-04-12 09:00:00,0
2015-04-13 09:00:00,0
2015-04-14 09:00:00,0
2015-04-15 09:00:00,3
2015-04-16 09:00:00,0
2015-04-17 09:00:00,2
2015-04-18 09:00:00,0
2015-04-19 09:00:00,2
2015-04-20 09:00:00,0
2015-04-21 09:00:00,0
2015-04-22 09:00:00,2
2015-04-23 09:00:00,0
2015-04-24 09:00:00,0
2015-04-25 09:00:00,0
2015-04-26 09:00:00,0
2015-04-27 09:00:00,0
2015-04-28 09:00:00,0
2015-04-29 09:00:00,0
2015-04-30 09:00:00,0
2015-05-01 09:00:00,0
2015-05-02 09:00:00,0
2015-05-03 09:00:00,0
2015-05-04 09:00:00,0
2015-05-05 09:00:00,0
2015-05-06 09:00:00,0
2015-05-07 09:00:00,0
2015-05-08 09:00:00,0
2015-05-09 09:00:00,0
2015-05-10 09:00:00,0
2015-05-11 09:00:00,0
2015-05-12 09:00:00,0
2015-05-13 09:00:00,0
2015-05-14 09:00:00,0
2015-05-15 09:00:00,0
2015-05-16 09:00:00,3
2015-05-17 09:00:00,0
2015-05-18 09:00:00,0
2015-05-19 09:00:00,0
2015-05-20 09:00:00,0
2015-05-21 09:00:00,0
2015-05-22 09:00:00,0
2015-05-23 09:00:00,0
2015-05-24 09:00:00,0
2015-05-25 09:00:00,0
2015-05-26 09:00:00,0
2015-05-27 09:00:00,0
2015-05-28 09:00:00,0
2015-05-29 09:00:00,0
2015-05-30 09:00:00,0
2015-05-31 09:00:00,0
2016-03-01 09:00:00,0
2016-03-02 09:00:00,0
2016-03-03 09:00:00,0
2016-03-04 09:00:00,0
2016-03-05 09:00:00,0
2016-03-06 09:00:00,0
2016-03-07 09:00:00,0
2016-03-08 09:00:00,0
2016-03-09 09:00:00,0
2016-03-10 09:00:00,0
2016-03-11 09:00:00,4
2016-03-12 09:00:00,4
2016-03-13 09:00:00,4
2016-03-14 09:00:00,4
2016-03-15 09:00:00,0
2016-03-16 09:00:00,3
2016-03-17 09:00:00,0
2016-03-18 09:00:00,0
2016-03-19 09:00:00,0
2016-03-20 09:00:00,0
2016-03-21 09:00:00,0
2016-03-22 09:00:00,0
2016-03-23 09:00:00,0
2016-03-24 09:00:00,4
2016-03-25 09:00:00,0
2016-03-26 09:00:00,0
2016-03-27 09:00:00,0
2016-03-28 09:00:00,0
2016-03-29 09:00:00,0
2016-03-30 09:00:00,3
2016-03-31 09:00:00,3
2016-04-01 09:00:00,3
2016-04-02 09:00:00,3
2016-04-03 09:00:00,3
2016-04-04 09:00:00,0
2016-04-05 09:00:00,3
2016-04-06 09:00:00,0
2016-04-07 09:00:00,0
2016-04-08 09:00:00,0
2016-04-09 09:00:00,0
2016-04-10 09:00:00,0
2016-04-11 09:00:00,0
2016-04-12 09:00:00,0
2016-04-13 09:00:00,0
2016-04-14 09:00:00,0
2016-04-15 09:00:00,0
2016-04-16 09:00:00,0
2016-04-17 09:00:00,0
2016-04-18 09:00:00,0
2016-04-19 09:00:00,1
2016-04-20 09:00:00,0
2016-04-21 09:00:00,2
2016-04-22 09:00:00,2
2016-04-23 09:00:00,1
2016-04-24 09:00:00,0
2016-04-25 09:00:00,0
2016-04-26 09:00:00,0
2016-04-27 09:00:00,0
2016-04-28 09:00:00,1
2016-04-29 09:00:00,0
2016-04-30 09:00:00,0
2016-05-01 09:00:00,0
2016-05-02 09:00:00,0
2016-05-03 09:00:00,0
2016-05-04 09:00:00,0
2016-05-05 09:00:00,0
2016-05-06 09:00:00,0
2016-05-07 09:00:00,0
2016-05-08 09:00:00,0
2016-05-09 09:00:00,0
2016-05-10 09:00:00,0
2016-05-11 09:00:00,0
2016-05-12 09:00:00,0
2016-05-13 09:00:00,0
2016-05-14 09:00:00,0
2016-05-15 09:00:00,0
2016-05-16 09:00:00,4
2016-05-17 09:00:00,4
2016-05-18 09:00:00,0
2016-05-19 09:00:00,0
2016-05-20 09:00:00,0
2016-05-21 09:00:00,4
2016-05-22 09:00:00,0
2016-05-23 09:00:00,0
2016-05-24 09:00:00,0
2016-05-25 09:00:00,0
2016-05-26 09:00:00,0
2016-05-27 09:00:00,0
2016-05-28 09:00:00,0
2016-05-29 09:00:00,0
2016-05-30 09:00:00,0
2016-05-31 09:00:00,0
2017-03-01 09:00:00,0
2017-03-02 09:00:00,0
2017-03-03 09:00:00,0
2017-03-04 09:00:00,0
2017-03-05 09:00:00,0
2017-03-06 09:00:00,0
2017-03-07 09:00:00,0
2017-03-08 09:00:00,0
2017-03-09 09:00:00,0
2017-03-10 09:00:00,2
2017-03-11 09:00:00,2
2017-03-12 09:00:00,0
2017-03-13 09:00:00,0
2017-03-14 09:00:00,0
2017-03-15 09:00:00,0
2017-03-16 09:00:00,0
2017-03-17 09:00:00,0
2017-03-18 09:00:00,0
2017-03-19 09:00:00,0
2017-03-20 09:00:00,0
2017-03-21 09:00:00,3
2017-03-22 09:00:00,0
2017-03-23 09:00:00,0
2017-03-24 09:00:00,0
2017-03-25 09:00:00,0
2017-03-26 09:00:00,3
2017-03-27 09:00:00,3
2017-03-28 09:00:00,3
2017-03-29 09:00:00,0
2017-03-30 09:00:00,0
2017-03-31 09:00:00,0
2017-04-01 09:00:00,0
2017-04-02 09:00:00,0
2017-04-03 09:00:00,0
2017-04-04 09:00:00,4
2017-04-05 09:00:00,4
2017-04-06 09:00:00,2
2017-04-07 09:00:00,0
2017-04-08 09:00:00,0
2017-04-09 09:00:00,0
2017-04-10 09:00:00,0
2017-04-11 09:00:00,0
2017-04-12 09:00:00,0
2017-04-13 09:00:00,0
2017-04-14 09:00:00,0
2017-04-15 09:00:00,0
2017-04-16 09:00:00,0
2017-04-17 09:00:00,0
2017-04-18 09:00:00,0
2017-04-19 09:00:00,0
2017-04-20 09:00:00,0
2017-04-21 09:00:00,0
2017-04-22 09:00:00,0
2017-04-23 09:00:00,0
2017-04-24 09:00:00,2
2017-04-25 09:00:00,2
2017-04-26 09:00:00,0
2017-04-27 09:00:00,0
2017-04-28 09:00:00,0
2017-04-29 09:00:00,0
2017-04-30 09:00:00,0
2017-05-01 09:00:00,0
2017-05-02 09:00:00,0
2017-05-03 09:00:00,0
2017-05-04 09:00:00,0
2017-05-05 09:00:00,0
2017-05-06 09:00:00,3
2017-05-07 09:00:00,0
2017-05-08 09:00:00,0
2017-05-09 09:00:00,0
2017-05-10 09:00:00,0
2017-05-11 09:00:00,0
2017-05-12 09:00:00,0
2017-05-13 09:00:00,0
2017-05-14 09:00:00,0
2017-05-15 09:00:00,0
2017-05-16 09:00:00,0
2017-05-17 09:00:00,0
2017-05-18 09:00:00,0
2017-05-19 09:00:00,0
2017-05-20 09:00:00,0
2017-05-21 09:00:00,0
2017-05-22 09:00:00,0
2017-05-23 09:00:00,0
2017-05-24 09:00:00,0
2017-05-25 09:00:00,0
2017-05-26 09:00:00,0
2017-05-27 09:00:00,0
2017-05-28 09:00:00,0
2017-05-29 09:00:00,0
2017-05-30 09:00:00,2
2017-05-31 09:00:00,2
2018-03-01 09:00:00,0
2018-03-02 09:00:00,0
2018-03-03 09:00:00,0
2018-03-04 09:00:00,0
2018-03-05 09:00:00,0
2018-03-06 09:00:00,0
2018-03-07 09:00:00,0
2018-03-08 09:00:00,0
2018-03-09 09:00:00,0
2018-03-10 09:00:00,0
2018-03-11 09:00:00,0
2018-03-12 09:00:00,0
2018-03-13 09:00:00,1
2018-03-14 09:00:00,0
2018-03-15 09:00:00,2
2018-03-16 09:00:00,1
2018-03-17 09:00:00,0
2018-03-18 09:00:00,0
2018-03-19 09:00:00,0
2018-03-20 09:00:00,0
2018-03-21 09:00:00,0
2018-03-22 09:00:00,0
2018-03-23 09:00:00,0
2018-03-24 09:00:00,0
2018-03-25 09:00:00,0
2018-03-26 09:00:00,0
2018-03-27 09:00:00,0
2018-03-28 09:00:00,0
2018-03-29 09:00:00,0
2018-03-30 09:00:00,0
2018-03-31 09:00:00,0
2018-04-01 09:00:00,0
2018-04-02 09:00:00,0
2018-04-03 09:00:00,0
2018-04-04 09:00:00,0
2018-04-05 09:00:00,0
2018-04-06 09:00:00,0
2018-04-07 09:00:00,0
2018-04-08 09:00:00,0
2018-04-09 09:00:00,0
2018-04-10 09:00:00,0
2018-04-11 09:00:00,0
2018-04-12 09:00:00,0
2018-04-13 09:00:00,0
2018-04-14 09:00:00,0
2018-04-15 09:00:00,0
2018-04-16 09:00:00,0
2018-04-17 09:00:00,0
2018-04-18 09:00:00,0
2018-04-19 09:00:00,0
2018-04-20 09:00:00,0
2018-04-21 09:00:00,0
2018-04-22 09:00:00,0
2018-04-23 09:00:00,0
2018-04-24 09:00:00,0
2018-04-25 09:00:00,0
2018-04-26 09:00:00,0
2018-04-27 09:00:00,0
2018-04-28 09:00:00,0
2018-04-29 09:00:00,0
2018-04-30 09:00:00,0
2018-05-01 09:00:00,0
2018-05-02 09:00:00,0
2018-05-03 09:00:00,0
2018-05-04 09:00:00,0
2018-05-05 09:00:00,0
2018-05-06 09:00:00,0
2018-05-07 09:00:00,0
2018-05-08 09:00:00,0
2018-05-09 09:00:00,0
2018-05-10 09:00:00,0
2018-05-11 09:00:00,3
2018-05-12 09:00:00,0
2018-05-13 09:00:00,0
2018-05-14 09:00:00,1
2018-05-15 09:00:00,0
2018-05-16 09:00:00,0
2018-05-17 09:00:00,0
2018-05-18 09:00:00,0
2018-05-19 09:00:00,0
2018-05-20 09:00:00,0
2018-05-21 09:00:00,0
2018-05-22 09:00:00,0
2018-05-23 09:00:00,0
2018-05-24 09:00:00,0
2018-05-25 09:00:00,0
2018-05-26 09:00:00,0
2018-05-27 09:00:00,0
2018-05-28 09:00:00,0
2018-05-29 09:00:00,0
2018-05-30 09:00:00,0
2018-05-31 09:00:00,0
