,AR_CAT,EOF_CAT,EOF_CAT1,EOF_CAT2
1979-12-01 09:00:00,4,1,1,0
1979-12-02 09:00:00,4,1,1,0
1979-12-03 09:00:00,0,0,0,0
1979-12-04 09:00:00,0,0,0,0
1979-12-05 09:00:00,0,0,0,0
1979-12-06 09:00:00,0,0,0,0
1979-12-07 09:00:00,0,0,0,0
1979-12-08 09:00:00,0,0,0,0
1979-12-09 09:00:00,0,0,0,0
1979-12-10 09:00:00,0,0,0,0
1979-12-11 09:00:00,0,0,0,0
1979-12-12 09:00:00,0,0,0,0
1979-12-13 09:00:00,0,0,0,0
1979-12-14 09:00:00,0,0,0,0
1979-12-15 09:00:00,0,0,0,0
1979-12-16 09:00:00,0,0,0,0
1979-12-17 09:00:00,0,0,0,0
1979-12-18 09:00:00,0,0,0,0
1979-12-19 09:00:00,0,0,0,0
1979-12-20 09:00:00,0,0,0,0
1979-12-21 09:00:00,0,0,0,0
1979-12-22 09:00:00,0,0,0,0
1979-12-23 09:00:00,0,0,0,0
1979-12-24 09:00:00,0,0,0,0
1979-12-25 09:00:00,0,0,0,0
1979-12-26 09:00:00,0,0,0,0
1979-12-27 09:00:00,0,0,0,0
1979-12-28 09:00:00,0,0,0,0
1979-12-29 09:00:00,0,0,0,0
1979-12-30 09:00:00,0,0,0,0
1979-12-31 09:00:00,0,0,0,0
1980-01-01 09:00:00,0,0,0,0
1980-01-02 09:00:00,0,0,0,0
1980-01-03 09:00:00,0,0,0,0
1980-01-04 09:00:00,0,0,0,0
1980-01-05 09:00:00,0,0,0,0
1980-01-06 09:00:00,0,0,0,0
1980-01-07 09:00:00,0,0,0,0
1980-01-08 09:00:00,0,0,0,0
1980-01-09 09:00:00,0,0,0,0
1980-01-10 09:00:00,0,0,0,0
1980-01-11 09:00:00,0,0,0,0
1980-01-12 09:00:00,0,0,0,0
1980-01-13 09:00:00,0,0,0,0
1980-01-14 09:00:00,0,0,0,0
1980-01-15 09:00:00,0,0,0,0
1980-01-16 09:00:00,0,0,0,0
1980-01-17 09:00:00,0,0,0,0
1980-01-18 09:00:00,0,0,0,0
1980-01-19 09:00:00,0,0,0,0
1980-01-20 09:00:00,0,0,0,0
1980-01-21 09:00:00,0,0,0,0
1980-01-22 09:00:00,0,0,0,0
1980-01-23 09:00:00,0,0,0,0
1980-01-24 09:00:00,4,0,0,0
1980-01-25 09:00:00,4,0,0,0
1980-01-26 09:00:00,0,0,0,0
1980-01-27 09:00:00,0,0,0,0
1980-01-28 09:00:00,0,0,0,0
1980-01-29 09:00:00,0,0,0,0
1980-01-30 09:00:00,0,0,0,0
1980-01-31 09:00:00,0,0,0,0
1980-02-01 09:00:00,0,0,0,0
1980-02-02 09:00:00,0,0,0,0
1980-02-03 09:00:00,0,0,0,0
1980-02-04 09:00:00,0,0,0,0
1980-02-05 09:00:00,0,0,0,0
1980-02-06 09:00:00,0,0,0,0
1980-02-07 09:00:00,0,0,0,0
1980-02-08 09:00:00,0,0,0,0
1980-02-09 09:00:00,0,0,0,0
1980-02-10 09:00:00,0,0,0,0
1980-02-11 09:00:00,0,0,0,0
1980-02-12 09:00:00,1,0,0,0
1980-02-13 09:00:00,1,0,0,0
1980-02-14 09:00:00,0,0,0,0
1980-02-15 09:00:00,0,0,0,0
1980-02-16 09:00:00,0,0,0,0
1980-02-17 09:00:00,0,0,0,0
1980-02-18 09:00:00,0,0,0,0
1980-02-19 09:00:00,0,0,0,0
1980-02-20 09:00:00,0,0,0,0
1980-02-21 09:00:00,0,0,0,0
1980-02-22 09:00:00,0,0,0,0
1980-02-23 09:00:00,0,0,0,0
1980-02-24 09:00:00,0,0,0,0
1980-02-25 09:00:00,4,0,0,0
1980-02-26 09:00:00,1,0,0,0
1980-02-27 09:00:00,0,0,0,0
1980-02-28 09:00:00,0,0,0,0
1980-02-29 09:00:00,0,0,0,0
1980-12-01 09:00:00,0,0,0,0
1980-12-02 09:00:00,0,0,0,0
1980-12-03 09:00:00,0,0,0,0
1980-12-04 09:00:00,0,0,0,0
1980-12-05 09:00:00,0,0,0,0
1980-12-06 09:00:00,0,0,0,0
1980-12-07 09:00:00,0,0,0,0
1980-12-08 09:00:00,0,0,0,0
1980-12-09 09:00:00,0,0,0,0
1980-12-10 09:00:00,0,0,0,0
1980-12-11 09:00:00,0,0,0,0
1980-12-12 09:00:00,0,0,0,0
1980-12-13 09:00:00,4,1,1,0
1980-12-14 09:00:00,0,0,0,0
1980-12-15 09:00:00,0,0,0,0
1980-12-16 09:00:00,0,0,0,0
1980-12-17 09:00:00,0,0,0,0
1980-12-18 09:00:00,0,0,0,0
1980-12-19 09:00:00,0,0,0,0
1980-12-20 09:00:00,0,0,0,0
1980-12-21 09:00:00,0,0,0,0
1980-12-22 09:00:00,0,0,0,0
1980-12-23 09:00:00,3,1,1,0
1980-12-24 09:00:00,0,0,0,0
1980-12-25 09:00:00,0,0,0,0
1980-12-26 09:00:00,0,0,0,0
1980-12-27 09:00:00,0,0,0,0
1980-12-28 09:00:00,0,0,0,0
1980-12-29 09:00:00,0,0,0,0
1980-12-30 09:00:00,0,0,0,0
1980-12-31 09:00:00,0,0,0,0
1981-01-01 09:00:00,0,0,0,0
1981-01-02 09:00:00,0,0,0,0
1981-01-03 09:00:00,0,0,0,0
1981-01-04 09:00:00,0,0,0,0
1981-01-05 09:00:00,0,0,0,0
1981-01-06 09:00:00,0,0,0,0
1981-01-07 09:00:00,0,0,0,0
1981-01-08 09:00:00,0,0,0,0
1981-01-09 09:00:00,0,0,0,0
1981-01-10 09:00:00,0,0,0,0
1981-01-11 09:00:00,0,0,0,0
1981-01-12 09:00:00,0,0,0,0
1981-01-13 09:00:00,0,0,0,0
1981-01-14 09:00:00,0,0,0,0
1981-01-15 09:00:00,0,0,0,0
1981-01-16 09:00:00,0,0,0,0
1981-01-17 09:00:00,0,0,0,0
1981-01-18 09:00:00,0,0,0,0
1981-01-19 09:00:00,0,0,0,0
1981-01-20 09:00:00,0,0,0,0
1981-01-21 09:00:00,0,0,0,0
1981-01-22 09:00:00,0,0,0,0
1981-01-23 09:00:00,0,0,0,0
1981-01-24 09:00:00,0,0,0,0
1981-01-25 09:00:00,0,0,0,0
1981-01-26 09:00:00,0,0,0,0
1981-01-27 09:00:00,2,0,0,0
1981-01-28 09:00:00,0,0,0,0
1981-01-29 09:00:00,0,0,0,0
1981-01-30 09:00:00,0,0,0,0
1981-01-31 09:00:00,0,0,0,0
1981-02-01 09:00:00,0,0,0,0
1981-02-02 09:00:00,0,0,0,0
1981-02-03 09:00:00,0,0,0,0
1981-02-04 09:00:00,0,0,0,0
1981-02-05 09:00:00,0,0,0,0
1981-02-06 09:00:00,0,0,0,0
1981-02-07 09:00:00,0,0,0,0
1981-02-08 09:00:00,0,0,0,0
1981-02-09 09:00:00,0,0,0,0
1981-02-10 09:00:00,2,2,0,1
1981-02-11 09:00:00,4,1,1,0
1981-02-12 09:00:00,0,0,0,0
1981-02-13 09:00:00,0,0,0,0
1981-02-14 09:00:00,0,0,0,0
1981-02-15 09:00:00,0,0,0,0
1981-02-16 09:00:00,0,0,0,0
1981-02-17 09:00:00,0,0,0,0
1981-02-18 09:00:00,0,0,0,0
1981-02-19 09:00:00,0,0,0,0
1981-02-20 09:00:00,0,0,0,0
1981-02-21 09:00:00,0,0,0,0
1981-02-22 09:00:00,0,0,0,0
1981-02-23 09:00:00,0,0,0,0
1981-02-24 09:00:00,0,0,0,0
1981-02-25 09:00:00,0,0,0,0
1981-02-26 09:00:00,0,0,0,0
1981-02-27 09:00:00,0,0,0,0
1981-02-28 09:00:00,0,0,0,0
1981-12-01 09:00:00,0,0,0,0
1981-12-02 09:00:00,0,0,0,0
1981-12-03 09:00:00,0,0,0,0
1981-12-04 09:00:00,0,0,0,0
1981-12-05 09:00:00,0,0,0,0
1981-12-06 09:00:00,0,0,0,0
1981-12-07 09:00:00,0,0,0,0
1981-12-08 09:00:00,0,0,0,0
1981-12-09 09:00:00,0,0,0,0
1981-12-10 09:00:00,2,2,1,1
1981-12-11 09:00:00,2,2,0,1
1981-12-12 09:00:00,0,0,0,0
1981-12-13 09:00:00,0,0,0,0
1981-12-14 09:00:00,0,0,0,0
1981-12-15 09:00:00,0,0,0,0
1981-12-16 09:00:00,0,0,0,0
1981-12-17 09:00:00,0,0,0,0
1981-12-18 09:00:00,0,0,0,0
1981-12-19 09:00:00,0,0,0,0
1981-12-20 09:00:00,0,0,0,0
1981-12-21 09:00:00,0,0,0,0
1981-12-22 09:00:00,0,0,0,0
1981-12-23 09:00:00,0,0,0,0
1981-12-24 09:00:00,0,0,0,0
1981-12-25 09:00:00,0,0,0,0
1981-12-26 09:00:00,0,0,0,0
1981-12-27 09:00:00,0,0,0,0
1981-12-28 09:00:00,0,0,0,0
1981-12-29 09:00:00,0,0,0,0
1981-12-30 09:00:00,0,0,0,0
1981-12-31 09:00:00,0,0,0,0
1982-01-01 09:00:00,0,0,0,0
1982-01-02 09:00:00,0,0,0,0
1982-01-03 09:00:00,0,0,0,0
1982-01-04 09:00:00,0,0,0,0
1982-01-05 09:00:00,0,0,0,0
1982-01-06 09:00:00,0,0,0,0
1982-01-07 09:00:00,0,0,0,0
1982-01-08 09:00:00,0,0,0,0
1982-01-09 09:00:00,0,0,0,0
1982-01-10 09:00:00,0,0,0,0
1982-01-11 09:00:00,0,0,0,0
1982-01-12 09:00:00,0,0,0,0
1982-01-13 09:00:00,0,0,0,0
1982-01-14 09:00:00,0,0,0,0
1982-01-15 09:00:00,0,0,0,0
1982-01-16 09:00:00,0,0,0,0
1982-01-17 09:00:00,0,0,0,0
1982-01-18 09:00:00,0,0,0,0
1982-01-19 09:00:00,0,0,0,0
1982-01-20 09:00:00,0,0,0,0
1982-01-21 09:00:00,0,0,0,0
1982-01-22 09:00:00,0,0,0,0
1982-01-23 09:00:00,0,0,0,0
1982-01-24 09:00:00,0,0,0,0
1982-01-25 09:00:00,0,0,0,0
1982-01-26 09:00:00,0,0,0,0
1982-01-27 09:00:00,0,0,0,0
1982-01-28 09:00:00,0,0,0,0
1982-01-29 09:00:00,3,0,0,0
1982-01-30 09:00:00,0,0,0,0
1982-01-31 09:00:00,0,0,0,0
1982-02-01 09:00:00,0,0,0,0
1982-02-02 09:00:00,0,0,0,0
1982-02-03 09:00:00,0,0,0,0
1982-02-04 09:00:00,0,0,0,0
1982-02-05 09:00:00,0,0,0,0
1982-02-06 09:00:00,0,0,0,0
1982-02-07 09:00:00,0,0,0,0
1982-02-08 09:00:00,0,0,0,0
1982-02-09 09:00:00,4,1,1,0
1982-02-10 09:00:00,0,0,0,0
1982-02-11 09:00:00,0,0,0,0
1982-02-12 09:00:00,0,0,0,0
1982-02-13 09:00:00,0,0,0,0
1982-02-14 09:00:00,0,0,0,0
1982-02-15 09:00:00,0,0,0,0
1982-02-16 09:00:00,0,0,0,0
1982-02-17 09:00:00,1,0,0,0
1982-02-18 09:00:00,1,2,0,1
1982-02-19 09:00:00,0,0,0,0
1982-02-20 09:00:00,0,0,0,0
1982-02-21 09:00:00,0,0,0,0
1982-02-22 09:00:00,0,0,0,0
1982-02-23 09:00:00,0,0,0,0
1982-02-24 09:00:00,0,0,0,0
1982-02-25 09:00:00,0,0,0,0
1982-02-26 09:00:00,0,0,0,0
1982-02-27 09:00:00,0,0,0,0
1982-02-28 09:00:00,0,0,0,0
1982-12-01 09:00:00,0,0,0,0
1982-12-02 09:00:00,0,0,0,0
1982-12-03 09:00:00,0,0,0,0
1982-12-04 09:00:00,0,0,0,0
1982-12-05 09:00:00,0,0,0,0
1982-12-06 09:00:00,0,0,0,0
1982-12-07 09:00:00,0,0,0,0
1982-12-08 09:00:00,1,0,0,0
1982-12-09 09:00:00,1,0,0,0
1982-12-10 09:00:00,0,0,0,0
1982-12-11 09:00:00,0,0,0,0
1982-12-12 09:00:00,0,0,0,0
1982-12-13 09:00:00,0,0,0,0
1982-12-14 09:00:00,0,0,0,0
1982-12-15 09:00:00,0,0,0,0
1982-12-16 09:00:00,0,0,0,0
1982-12-17 09:00:00,0,0,0,0
1982-12-18 09:00:00,0,0,0,0
1982-12-19 09:00:00,0,0,0,0
1982-12-20 09:00:00,0,0,0,0
1982-12-21 09:00:00,0,0,0,0
1982-12-22 09:00:00,0,0,0,0
1982-12-23 09:00:00,0,0,0,0
1982-12-24 09:00:00,0,0,0,0
1982-12-25 09:00:00,0,0,0,0
1982-12-26 09:00:00,0,0,0,0
1982-12-27 09:00:00,0,0,0,0
1982-12-28 09:00:00,0,0,0,0
1982-12-29 09:00:00,0,0,0,0
1982-12-30 09:00:00,0,0,0,0
1982-12-31 09:00:00,0,0,0,0
1983-01-01 09:00:00,0,0,0,0
1983-01-02 09:00:00,0,0,0,0
1983-01-03 09:00:00,0,0,0,0
1983-01-04 09:00:00,0,0,0,0
1983-01-05 09:00:00,0,0,0,0
1983-01-06 09:00:00,0,0,0,0
1983-01-07 09:00:00,0,0,0,0
1983-01-08 09:00:00,0,0,0,0
1983-01-09 09:00:00,0,0,0,0
1983-01-10 09:00:00,0,0,0,0
1983-01-11 09:00:00,0,0,0,0
1983-01-12 09:00:00,0,0,0,0
1983-01-13 09:00:00,0,0,0,0
1983-01-14 09:00:00,0,0,0,0
1983-01-15 09:00:00,0,0,0,0
1983-01-16 09:00:00,0,0,0,0
1983-01-17 09:00:00,0,0,0,0
1983-01-18 09:00:00,0,0,0,0
1983-01-19 09:00:00,0,0,0,0
1983-01-20 09:00:00,0,0,0,0
1983-01-21 09:00:00,0,0,0,0
1983-01-22 09:00:00,0,0,0,0
1983-01-23 09:00:00,0,0,0,0
1983-01-24 09:00:00,0,0,0,0
1983-01-25 09:00:00,4,0,0,0
1983-01-26 09:00:00,0,0,0,0
1983-01-27 09:00:00,4,0,0,0
1983-01-28 09:00:00,0,0,0,0
1983-01-29 09:00:00,0,0,0,0
1983-01-30 09:00:00,0,0,0,0
1983-01-31 09:00:00,0,0,0,0
1983-02-01 09:00:00,0,0,0,0
1983-02-02 09:00:00,0,0,0,0
1983-02-03 09:00:00,0,0,0,0
1983-02-04 09:00:00,0,0,0,0
1983-02-05 09:00:00,0,0,0,0
1983-02-06 09:00:00,0,0,0,0
1983-02-07 09:00:00,0,0,0,0
1983-02-08 09:00:00,0,0,0,0
1983-02-09 09:00:00,0,0,0,0
1983-02-10 09:00:00,0,0,0,0
1983-02-11 09:00:00,0,0,0,0
1983-02-12 09:00:00,0,0,0,0
1983-02-13 09:00:00,0,0,0,0
1983-02-14 09:00:00,0,0,0,0
1983-02-15 09:00:00,0,0,0,0
1983-02-16 09:00:00,0,0,0,0
1983-02-17 09:00:00,0,0,0,0
1983-02-18 09:00:00,0,0,0,0
1983-02-19 09:00:00,0,0,0,0
1983-02-20 09:00:00,0,0,0,0
1983-02-21 09:00:00,0,0,0,0
1983-02-22 09:00:00,0,0,0,0
1983-02-23 09:00:00,0,0,0,0
1983-02-24 09:00:00,0,0,0,0
1983-02-25 09:00:00,0,0,0,0
1983-02-26 09:00:00,0,0,0,0
1983-02-27 09:00:00,4,1,1,0
1983-02-28 09:00:00,4,1,1,0
1983-12-01 09:00:00,0,0,0,0
1983-12-02 09:00:00,0,0,0,0
1983-12-03 09:00:00,0,0,0,0
1983-12-04 09:00:00,0,0,0,0
1983-12-05 09:00:00,0,0,0,0
1983-12-06 09:00:00,0,0,0,0
1983-12-07 09:00:00,0,0,0,0
1983-12-08 09:00:00,0,0,0,0
1983-12-09 09:00:00,0,0,0,0
1983-12-10 09:00:00,0,0,0,0
1983-12-11 09:00:00,0,0,0,0
1983-12-12 09:00:00,0,0,0,0
1983-12-13 09:00:00,0,0,0,0
1983-12-14 09:00:00,0,0,0,0
1983-12-15 09:00:00,0,0,0,0
1983-12-16 09:00:00,0,0,0,0
1983-12-17 09:00:00,0,0,0,0
1983-12-18 09:00:00,0,0,0,0
1983-12-19 09:00:00,0,0,0,0
1983-12-20 09:00:00,0,0,0,0
1983-12-21 09:00:00,0,0,0,0
1983-12-22 09:00:00,0,0,0,0
1983-12-23 09:00:00,0,0,0,0
1983-12-24 09:00:00,0,0,0,0
1983-12-25 09:00:00,2,2,1,1
1983-12-26 09:00:00,2,2,0,1
1983-12-27 09:00:00,2,2,0,1
1983-12-28 09:00:00,0,0,0,0
1983-12-29 09:00:00,0,0,0,0
1983-12-30 09:00:00,0,0,0,0
1983-12-31 09:00:00,0,0,0,0
1984-01-01 09:00:00,0,0,0,0
1984-01-02 09:00:00,0,0,0,0
1984-01-03 09:00:00,0,0,0,0
1984-01-04 09:00:00,0,0,0,0
1984-01-05 09:00:00,0,0,0,0
1984-01-06 09:00:00,0,0,0,0
1984-01-07 09:00:00,0,0,0,0
1984-01-08 09:00:00,0,0,0,0
1984-01-09 09:00:00,0,0,0,0
1984-01-10 09:00:00,0,0,0,0
1984-01-11 09:00:00,0,0,0,0
1984-01-12 09:00:00,0,0,0,0
1984-01-13 09:00:00,0,0,0,0
1984-01-14 09:00:00,0,0,0,0
1984-01-15 09:00:00,0,0,0,0
1984-01-16 09:00:00,2,2,1,1
1984-01-17 09:00:00,2,2,0,1
1984-01-18 09:00:00,0,0,0,0
1984-01-19 09:00:00,0,0,0,0
1984-01-20 09:00:00,0,0,0,0
1984-01-21 09:00:00,0,0,0,0
1984-01-22 09:00:00,0,0,0,0
1984-01-23 09:00:00,0,0,0,0
1984-01-24 09:00:00,0,0,0,0
1984-01-25 09:00:00,0,0,0,0
1984-01-26 09:00:00,0,0,0,0
1984-01-27 09:00:00,0,0,0,0
1984-01-28 09:00:00,0,0,0,0
1984-01-29 09:00:00,0,0,0,0
1984-01-30 09:00:00,0,0,0,0
1984-01-31 09:00:00,0,0,0,0
1984-02-01 09:00:00,0,0,0,0
1984-02-02 09:00:00,0,0,0,0
1984-02-03 09:00:00,0,0,0,0
1984-02-04 09:00:00,0,0,0,0
1984-02-05 09:00:00,0,0,0,0
1984-02-06 09:00:00,0,0,0,0
1984-02-07 09:00:00,0,0,0,0
1984-02-08 09:00:00,0,0,0,0
1984-02-09 09:00:00,0,0,0,0
1984-02-10 09:00:00,0,0,0,0
1984-02-11 09:00:00,0,0,0,0
1984-02-12 09:00:00,0,0,0,0
1984-02-13 09:00:00,0,0,0,0
1984-02-14 09:00:00,0,0,0,0
1984-02-15 09:00:00,0,0,0,0
1984-02-16 09:00:00,0,0,0,0
1984-02-17 09:00:00,0,0,0,0
1984-02-18 09:00:00,0,0,0,0
1984-02-19 09:00:00,3,1,1,0
1984-02-20 09:00:00,3,1,1,0
1984-02-21 09:00:00,0,0,0,0
1984-02-22 09:00:00,0,0,0,0
1984-02-23 09:00:00,0,0,0,0
1984-02-24 09:00:00,0,0,0,0
1984-02-25 09:00:00,0,0,0,0
1984-02-26 09:00:00,0,0,0,0
1984-02-27 09:00:00,0,0,0,0
1984-02-28 09:00:00,0,0,0,0
1984-02-29 09:00:00,0,0,0,0
1984-12-01 09:00:00,0,0,0,0
1984-12-02 09:00:00,0,0,0,0
1984-12-03 09:00:00,0,0,0,0
1984-12-04 09:00:00,0,0,0,0
1984-12-05 09:00:00,0,0,0,0
1984-12-06 09:00:00,0,0,0,0
1984-12-07 09:00:00,4,1,1,0
1984-12-08 09:00:00,0,0,0,0
1984-12-09 09:00:00,4,0,0,0
1984-12-10 09:00:00,4,0,0,0
1984-12-11 09:00:00,0,0,0,0
1984-12-12 09:00:00,0,0,0,0
1984-12-13 09:00:00,2,2,0,1
1984-12-14 09:00:00,2,2,0,1
1984-12-15 09:00:00,0,0,0,0
1984-12-16 09:00:00,0,0,0,0
1984-12-17 09:00:00,0,0,0,0
1984-12-18 09:00:00,0,0,0,0
1984-12-19 09:00:00,0,0,0,0
1984-12-20 09:00:00,0,0,0,0
1984-12-21 09:00:00,0,0,0,0
1984-12-22 09:00:00,0,0,0,0
1984-12-23 09:00:00,0,0,0,0
1984-12-24 09:00:00,0,0,0,0
1984-12-25 09:00:00,0,0,0,0
1984-12-26 09:00:00,0,0,0,0
1984-12-27 09:00:00,0,0,0,0
1984-12-28 09:00:00,0,0,0,0
1984-12-29 09:00:00,0,0,0,0
1984-12-30 09:00:00,0,0,0,0
1984-12-31 09:00:00,0,0,0,0
1985-01-01 09:00:00,0,0,0,0
1985-01-02 09:00:00,0,0,0,0
1985-01-03 09:00:00,0,0,0,0
1985-01-04 09:00:00,0,0,0,0
1985-01-05 09:00:00,0,0,0,0
1985-01-06 09:00:00,0,0,0,0
1985-01-07 09:00:00,0,0,0,0
1985-01-08 09:00:00,0,0,0,0
1985-01-09 09:00:00,0,0,0,0
1985-01-10 09:00:00,0,0,0,0
1985-01-11 09:00:00,0,0,0,0
1985-01-12 09:00:00,0,0,0,0
1985-01-13 09:00:00,0,0,0,0
1985-01-14 09:00:00,0,0,0,0
1985-01-15 09:00:00,0,0,0,0
1985-01-16 09:00:00,0,0,0,0
1985-01-17 09:00:00,1,2,0,1
1985-01-18 09:00:00,0,0,0,0
1985-01-19 09:00:00,0,0,0,0
1985-01-20 09:00:00,0,0,0,0
1985-01-21 09:00:00,0,0,0,0
1985-01-22 09:00:00,0,0,0,0
1985-01-23 09:00:00,0,0,0,0
1985-01-24 09:00:00,0,0,0,0
1985-01-25 09:00:00,0,0,0,0
1985-01-26 09:00:00,0,0,0,0
1985-01-27 09:00:00,0,0,0,0
1985-01-28 09:00:00,0,0,0,0
1985-01-29 09:00:00,0,0,0,0
1985-01-30 09:00:00,0,0,0,0
1985-01-31 09:00:00,0,0,0,0
1985-02-01 09:00:00,0,0,0,0
1985-02-02 09:00:00,2,2,0,1
1985-02-03 09:00:00,0,0,0,0
1985-02-04 09:00:00,0,0,0,0
1985-02-05 09:00:00,0,0,0,0
1985-02-06 09:00:00,0,0,0,0
1985-02-07 09:00:00,0,0,0,0
1985-02-08 09:00:00,0,0,0,0
1985-02-09 09:00:00,0,0,0,0
1985-02-10 09:00:00,0,0,0,0
1985-02-11 09:00:00,0,0,0,0
1985-02-12 09:00:00,0,0,0,0
1985-02-13 09:00:00,0,0,0,0
1985-02-14 09:00:00,0,0,0,0
1985-02-15 09:00:00,0,0,0,0
1985-02-16 09:00:00,0,0,0,0
1985-02-17 09:00:00,0,0,0,0
1985-02-18 09:00:00,0,0,0,0
1985-02-19 09:00:00,0,0,0,0
1985-02-20 09:00:00,0,0,0,0
1985-02-21 09:00:00,0,0,0,0
1985-02-22 09:00:00,0,0,0,0
1985-02-23 09:00:00,0,0,0,0
1985-02-24 09:00:00,0,0,0,0
1985-02-25 09:00:00,0,0,0,0
1985-02-26 09:00:00,0,0,0,0
1985-02-27 09:00:00,0,0,0,0
1985-02-28 09:00:00,0,0,0,0
1985-12-01 09:00:00,0,0,0,0
1985-12-02 09:00:00,0,0,0,0
1985-12-03 09:00:00,0,0,0,0
1985-12-04 09:00:00,0,0,0,0
1985-12-05 09:00:00,0,0,0,0
1985-12-06 09:00:00,1,0,0,0
1985-12-07 09:00:00,0,0,0,0
1985-12-08 09:00:00,0,0,0,0
1985-12-09 09:00:00,0,0,0,0
1985-12-10 09:00:00,0,0,0,0
1985-12-11 09:00:00,0,0,0,0
1985-12-12 09:00:00,0,0,0,0
1985-12-13 09:00:00,0,0,0,0
1985-12-14 09:00:00,0,0,0,0
1985-12-15 09:00:00,0,0,0,0
1985-12-16 09:00:00,0,0,0,0
1985-12-17 09:00:00,0,0,0,0
1985-12-18 09:00:00,0,0,0,0
1985-12-19 09:00:00,2,2,0,1
1985-12-20 09:00:00,4,1,1,0
1985-12-21 09:00:00,4,1,1,0
1985-12-22 09:00:00,0,0,0,0
1985-12-23 09:00:00,0,0,0,0
1985-12-24 09:00:00,0,0,0,0
1985-12-25 09:00:00,0,0,0,0
1985-12-26 09:00:00,2,2,0,1
1985-12-27 09:00:00,0,0,0,0
1985-12-28 09:00:00,0,0,0,0
1985-12-29 09:00:00,0,0,0,0
1985-12-30 09:00:00,0,0,0,0
1985-12-31 09:00:00,0,0,0,0
1986-01-01 09:00:00,0,0,0,0
1986-01-02 09:00:00,0,0,0,0
1986-01-03 09:00:00,0,0,0,0
1986-01-04 09:00:00,0,0,0,0
1986-01-05 09:00:00,0,0,0,0
1986-01-06 09:00:00,0,0,0,0
1986-01-07 09:00:00,0,0,0,0
1986-01-08 09:00:00,0,0,0,0
1986-01-09 09:00:00,0,0,0,0
1986-01-10 09:00:00,0,0,0,0
1986-01-11 09:00:00,0,0,0,0
1986-01-12 09:00:00,0,0,0,0
1986-01-13 09:00:00,0,0,0,0
1986-01-14 09:00:00,0,0,0,0
1986-01-15 09:00:00,0,0,0,0
1986-01-16 09:00:00,0,0,0,0
1986-01-17 09:00:00,0,0,0,0
1986-01-18 09:00:00,0,0,0,0
1986-01-19 09:00:00,0,0,0,0
1986-01-20 09:00:00,0,0,0,0
1986-01-21 09:00:00,0,0,0,0
1986-01-22 09:00:00,0,0,0,0
1986-01-23 09:00:00,0,0,0,0
1986-01-24 09:00:00,0,0,0,0
1986-01-25 09:00:00,0,0,0,0
1986-01-26 09:00:00,0,0,0,0
1986-01-27 09:00:00,0,0,0,0
1986-01-28 09:00:00,0,0,0,0
1986-01-29 09:00:00,0,0,0,0
1986-01-30 09:00:00,0,0,0,0
1986-01-31 09:00:00,0,0,0,0
1986-02-01 09:00:00,0,0,0,0
1986-02-02 09:00:00,0,0,0,0
1986-02-03 09:00:00,0,0,0,0
1986-02-04 09:00:00,0,0,0,0
1986-02-05 09:00:00,0,0,0,0
1986-02-06 09:00:00,0,0,0,0
1986-02-07 09:00:00,0,0,0,0
1986-02-08 09:00:00,0,0,0,0
1986-02-09 09:00:00,3,0,0,0
1986-02-10 09:00:00,0,0,0,0
1986-02-11 09:00:00,0,0,0,0
1986-02-12 09:00:00,0,0,0,0
1986-02-13 09:00:00,0,0,0,0
1986-02-14 09:00:00,0,0,0,0
1986-02-15 09:00:00,0,0,0,0
1986-02-16 09:00:00,0,0,0,0
1986-02-17 09:00:00,0,0,0,0
1986-02-18 09:00:00,0,0,0,0
1986-02-19 09:00:00,0,0,0,0
1986-02-20 09:00:00,0,0,0,0
1986-02-21 09:00:00,0,0,0,0
1986-02-22 09:00:00,0,0,0,0
1986-02-23 09:00:00,0,0,0,0
1986-02-24 09:00:00,0,0,0,0
1986-02-25 09:00:00,0,0,0,0
1986-02-26 09:00:00,0,0,0,0
1986-02-27 09:00:00,0,0,0,0
1986-02-28 09:00:00,0,0,0,0
1986-12-01 09:00:00,0,0,0,0
1986-12-02 09:00:00,0,0,0,0
1986-12-03 09:00:00,4,1,1,0
1986-12-04 09:00:00,4,1,1,0
1986-12-05 09:00:00,4,1,1,0
1986-12-06 09:00:00,4,1,1,0
1986-12-07 09:00:00,0,0,0,0
1986-12-08 09:00:00,0,0,0,0
1986-12-09 09:00:00,0,0,0,0
1986-12-10 09:00:00,0,0,0,0
1986-12-11 09:00:00,0,0,0,0
1986-12-12 09:00:00,0,0,0,0
1986-12-13 09:00:00,1,2,0,1
1986-12-14 09:00:00,0,0,0,0
1986-12-15 09:00:00,0,0,0,0
1986-12-16 09:00:00,0,0,0,0
1986-12-17 09:00:00,0,0,0,0
1986-12-18 09:00:00,0,0,0,0
1986-12-19 09:00:00,0,0,0,0
1986-12-20 09:00:00,0,0,0,0
1986-12-21 09:00:00,0,0,0,0
1986-12-22 09:00:00,0,0,0,0
1986-12-23 09:00:00,0,0,0,0
1986-12-24 09:00:00,0,0,0,0
1986-12-25 09:00:00,0,0,0,0
1986-12-26 09:00:00,0,0,0,0
1986-12-27 09:00:00,0,0,0,0
1986-12-28 09:00:00,0,0,0,0
1986-12-29 09:00:00,0,0,0,0
1986-12-30 09:00:00,0,0,0,0
1986-12-31 09:00:00,0,0,0,0
1987-01-01 09:00:00,0,0,0,0
1987-01-02 09:00:00,0,0,0,0
1987-01-03 09:00:00,0,0,0,0
1987-01-04 09:00:00,0,0,0,0
1987-01-05 09:00:00,0,0,0,0
1987-01-06 09:00:00,0,0,0,0
1987-01-07 09:00:00,0,0,0,0
1987-01-08 09:00:00,0,0,0,0
1987-01-09 09:00:00,0,0,0,0
1987-01-10 09:00:00,0,0,0,0
1987-01-11 09:00:00,0,0,0,0
1987-01-12 09:00:00,0,0,0,0
1987-01-13 09:00:00,0,0,0,0
1987-01-14 09:00:00,0,0,0,0
1987-01-15 09:00:00,0,0,0,0
1987-01-16 09:00:00,0,0,0,0
1987-01-17 09:00:00,0,0,0,0
1987-01-18 09:00:00,0,0,0,0
1987-01-19 09:00:00,0,0,0,0
1987-01-20 09:00:00,0,0,0,0
1987-01-21 09:00:00,0,0,0,0
1987-01-22 09:00:00,0,0,0,0
1987-01-23 09:00:00,0,0,0,0
1987-01-24 09:00:00,0,0,0,0
1987-01-25 09:00:00,0,0,0,0
1987-01-26 09:00:00,0,0,0,0
1987-01-27 09:00:00,0,0,0,0
1987-01-28 09:00:00,0,0,0,0
1987-01-29 09:00:00,0,0,0,0
1987-01-30 09:00:00,0,0,0,0
1987-01-31 09:00:00,0,0,0,0
1987-02-01 09:00:00,0,0,0,0
1987-02-02 09:00:00,0,0,0,0
1987-02-03 09:00:00,0,0,0,0
1987-02-04 09:00:00,0,0,0,0
1987-02-05 09:00:00,0,0,0,0
1987-02-06 09:00:00,0,0,0,0
1987-02-07 09:00:00,0,0,0,0
1987-02-08 09:00:00,0,0,0,0
1987-02-09 09:00:00,0,0,0,0
1987-02-10 09:00:00,0,0,0,0
1987-02-11 09:00:00,4,0,0,0
1987-02-12 09:00:00,0,0,0,0
1987-02-13 09:00:00,0,0,0,0
1987-02-14 09:00:00,0,0,0,0
1987-02-15 09:00:00,0,0,0,0
1987-02-16 09:00:00,0,0,0,0
1987-02-17 09:00:00,0,0,0,0
1987-02-18 09:00:00,0,0,0,0
1987-02-19 09:00:00,0,0,0,0
1987-02-20 09:00:00,0,0,0,0
1987-02-21 09:00:00,0,0,0,0
1987-02-22 09:00:00,0,0,0,0
1987-02-23 09:00:00,0,0,0,0
1987-02-24 09:00:00,0,0,0,0
1987-02-25 09:00:00,0,0,0,0
1987-02-26 09:00:00,0,0,0,0
1987-02-27 09:00:00,0,0,0,0
1987-02-28 09:00:00,0,0,0,0
1987-12-01 09:00:00,0,0,0,0
1987-12-02 09:00:00,0,0,0,0
1987-12-03 09:00:00,0,0,0,0
1987-12-04 09:00:00,0,0,0,0
1987-12-05 09:00:00,0,0,0,0
1987-12-06 09:00:00,0,0,0,0
1987-12-07 09:00:00,0,0,0,0
1987-12-08 09:00:00,0,0,0,0
1987-12-09 09:00:00,0,0,0,0
1987-12-10 09:00:00,0,0,0,0
1987-12-11 09:00:00,3,0,0,0
1987-12-12 09:00:00,0,0,0,0
1987-12-13 09:00:00,0,0,0,0
1987-12-14 09:00:00,0,0,0,0
1987-12-15 09:00:00,0,0,0,0
1987-12-16 09:00:00,0,0,0,0
1987-12-17 09:00:00,0,0,0,0
1987-12-18 09:00:00,0,0,0,0
1987-12-19 09:00:00,0,0,0,0
1987-12-20 09:00:00,0,0,0,0
1987-12-21 09:00:00,0,0,0,0
1987-12-22 09:00:00,0,0,0,0
1987-12-23 09:00:00,0,0,0,0
1987-12-24 09:00:00,0,0,0,0
1987-12-25 09:00:00,0,0,0,0
1987-12-26 09:00:00,0,0,0,0
1987-12-27 09:00:00,0,0,0,0
1987-12-28 09:00:00,0,0,0,0
1987-12-29 09:00:00,4,1,1,0
1987-12-30 09:00:00,4,1,1,0
1987-12-31 09:00:00,1,2,1,1
1988-01-01 09:00:00,1,2,0,1
1988-01-02 09:00:00,0,0,0,0
1988-01-03 09:00:00,0,0,0,0
1988-01-04 09:00:00,0,0,0,0
1988-01-05 09:00:00,0,0,0,0
1988-01-06 09:00:00,0,0,0,0
1988-01-07 09:00:00,0,0,0,0
1988-01-08 09:00:00,0,0,0,0
1988-01-09 09:00:00,0,0,0,0
1988-01-10 09:00:00,0,0,0,0
1988-01-11 09:00:00,0,0,0,0
1988-01-12 09:00:00,0,0,0,0
1988-01-13 09:00:00,0,0,0,0
1988-01-14 09:00:00,0,0,0,0
1988-01-15 09:00:00,0,0,0,0
1988-01-16 09:00:00,0,0,0,0
1988-01-17 09:00:00,0,0,0,0
1988-01-18 09:00:00,0,0,0,0
1988-01-19 09:00:00,0,0,0,0
1988-01-20 09:00:00,1,2,0,1
1988-01-21 09:00:00,0,0,0,0
1988-01-22 09:00:00,0,0,0,0
1988-01-23 09:00:00,0,0,0,0
1988-01-24 09:00:00,0,0,0,0
1988-01-25 09:00:00,0,0,0,0
1988-01-26 09:00:00,0,0,0,0
1988-01-27 09:00:00,0,0,0,0
1988-01-28 09:00:00,0,0,0,0
1988-01-29 09:00:00,0,0,0,0
1988-01-30 09:00:00,0,0,0,0
1988-01-31 09:00:00,0,0,0,0
1988-02-01 09:00:00,0,0,0,0
1988-02-02 09:00:00,0,0,0,0
1988-02-03 09:00:00,0,0,0,0
1988-02-04 09:00:00,0,0,0,0
1988-02-05 09:00:00,0,0,0,0
1988-02-06 09:00:00,0,0,0,0
1988-02-07 09:00:00,0,0,0,0
1988-02-08 09:00:00,0,0,0,0
1988-02-09 09:00:00,0,0,0,0
1988-02-10 09:00:00,0,0,0,0
1988-02-11 09:00:00,0,0,0,0
1988-02-12 09:00:00,0,0,0,0
1988-02-13 09:00:00,0,0,0,0
1988-02-14 09:00:00,0,0,0,0
1988-02-15 09:00:00,0,0,0,0
1988-02-16 09:00:00,0,0,0,0
1988-02-17 09:00:00,0,0,0,0
1988-02-18 09:00:00,4,0,0,0
1988-02-19 09:00:00,4,0,0,0
1988-02-20 09:00:00,0,0,0,0
1988-02-21 09:00:00,0,0,0,0
1988-02-22 09:00:00,0,0,0,0
1988-02-23 09:00:00,2,2,0,1
1988-02-24 09:00:00,2,2,0,1
1988-02-25 09:00:00,0,0,0,0
1988-02-26 09:00:00,0,0,0,0
1988-02-27 09:00:00,0,0,0,0
1988-02-28 09:00:00,0,0,0,0
1988-02-29 09:00:00,0,0,0,0
1988-12-01 09:00:00,0,0,0,0
1988-12-02 09:00:00,0,0,0,0
1988-12-03 09:00:00,0,0,0,0
1988-12-04 09:00:00,0,0,0,0
1988-12-05 09:00:00,0,0,0,0
1988-12-06 09:00:00,0,0,0,0
1988-12-07 09:00:00,0,0,0,0
1988-12-08 09:00:00,0,0,0,0
1988-12-09 09:00:00,0,0,0,0
1988-12-10 09:00:00,0,0,0,0
1988-12-11 09:00:00,0,0,0,0
1988-12-12 09:00:00,0,0,0,0
1988-12-13 09:00:00,0,0,0,0
1988-12-14 09:00:00,0,0,0,0
1988-12-15 09:00:00,0,0,0,0
1988-12-16 09:00:00,0,0,0,0
1988-12-17 09:00:00,0,0,0,0
1988-12-18 09:00:00,0,0,0,0
1988-12-19 09:00:00,0,0,0,0
1988-12-20 09:00:00,2,0,0,0
1988-12-21 09:00:00,0,0,0,0
1988-12-22 09:00:00,0,0,0,0
1988-12-23 09:00:00,0,0,0,0
1988-12-24 09:00:00,0,0,0,0
1988-12-25 09:00:00,0,0,0,0
1988-12-26 09:00:00,0,0,0,0
1988-12-27 09:00:00,4,2,1,1
1988-12-28 09:00:00,4,1,1,0
1988-12-29 09:00:00,4,1,1,0
1988-12-30 09:00:00,0,0,0,0
1988-12-31 09:00:00,0,0,0,0
1989-01-01 09:00:00,0,0,0,0
1989-01-02 09:00:00,0,0,0,0
1989-01-03 09:00:00,0,0,0,0
1989-01-04 09:00:00,0,0,0,0
1989-01-05 09:00:00,1,2,1,1
1989-01-06 09:00:00,0,0,0,0
1989-01-07 09:00:00,3,1,1,0
1989-01-08 09:00:00,2,0,0,0
1989-01-09 09:00:00,0,0,0,0
1989-01-10 09:00:00,0,0,0,0
1989-01-11 09:00:00,0,0,0,0
1989-01-12 09:00:00,0,0,0,0
1989-01-13 09:00:00,0,0,0,0
1989-01-14 09:00:00,0,0,0,0
1989-01-15 09:00:00,0,0,0,0
1989-01-16 09:00:00,0,0,0,0
1989-01-17 09:00:00,0,0,0,0
1989-01-18 09:00:00,0,0,0,0
1989-01-19 09:00:00,0,0,0,0
1989-01-20 09:00:00,0,0,0,0
1989-01-21 09:00:00,0,0,0,0
1989-01-22 09:00:00,0,0,0,0
1989-01-23 09:00:00,0,0,0,0
1989-01-24 09:00:00,0,0,0,0
1989-01-25 09:00:00,0,0,0,0
1989-01-26 09:00:00,0,0,0,0
1989-01-27 09:00:00,0,0,0,0
1989-01-28 09:00:00,0,0,0,0
1989-01-29 09:00:00,0,0,0,0
1989-01-30 09:00:00,0,0,0,0
1989-01-31 09:00:00,0,0,0,0
1989-02-01 09:00:00,0,0,0,0
1989-02-02 09:00:00,4,1,1,0
1989-02-03 09:00:00,4,1,1,0
1989-02-04 09:00:00,0,0,0,0
1989-02-05 09:00:00,0,0,0,0
1989-02-06 09:00:00,0,0,0,0
1989-02-07 09:00:00,0,0,0,0
1989-02-08 09:00:00,0,0,0,0
1989-02-09 09:00:00,0,0,0,0
1989-02-10 09:00:00,0,0,0,0
1989-02-11 09:00:00,0,0,0,0
1989-02-12 09:00:00,0,0,0,0
1989-02-13 09:00:00,0,0,0,0
1989-02-14 09:00:00,2,0,0,0
1989-02-15 09:00:00,0,0,0,0
1989-02-16 09:00:00,0,0,0,0
1989-02-17 09:00:00,0,0,0,0
1989-02-18 09:00:00,0,0,0,0
1989-02-19 09:00:00,2,2,0,1
1989-02-20 09:00:00,0,0,0,0
1989-02-21 09:00:00,0,0,0,0
1989-02-22 09:00:00,0,0,0,0
1989-02-23 09:00:00,4,1,1,0
1989-02-24 09:00:00,0,0,0,0
1989-02-25 09:00:00,0,0,0,0
1989-02-26 09:00:00,0,0,0,0
1989-02-27 09:00:00,0,0,0,0
1989-02-28 09:00:00,0,0,0,0
1989-12-01 09:00:00,0,0,0,0
1989-12-02 09:00:00,0,0,0,0
1989-12-03 09:00:00,0,0,0,0
1989-12-04 09:00:00,0,0,0,0
1989-12-05 09:00:00,0,0,0,0
1989-12-06 09:00:00,4,1,1,0
1989-12-07 09:00:00,4,1,1,0
1989-12-08 09:00:00,0,0,0,0
1989-12-09 09:00:00,0,0,0,0
1989-12-10 09:00:00,0,0,0,0
1989-12-11 09:00:00,0,0,0,0
1989-12-12 09:00:00,0,0,0,0
1989-12-13 09:00:00,0,0,0,0
1989-12-14 09:00:00,0,0,0,0
1989-12-15 09:00:00,0,0,0,0
1989-12-16 09:00:00,4,2,0,1
1989-12-17 09:00:00,4,0,0,0
1989-12-18 09:00:00,0,0,0,0
1989-12-19 09:00:00,0,0,0,0
1989-12-20 09:00:00,0,0,0,0
1989-12-21 09:00:00,0,0,0,0
1989-12-22 09:00:00,0,0,0,0
1989-12-23 09:00:00,0,0,0,0
1989-12-24 09:00:00,0,0,0,0
1989-12-25 09:00:00,3,1,1,0
1989-12-26 09:00:00,3,1,1,0
1989-12-27 09:00:00,0,0,0,0
1989-12-28 09:00:00,0,0,0,0
1989-12-29 09:00:00,0,0,0,0
1989-12-30 09:00:00,0,0,0,0
1989-12-31 09:00:00,0,0,0,0
1990-01-01 09:00:00,0,0,0,0
1990-01-02 09:00:00,0,0,0,0
1990-01-03 09:00:00,0,0,0,0
1990-01-04 09:00:00,0,0,0,0
1990-01-05 09:00:00,0,0,0,0
1990-01-06 09:00:00,0,0,0,0
1990-01-07 09:00:00,0,0,0,0
1990-01-08 09:00:00,0,0,0,0
1990-01-09 09:00:00,0,0,0,0
1990-01-10 09:00:00,0,0,0,0
1990-01-11 09:00:00,0,0,0,0
1990-01-12 09:00:00,0,0,0,0
1990-01-13 09:00:00,0,0,0,0
1990-01-14 09:00:00,0,0,0,0
1990-01-15 09:00:00,0,0,0,0
1990-01-16 09:00:00,0,0,0,0
1990-01-17 09:00:00,4,0,0,0
1990-01-18 09:00:00,4,0,0,0
1990-01-19 09:00:00,1,0,0,0
1990-01-20 09:00:00,0,0,0,0
1990-01-21 09:00:00,0,0,0,0
1990-01-22 09:00:00,0,0,0,0
1990-01-23 09:00:00,0,0,0,0
1990-01-24 09:00:00,0,0,0,0
1990-01-25 09:00:00,0,0,0,0
1990-01-26 09:00:00,2,0,0,0
1990-01-27 09:00:00,0,0,0,0
1990-01-28 09:00:00,0,0,0,0
1990-01-29 09:00:00,0,0,0,0
1990-01-30 09:00:00,0,0,0,0
1990-01-31 09:00:00,0,0,0,0
1990-02-01 09:00:00,0,0,0,0
1990-02-02 09:00:00,0,0,0,0
1990-02-03 09:00:00,0,0,0,0
1990-02-04 09:00:00,0,0,0,0
1990-02-05 09:00:00,2,2,0,1
1990-02-06 09:00:00,4,0,0,0
1990-02-07 09:00:00,4,0,0,0
1990-02-08 09:00:00,0,0,0,0
1990-02-09 09:00:00,0,0,0,0
1990-02-10 09:00:00,0,0,0,0
1990-02-11 09:00:00,2,0,0,0
1990-02-12 09:00:00,0,0,0,0
1990-02-13 09:00:00,0,0,0,0
1990-02-14 09:00:00,0,0,0,0
1990-02-15 09:00:00,0,0,0,0
1990-02-16 09:00:00,0,0,0,0
1990-02-17 09:00:00,0,0,0,0
1990-02-18 09:00:00,0,0,0,0
1990-02-19 09:00:00,0,0,0,0
1990-02-20 09:00:00,0,0,0,0
1990-02-21 09:00:00,0,0,0,0
1990-02-22 09:00:00,0,0,0,0
1990-02-23 09:00:00,0,0,0,0
1990-02-24 09:00:00,0,0,0,0
1990-02-25 09:00:00,0,0,0,0
1990-02-26 09:00:00,0,0,0,0
1990-02-27 09:00:00,0,0,0,0
1990-02-28 09:00:00,0,0,0,0
1990-12-01 09:00:00,0,0,0,0
1990-12-02 09:00:00,0,0,0,0
1990-12-03 09:00:00,0,0,0,0
1990-12-04 09:00:00,0,0,0,0
1990-12-05 09:00:00,0,0,0,0
1990-12-06 09:00:00,0,0,0,0
1990-12-07 09:00:00,0,0,0,0
1990-12-08 09:00:00,0,0,0,0
1990-12-09 09:00:00,0,0,0,0
1990-12-10 09:00:00,0,0,0,0
1990-12-11 09:00:00,0,0,0,0
1990-12-12 09:00:00,0,0,0,0
1990-12-13 09:00:00,0,0,0,0
1990-12-14 09:00:00,0,0,0,0
1990-12-15 09:00:00,0,0,0,0
1990-12-16 09:00:00,0,0,0,0
1990-12-17 09:00:00,0,0,0,0
1990-12-18 09:00:00,1,2,0,1
1990-12-19 09:00:00,0,0,0,0
1990-12-20 09:00:00,0,0,0,0
1990-12-21 09:00:00,0,0,0,0
1990-12-22 09:00:00,0,0,0,0
1990-12-23 09:00:00,0,0,0,0
1990-12-24 09:00:00,0,0,0,0
1990-12-25 09:00:00,0,0,0,0
1990-12-26 09:00:00,1,2,0,1
1990-12-27 09:00:00,1,0,0,0
1990-12-28 09:00:00,3,1,1,0
1990-12-29 09:00:00,3,1,1,0
1990-12-30 09:00:00,0,0,0,0
1990-12-31 09:00:00,0,0,0,0
1991-01-01 09:00:00,0,0,0,0
1991-01-02 09:00:00,2,2,0,1
1991-01-03 09:00:00,0,0,0,0
1991-01-04 09:00:00,0,0,0,0
1991-01-05 09:00:00,0,0,0,0
1991-01-06 09:00:00,0,0,0,0
1991-01-07 09:00:00,0,0,0,0
1991-01-08 09:00:00,0,0,0,0
1991-01-09 09:00:00,0,0,0,0
1991-01-10 09:00:00,0,0,0,0
1991-01-11 09:00:00,0,0,0,0
1991-01-12 09:00:00,0,0,0,0
1991-01-13 09:00:00,0,0,0,0
1991-01-14 09:00:00,0,0,0,0
1991-01-15 09:00:00,0,0,0,0
1991-01-16 09:00:00,0,0,0,0
1991-01-17 09:00:00,0,0,0,0
1991-01-18 09:00:00,0,0,0,0
1991-01-19 09:00:00,0,0,0,0
1991-01-20 09:00:00,0,0,0,0
1991-01-21 09:00:00,0,0,0,0
1991-01-22 09:00:00,0,0,0,0
1991-01-23 09:00:00,0,0,0,0
1991-01-24 09:00:00,4,0,0,0
1991-01-25 09:00:00,4,1,1,0
1991-01-26 09:00:00,4,1,1,0
1991-01-27 09:00:00,4,1,1,0
1991-01-28 09:00:00,0,0,0,0
1991-01-29 09:00:00,0,0,0,0
1991-01-30 09:00:00,0,0,0,0
1991-01-31 09:00:00,0,0,0,0
1991-02-01 09:00:00,0,0,0,0
1991-02-02 09:00:00,0,0,0,0
1991-02-03 09:00:00,0,0,0,0
1991-02-04 09:00:00,0,0,0,0
1991-02-05 09:00:00,0,0,0,0
1991-02-06 09:00:00,0,0,0,0
1991-02-07 09:00:00,0,0,0,0
1991-02-08 09:00:00,4,0,0,0
1991-02-09 09:00:00,1,0,0,0
1991-02-10 09:00:00,1,2,0,1
1991-02-11 09:00:00,0,0,0,0
1991-02-12 09:00:00,0,0,0,0
1991-02-13 09:00:00,0,0,0,0
1991-02-14 09:00:00,0,0,0,0
1991-02-15 09:00:00,0,0,0,0
1991-02-16 09:00:00,0,0,0,0
1991-02-17 09:00:00,0,0,0,0
1991-02-18 09:00:00,3,1,1,0
1991-02-19 09:00:00,0,0,0,0
1991-02-20 09:00:00,0,0,0,0
1991-02-21 09:00:00,0,0,0,0
1991-02-22 09:00:00,0,0,0,0
1991-02-23 09:00:00,0,0,0,0
1991-02-24 09:00:00,0,0,0,0
1991-02-25 09:00:00,0,0,0,0
1991-02-26 09:00:00,3,1,1,0
1991-02-27 09:00:00,0,0,0,0
1991-02-28 09:00:00,0,0,0,0
1991-12-01 09:00:00,0,0,0,0
1991-12-02 09:00:00,0,0,0,0
1991-12-03 09:00:00,0,0,0,0
1991-12-04 09:00:00,4,1,1,0
1991-12-05 09:00:00,4,0,0,0
1991-12-06 09:00:00,0,0,0,0
1991-12-07 09:00:00,0,0,0,0
1991-12-08 09:00:00,0,0,0,0
1991-12-09 09:00:00,0,0,0,0
1991-12-10 09:00:00,1,0,0,0
1991-12-11 09:00:00,1,0,0,0
1991-12-12 09:00:00,1,0,0,0
1991-12-13 09:00:00,4,0,0,0
1991-12-14 09:00:00,4,0,0,0
1991-12-15 09:00:00,4,1,1,0
1991-12-16 09:00:00,4,1,1,0
1991-12-17 09:00:00,0,0,0,0
1991-12-18 09:00:00,0,0,0,0
1991-12-19 09:00:00,0,0,0,0
1991-12-20 09:00:00,0,0,0,0
1991-12-21 09:00:00,0,0,0,0
1991-12-22 09:00:00,0,0,0,0
1991-12-23 09:00:00,0,0,0,0
1991-12-24 09:00:00,2,2,1,1
1991-12-25 09:00:00,2,2,1,1
1991-12-26 09:00:00,2,2,0,1
1991-12-27 09:00:00,0,0,0,0
1991-12-28 09:00:00,0,0,0,0
1991-12-29 09:00:00,0,0,0,0
1991-12-30 09:00:00,0,0,0,0
1991-12-31 09:00:00,0,0,0,0
1992-01-01 09:00:00,0,0,0,0
1992-01-02 09:00:00,0,0,0,0
1992-01-03 09:00:00,4,2,1,1
1992-01-04 09:00:00,4,1,1,0
1992-01-05 09:00:00,4,1,1,0
1992-01-06 09:00:00,4,1,1,0
1992-01-07 09:00:00,0,0,0,0
1992-01-08 09:00:00,0,0,0,0
1992-01-09 09:00:00,0,0,0,0
1992-01-10 09:00:00,0,0,0,0
1992-01-11 09:00:00,0,0,0,0
1992-01-12 09:00:00,0,0,0,0
1992-01-13 09:00:00,0,0,0,0
1992-01-14 09:00:00,0,0,0,0
1992-01-15 09:00:00,0,0,0,0
1992-01-16 09:00:00,0,0,0,0
1992-01-17 09:00:00,0,0,0,0
1992-01-18 09:00:00,0,0,0,0
1992-01-19 09:00:00,0,0,0,0
1992-01-20 09:00:00,0,0,0,0
1992-01-21 09:00:00,0,0,0,0
1992-01-22 09:00:00,0,0,0,0
1992-01-23 09:00:00,1,2,1,1
1992-01-24 09:00:00,1,2,1,1
1992-01-25 09:00:00,1,2,0,1
1992-01-26 09:00:00,0,0,0,0
1992-01-27 09:00:00,1,2,0,1
1992-01-28 09:00:00,1,2,0,1
1992-01-29 09:00:00,1,2,0,1
1992-01-30 09:00:00,0,0,0,0
1992-01-31 09:00:00,0,0,0,0
1992-02-01 09:00:00,0,0,0,0
1992-02-02 09:00:00,0,0,0,0
1992-02-03 09:00:00,0,0,0,0
1992-02-04 09:00:00,0,0,0,0
1992-02-05 09:00:00,0,0,0,0
1992-02-06 09:00:00,0,0,0,0
1992-02-07 09:00:00,0,0,0,0
1992-02-08 09:00:00,0,0,0,0
1992-02-09 09:00:00,0,0,0,0
1992-02-10 09:00:00,0,0,0,0
1992-02-11 09:00:00,0,0,0,0
1992-02-12 09:00:00,4,0,0,0
1992-02-13 09:00:00,0,0,0,0
1992-02-14 09:00:00,0,0,0,0
1992-02-15 09:00:00,0,0,0,0
1992-02-16 09:00:00,0,0,0,0
1992-02-17 09:00:00,0,0,0,0
1992-02-18 09:00:00,0,0,0,0
1992-02-19 09:00:00,0,0,0,0
1992-02-20 09:00:00,0,0,0,0
1992-02-21 09:00:00,0,0,0,0
1992-02-22 09:00:00,0,0,0,0
1992-02-23 09:00:00,0,0,0,0
1992-02-24 09:00:00,0,0,0,0
1992-02-25 09:00:00,4,2,1,1
1992-02-26 09:00:00,4,1,1,0
1992-02-27 09:00:00,0,0,0,0
1992-02-28 09:00:00,0,0,0,0
1992-02-29 09:00:00,0,0,0,0
1992-12-01 09:00:00,0,0,0,0
1992-12-02 09:00:00,0,0,0,0
1992-12-03 09:00:00,0,0,0,0
1992-12-04 09:00:00,0,0,0,0
1992-12-05 09:00:00,0,0,0,0
1992-12-06 09:00:00,0,0,0,0
1992-12-07 09:00:00,0,0,0,0
1992-12-08 09:00:00,0,0,0,0
1992-12-09 09:00:00,0,0,0,0
1992-12-10 09:00:00,0,0,0,0
1992-12-11 09:00:00,0,0,0,0
1992-12-12 09:00:00,0,0,0,0
1992-12-13 09:00:00,0,0,0,0
1992-12-14 09:00:00,0,0,0,0
1992-12-15 09:00:00,0,0,0,0
1992-12-16 09:00:00,0,0,0,0
1992-12-17 09:00:00,0,0,0,0
1992-12-18 09:00:00,0,0,0,0
1992-12-19 09:00:00,0,0,0,0
1992-12-20 09:00:00,0,0,0,0
1992-12-21 09:00:00,0,0,0,0
1992-12-22 09:00:00,0,0,0,0
1992-12-23 09:00:00,4,1,1,0
1992-12-24 09:00:00,0,0,0,0
1992-12-25 09:00:00,0,0,0,0
1992-12-26 09:00:00,0,0,0,0
1992-12-27 09:00:00,0,0,0,0
1992-12-28 09:00:00,0,0,0,0
1992-12-29 09:00:00,0,0,0,0
1992-12-30 09:00:00,1,2,1,1
1992-12-31 09:00:00,1,2,0,1
1993-01-01 09:00:00,0,0,0,0
1993-01-02 09:00:00,0,0,0,0
1993-01-03 09:00:00,0,0,0,0
1993-01-04 09:00:00,0,0,0,0
1993-01-05 09:00:00,1,0,0,0
1993-01-06 09:00:00,0,0,0,0
1993-01-07 09:00:00,2,1,1,0
1993-01-08 09:00:00,2,2,0,1
1993-01-09 09:00:00,2,2,0,1
1993-01-10 09:00:00,0,0,0,0
1993-01-11 09:00:00,0,0,0,0
1993-01-12 09:00:00,2,2,0,1
1993-01-13 09:00:00,2,2,0,1
1993-01-14 09:00:00,0,0,0,0
1993-01-15 09:00:00,1,0,0,0
1993-01-16 09:00:00,0,0,0,0
1993-01-17 09:00:00,0,0,0,0
1993-01-18 09:00:00,0,0,0,0
1993-01-19 09:00:00,0,0,0,0
1993-01-20 09:00:00,0,0,0,0
1993-01-21 09:00:00,0,0,0,0
1993-01-22 09:00:00,0,0,0,0
1993-01-23 09:00:00,0,0,0,0
1993-01-24 09:00:00,0,0,0,0
1993-01-25 09:00:00,0,0,0,0
1993-01-26 09:00:00,0,0,0,0
1993-01-27 09:00:00,0,0,0,0
1993-01-28 09:00:00,0,0,0,0
1993-01-29 09:00:00,0,0,0,0
1993-01-30 09:00:00,0,0,0,0
1993-01-31 09:00:00,0,0,0,0
1993-02-01 09:00:00,0,0,0,0
1993-02-02 09:00:00,0,0,0,0
1993-02-03 09:00:00,0,0,0,0
1993-02-04 09:00:00,4,1,1,0
1993-02-05 09:00:00,4,1,1,0
1993-02-06 09:00:00,4,1,1,0
1993-02-07 09:00:00,4,1,1,0
1993-02-08 09:00:00,0,0,0,0
1993-02-09 09:00:00,0,0,0,0
1993-02-10 09:00:00,0,0,0,0
1993-02-11 09:00:00,0,0,0,0
1993-02-12 09:00:00,0,0,0,0
1993-02-13 09:00:00,0,0,0,0
1993-02-14 09:00:00,4,1,1,0
1993-02-15 09:00:00,0,0,0,0
1993-02-16 09:00:00,0,0,0,0
1993-02-17 09:00:00,0,0,0,0
1993-02-18 09:00:00,2,0,0,0
1993-02-19 09:00:00,2,0,0,0
1993-02-20 09:00:00,0,0,0,0
1993-02-21 09:00:00,0,0,0,0
1993-02-22 09:00:00,2,2,0,1
1993-02-23 09:00:00,0,0,0,0
1993-02-24 09:00:00,0,0,0,0
1993-02-25 09:00:00,3,2,1,1
1993-02-26 09:00:00,3,1,1,0
1993-02-27 09:00:00,0,0,0,0
1993-02-28 09:00:00,0,0,0,0
1993-12-01 09:00:00,0,0,0,0
1993-12-02 09:00:00,0,0,0,0
1993-12-03 09:00:00,0,0,0,0
1993-12-04 09:00:00,0,0,0,0
1993-12-05 09:00:00,0,0,0,0
1993-12-06 09:00:00,0,0,0,0
1993-12-07 09:00:00,0,0,0,0
1993-12-08 09:00:00,0,0,0,0
1993-12-09 09:00:00,0,0,0,0
1993-12-10 09:00:00,0,0,0,0
1993-12-11 09:00:00,0,0,0,0
1993-12-12 09:00:00,0,0,0,0
1993-12-13 09:00:00,0,0,0,0
1993-12-14 09:00:00,0,0,0,0
1993-12-15 09:00:00,0,0,0,0
1993-12-16 09:00:00,0,0,0,0
1993-12-17 09:00:00,0,0,0,0
1993-12-18 09:00:00,0,0,0,0
1993-12-19 09:00:00,0,0,0,0
1993-12-20 09:00:00,0,0,0,0
1993-12-21 09:00:00,0,0,0,0
1993-12-22 09:00:00,0,0,0,0
1993-12-23 09:00:00,0,0,0,0
1993-12-24 09:00:00,0,0,0,0
1993-12-25 09:00:00,0,0,0,0
1993-12-26 09:00:00,0,0,0,0
1993-12-27 09:00:00,0,0,0,0
1993-12-28 09:00:00,0,0,0,0
1993-12-29 09:00:00,0,0,0,0
1993-12-30 09:00:00,0,0,0,0
1993-12-31 09:00:00,0,0,0,0
1994-01-01 09:00:00,0,0,0,0
1994-01-02 09:00:00,0,0,0,0
1994-01-03 09:00:00,0,0,0,0
1994-01-04 09:00:00,0,0,0,0
1994-01-05 09:00:00,0,0,0,0
1994-01-06 09:00:00,0,0,0,0
1994-01-07 09:00:00,0,0,0,0
1994-01-08 09:00:00,0,0,0,0
1994-01-09 09:00:00,0,0,0,0
1994-01-10 09:00:00,0,0,0,0
1994-01-11 09:00:00,3,2,1,1
1994-01-12 09:00:00,3,2,1,1
1994-01-13 09:00:00,0,0,0,0
1994-01-14 09:00:00,0,0,0,0
1994-01-15 09:00:00,2,2,1,1
1994-01-16 09:00:00,2,2,1,1
1994-01-17 09:00:00,0,0,0,0
1994-01-18 09:00:00,0,0,0,0
1994-01-19 09:00:00,0,0,0,0
1994-01-20 09:00:00,0,0,0,0
1994-01-21 09:00:00,0,0,0,0
1994-01-22 09:00:00,0,0,0,0
1994-01-23 09:00:00,0,0,0,0
1994-01-24 09:00:00,0,0,0,0
1994-01-25 09:00:00,1,0,0,0
1994-01-26 09:00:00,1,0,0,0
1994-01-27 09:00:00,1,0,0,0
1994-01-28 09:00:00,0,0,0,0
1994-01-29 09:00:00,0,0,0,0
1994-01-30 09:00:00,0,0,0,0
1994-01-31 09:00:00,0,0,0,0
1994-02-01 09:00:00,0,0,0,0
1994-02-02 09:00:00,0,0,0,0
1994-02-03 09:00:00,0,0,0,0
1994-02-04 09:00:00,0,0,0,0
1994-02-05 09:00:00,0,0,0,0
1994-02-06 09:00:00,0,0,0,0
1994-02-07 09:00:00,0,0,0,0
1994-02-08 09:00:00,1,0,0,0
1994-02-09 09:00:00,1,2,0,1
1994-02-10 09:00:00,0,0,0,0
1994-02-11 09:00:00,0,0,0,0
1994-02-12 09:00:00,0,0,0,0
1994-02-13 09:00:00,0,0,0,0
1994-02-14 09:00:00,0,0,0,0
1994-02-15 09:00:00,0,0,0,0
1994-02-16 09:00:00,0,0,0,0
1994-02-17 09:00:00,0,0,0,0
1994-02-18 09:00:00,0,0,0,0
1994-02-19 09:00:00,0,0,0,0
1994-02-20 09:00:00,3,2,1,1
1994-02-21 09:00:00,3,1,1,0
1994-02-22 09:00:00,2,0,0,0
1994-02-23 09:00:00,0,0,0,0
1994-02-24 09:00:00,0,0,0,0
1994-02-25 09:00:00,0,0,0,0
1994-02-26 09:00:00,0,0,0,0
1994-02-27 09:00:00,0,0,0,0
1994-02-28 09:00:00,0,0,0,0
1994-12-01 09:00:00,0,0,0,0
1994-12-02 09:00:00,0,0,0,0
1994-12-03 09:00:00,0,0,0,0
1994-12-04 09:00:00,0,0,0,0
1994-12-05 09:00:00,4,1,1,0
1994-12-06 09:00:00,4,1,1,0
1994-12-07 09:00:00,4,0,0,0
1994-12-08 09:00:00,0,0,0,0
1994-12-09 09:00:00,0,0,0,0
1994-12-10 09:00:00,0,0,0,0
1994-12-11 09:00:00,0,0,0,0
1994-12-12 09:00:00,0,0,0,0
1994-12-13 09:00:00,0,0,0,0
1994-12-14 09:00:00,0,0,0,0
1994-12-15 09:00:00,0,0,0,0
1994-12-16 09:00:00,0,0,0,0
1994-12-17 09:00:00,0,0,0,0
1994-12-18 09:00:00,0,0,0,0
1994-12-19 09:00:00,0,0,0,0
1994-12-20 09:00:00,0,0,0,0
1994-12-21 09:00:00,0,0,0,0
1994-12-22 09:00:00,0,0,0,0
1994-12-23 09:00:00,0,0,0,0
1994-12-24 09:00:00,0,0,0,0
1994-12-25 09:00:00,0,0,0,0
1994-12-26 09:00:00,0,0,0,0
1994-12-27 09:00:00,0,0,0,0
1994-12-28 09:00:00,0,0,0,0
1994-12-29 09:00:00,0,0,0,0
1994-12-30 09:00:00,0,0,0,0
1994-12-31 09:00:00,0,0,0,0
1995-01-01 09:00:00,0,0,0,0
1995-01-02 09:00:00,0,0,0,0
1995-01-03 09:00:00,0,0,0,0
1995-01-04 09:00:00,0,0,0,0
1995-01-05 09:00:00,0,0,0,0
1995-01-06 09:00:00,0,0,0,0
1995-01-07 09:00:00,0,0,0,0
1995-01-08 09:00:00,3,1,1,0
1995-01-09 09:00:00,3,1,1,0
1995-01-10 09:00:00,0,0,0,0
1995-01-11 09:00:00,0,0,0,0
1995-01-12 09:00:00,0,0,0,0
1995-01-13 09:00:00,0,0,0,0
1995-01-14 09:00:00,0,0,0,0
1995-01-15 09:00:00,0,0,0,0
1995-01-16 09:00:00,0,0,0,0
1995-01-17 09:00:00,3,1,1,0
1995-01-18 09:00:00,0,0,0,0
1995-01-19 09:00:00,0,0,0,0
1995-01-20 09:00:00,0,0,0,0
1995-01-21 09:00:00,0,0,0,0
1995-01-22 09:00:00,0,0,0,0
1995-01-23 09:00:00,0,0,0,0
1995-01-24 09:00:00,0,0,0,0
1995-01-25 09:00:00,0,0,0,0
1995-01-26 09:00:00,0,0,0,0
1995-01-27 09:00:00,0,0,0,0
1995-01-28 09:00:00,0,0,0,0
1995-01-29 09:00:00,0,0,0,0
1995-01-30 09:00:00,0,0,0,0
1995-01-31 09:00:00,0,0,0,0
1995-02-01 09:00:00,0,0,0,0
1995-02-02 09:00:00,0,0,0,0
1995-02-03 09:00:00,0,0,0,0
1995-02-04 09:00:00,0,0,0,0
1995-02-05 09:00:00,0,0,0,0
1995-02-06 09:00:00,2,2,0,1
1995-02-07 09:00:00,2,2,0,1
1995-02-08 09:00:00,2,2,0,1
1995-02-09 09:00:00,4,2,0,1
1995-02-10 09:00:00,0,0,0,0
1995-02-11 09:00:00,0,0,0,0
1995-02-12 09:00:00,0,0,0,0
1995-02-13 09:00:00,0,0,0,0
1995-02-14 09:00:00,3,0,0,0
1995-02-15 09:00:00,2,0,0,0
1995-02-16 09:00:00,0,0,0,0
1995-02-17 09:00:00,0,0,0,0
1995-02-18 09:00:00,0,0,0,0
1995-02-19 09:00:00,0,0,0,0
1995-02-20 09:00:00,0,0,0,0
1995-02-21 09:00:00,0,0,0,0
1995-02-22 09:00:00,0,0,0,0
1995-02-23 09:00:00,0,0,0,0
1995-02-24 09:00:00,0,0,0,0
1995-02-25 09:00:00,0,0,0,0
1995-02-26 09:00:00,0,0,0,0
1995-02-27 09:00:00,0,0,0,0
1995-02-28 09:00:00,0,0,0,0
1995-12-01 09:00:00,0,0,0,0
1995-12-02 09:00:00,0,0,0,0
1995-12-03 09:00:00,0,0,0,0
1995-12-04 09:00:00,0,0,0,0
1995-12-05 09:00:00,0,0,0,0
1995-12-06 09:00:00,0,0,0,0
1995-12-07 09:00:00,1,2,0,1
1995-12-08 09:00:00,0,0,0,0
1995-12-09 09:00:00,0,0,0,0
1995-12-10 09:00:00,0,0,0,0
1995-12-11 09:00:00,0,0,0,0
1995-12-12 09:00:00,0,0,0,0
1995-12-13 09:00:00,0,0,0,0
1995-12-14 09:00:00,0,0,0,0
1995-12-15 09:00:00,0,0,0,0
1995-12-16 09:00:00,0,0,0,0
1995-12-17 09:00:00,4,1,1,0
1995-12-18 09:00:00,0,0,0,0
1995-12-19 09:00:00,0,0,0,0
1995-12-20 09:00:00,0,0,0,0
1995-12-21 09:00:00,0,0,0,0
1995-12-22 09:00:00,0,0,0,0
1995-12-23 09:00:00,0,0,0,0
1995-12-24 09:00:00,0,0,0,0
1995-12-25 09:00:00,0,0,0,0
1995-12-26 09:00:00,0,0,0,0
1995-12-27 09:00:00,0,0,0,0
1995-12-28 09:00:00,0,0,0,0
1995-12-29 09:00:00,0,0,0,0
1995-12-30 09:00:00,0,0,0,0
1995-12-31 09:00:00,0,0,0,0
1996-01-01 09:00:00,0,0,0,0
1996-01-02 09:00:00,0,0,0,0
1996-01-03 09:00:00,0,0,0,0
1996-01-04 09:00:00,0,0,0,0
1996-01-05 09:00:00,0,0,0,0
1996-01-06 09:00:00,0,0,0,0
1996-01-07 09:00:00,0,0,0,0
1996-01-08 09:00:00,0,0,0,0
1996-01-09 09:00:00,0,0,0,0
1996-01-10 09:00:00,0,0,0,0
1996-01-11 09:00:00,0,0,0,0
1996-01-12 09:00:00,0,0,0,0
1996-01-13 09:00:00,0,0,0,0
1996-01-14 09:00:00,0,0,0,0
1996-01-15 09:00:00,3,1,1,0
1996-01-16 09:00:00,3,0,0,0
1996-01-17 09:00:00,0,0,0,0
1996-01-18 09:00:00,0,0,0,0
1996-01-19 09:00:00,0,0,0,0
1996-01-20 09:00:00,0,0,0,0
1996-01-21 09:00:00,0,0,0,0
1996-01-22 09:00:00,0,0,0,0
1996-01-23 09:00:00,0,0,0,0
1996-01-24 09:00:00,0,0,0,0
1996-01-25 09:00:00,0,0,0,0
1996-01-26 09:00:00,0,0,0,0
1996-01-27 09:00:00,0,0,0,0
1996-01-28 09:00:00,0,0,0,0
1996-01-29 09:00:00,0,0,0,0
1996-01-30 09:00:00,0,0,0,0
1996-01-31 09:00:00,0,0,0,0
1996-02-01 09:00:00,0,0,0,0
1996-02-02 09:00:00,0,0,0,0
1996-02-03 09:00:00,0,0,0,0
1996-02-04 09:00:00,0,0,0,0
1996-02-05 09:00:00,0,0,0,0
1996-02-06 09:00:00,1,0,0,0
1996-02-07 09:00:00,0,0,0,0
1996-02-08 09:00:00,0,0,0,0
1996-02-09 09:00:00,0,0,0,0
1996-02-10 09:00:00,0,0,0,0
1996-02-11 09:00:00,0,0,0,0
1996-02-12 09:00:00,0,0,0,0
1996-02-13 09:00:00,0,0,0,0
1996-02-14 09:00:00,0,0,0,0
1996-02-15 09:00:00,0,0,0,0
1996-02-16 09:00:00,0,0,0,0
1996-02-17 09:00:00,0,0,0,0
1996-02-18 09:00:00,0,0,0,0
1996-02-19 09:00:00,0,0,0,0
1996-02-20 09:00:00,0,0,0,0
1996-02-21 09:00:00,2,0,0,0
1996-02-22 09:00:00,0,0,0,0
1996-02-23 09:00:00,3,2,0,1
1996-02-24 09:00:00,3,2,1,1
1996-02-25 09:00:00,3,1,1,0
1996-02-26 09:00:00,3,1,1,0
1996-02-27 09:00:00,0,0,0,0
1996-02-28 09:00:00,0,0,0,0
1996-02-29 09:00:00,0,0,0,0
1996-12-01 09:00:00,0,0,0,0
1996-12-02 09:00:00,0,0,0,0
1996-12-03 09:00:00,0,0,0,0
1996-12-04 09:00:00,0,0,0,0
1996-12-05 09:00:00,0,0,0,0
1996-12-06 09:00:00,0,0,0,0
1996-12-07 09:00:00,0,0,0,0
1996-12-08 09:00:00,0,0,0,0
1996-12-09 09:00:00,0,0,0,0
1996-12-10 09:00:00,0,0,0,0
1996-12-11 09:00:00,0,0,0,0
1996-12-12 09:00:00,0,0,0,0
1996-12-13 09:00:00,0,0,0,0
1996-12-14 09:00:00,0,0,0,0
1996-12-15 09:00:00,0,0,0,0
1996-12-16 09:00:00,0,0,0,0
1996-12-17 09:00:00,0,0,0,0
1996-12-18 09:00:00,0,0,0,0
1996-12-19 09:00:00,0,0,0,0
1996-12-20 09:00:00,0,0,0,0
1996-12-21 09:00:00,0,0,0,0
1996-12-22 09:00:00,0,0,0,0
1996-12-23 09:00:00,0,0,0,0
1996-12-24 09:00:00,0,0,0,0
1996-12-25 09:00:00,0,0,0,0
1996-12-26 09:00:00,0,0,0,0
1996-12-27 09:00:00,0,0,0,0
1996-12-28 09:00:00,0,0,0,0
1996-12-29 09:00:00,0,0,0,0
1996-12-30 09:00:00,0,0,0,0
1996-12-31 09:00:00,0,0,0,0
1997-01-01 09:00:00,0,0,0,0
1997-01-02 09:00:00,0,0,0,0
1997-01-03 09:00:00,0,0,0,0
1997-01-04 09:00:00,0,0,0,0
1997-01-05 09:00:00,0,0,0,0
1997-01-06 09:00:00,0,0,0,0
1997-01-07 09:00:00,0,0,0,0
1997-01-08 09:00:00,0,0,0,0
1997-01-09 09:00:00,0,0,0,0
1997-01-10 09:00:00,0,0,0,0
1997-01-11 09:00:00,0,0,0,0
1997-01-12 09:00:00,0,0,0,0
1997-01-13 09:00:00,0,0,0,0
1997-01-14 09:00:00,0,0,0,0
1997-01-15 09:00:00,0,0,0,0
1997-01-16 09:00:00,0,0,0,0
1997-01-17 09:00:00,0,0,0,0
1997-01-18 09:00:00,4,0,0,0
1997-01-19 09:00:00,0,0,0,0
1997-01-20 09:00:00,0,0,0,0
1997-01-21 09:00:00,0,0,0,0
1997-01-22 09:00:00,0,0,0,0
1997-01-23 09:00:00,0,0,0,0
1997-01-24 09:00:00,0,0,0,0
1997-01-25 09:00:00,0,0,0,0
1997-01-26 09:00:00,0,0,0,0
1997-01-27 09:00:00,0,0,0,0
1997-01-28 09:00:00,0,0,0,0
1997-01-29 09:00:00,0,0,0,0
1997-01-30 09:00:00,0,0,0,0
1997-01-31 09:00:00,0,0,0,0
1997-02-01 09:00:00,0,0,0,0
1997-02-02 09:00:00,0,0,0,0
1997-02-03 09:00:00,0,0,0,0
1997-02-04 09:00:00,0,0,0,0
1997-02-05 09:00:00,0,0,0,0
1997-02-06 09:00:00,0,0,0,0
1997-02-07 09:00:00,0,0,0,0
1997-02-08 09:00:00,0,0,0,0
1997-02-09 09:00:00,0,0,0,0
1997-02-10 09:00:00,0,0,0,0
1997-02-11 09:00:00,0,0,0,0
1997-02-12 09:00:00,0,0,0,0
1997-02-13 09:00:00,0,0,0,0
1997-02-14 09:00:00,0,0,0,0
1997-02-15 09:00:00,0,0,0,0
1997-02-16 09:00:00,0,0,0,0
1997-02-17 09:00:00,0,0,0,0
1997-02-18 09:00:00,0,0,0,0
1997-02-19 09:00:00,0,0,0,0
1997-02-20 09:00:00,0,0,0,0
1997-02-21 09:00:00,0,0,0,0
1997-02-22 09:00:00,0,0,0,0
1997-02-23 09:00:00,4,2,0,1
1997-02-24 09:00:00,0,0,0,0
1997-02-25 09:00:00,0,0,0,0
1997-02-26 09:00:00,0,0,0,0
1997-02-27 09:00:00,0,0,0,0
1997-02-28 09:00:00,2,0,0,0
1997-12-01 09:00:00,3,0,0,0
1997-12-02 09:00:00,0,0,0,0
1997-12-03 09:00:00,0,0,0,0
1997-12-04 09:00:00,0,0,0,0
1997-12-05 09:00:00,0,0,0,0
1997-12-06 09:00:00,0,0,0,0
1997-12-07 09:00:00,0,0,0,0
1997-12-08 09:00:00,3,1,1,0
1997-12-09 09:00:00,3,1,1,0
1997-12-10 09:00:00,2,0,0,0
1997-12-11 09:00:00,0,0,0,0
1997-12-12 09:00:00,0,0,0,0
1997-12-13 09:00:00,0,0,0,0
1997-12-14 09:00:00,1,0,0,0
1997-12-15 09:00:00,0,0,0,0
1997-12-16 09:00:00,0,0,0,0
1997-12-17 09:00:00,0,0,0,0
1997-12-18 09:00:00,0,0,0,0
1997-12-19 09:00:00,0,0,0,0
1997-12-20 09:00:00,0,0,0,0
1997-12-21 09:00:00,0,0,0,0
1997-12-22 09:00:00,0,0,0,0
1997-12-23 09:00:00,0,0,0,0
1997-12-24 09:00:00,0,0,0,0
1997-12-25 09:00:00,0,0,0,0
1997-12-26 09:00:00,0,0,0,0
1997-12-27 09:00:00,0,0,0,0
1997-12-28 09:00:00,0,0,0,0
1997-12-29 09:00:00,0,0,0,0
1997-12-30 09:00:00,0,0,0,0
1997-12-31 09:00:00,0,0,0,0
1998-01-01 09:00:00,0,0,0,0
1998-01-02 09:00:00,0,0,0,0
1998-01-03 09:00:00,2,0,0,0
1998-01-04 09:00:00,0,0,0,0
1998-01-05 09:00:00,0,0,0,0
1998-01-06 09:00:00,4,0,0,0
1998-01-07 09:00:00,1,0,0,0
1998-01-08 09:00:00,0,0,0,0
1998-01-09 09:00:00,0,0,0,0
1998-01-10 09:00:00,0,0,0,0
1998-01-11 09:00:00,0,0,0,0
1998-01-12 09:00:00,0,0,0,0
1998-01-13 09:00:00,0,0,0,0
1998-01-14 09:00:00,0,0,0,0
1998-01-15 09:00:00,0,0,0,0
1998-01-16 09:00:00,0,0,0,0
1998-01-17 09:00:00,0,0,0,0
1998-01-18 09:00:00,0,0,0,0
1998-01-19 09:00:00,0,0,0,0
1998-01-20 09:00:00,0,0,0,0
1998-01-21 09:00:00,2,0,0,0
1998-01-22 09:00:00,0,0,0,0
1998-01-23 09:00:00,0,0,0,0
1998-01-24 09:00:00,0,0,0,0
1998-01-25 09:00:00,0,0,0,0
1998-01-26 09:00:00,1,2,0,1
1998-01-27 09:00:00,0,0,0,0
1998-01-28 09:00:00,0,0,0,0
1998-01-29 09:00:00,0,0,0,0
1998-01-30 09:00:00,2,0,0,0
1998-01-31 09:00:00,0,0,0,0
1998-02-01 09:00:00,0,0,0,0
1998-02-02 09:00:00,0,0,0,0
1998-02-03 09:00:00,0,0,0,0
1998-02-04 09:00:00,0,0,0,0
1998-02-05 09:00:00,0,0,0,0
1998-02-06 09:00:00,0,0,0,0
1998-02-07 09:00:00,0,0,0,0
1998-02-08 09:00:00,0,0,0,0
1998-02-09 09:00:00,4,0,0,0
1998-02-10 09:00:00,4,0,0,0
1998-02-11 09:00:00,0,0,0,0
1998-02-12 09:00:00,0,0,0,0
1998-02-13 09:00:00,4,1,1,0
1998-02-14 09:00:00,4,1,1,0
1998-02-15 09:00:00,0,0,0,0
1998-02-16 09:00:00,0,0,0,0
1998-02-17 09:00:00,0,0,0,0
1998-02-18 09:00:00,0,0,0,0
1998-02-19 09:00:00,4,0,0,0
1998-02-20 09:00:00,0,0,0,0
1998-02-21 09:00:00,0,0,0,0
1998-02-22 09:00:00,0,0,0,0
1998-02-23 09:00:00,0,0,0,0
1998-02-24 09:00:00,1,0,0,0
1998-02-25 09:00:00,0,0,0,0
1998-02-26 09:00:00,0,0,0,0
1998-02-27 09:00:00,0,0,0,0
1998-02-28 09:00:00,0,0,0,0
1998-12-01 09:00:00,0,0,0,0
1998-12-02 09:00:00,0,0,0,0
1998-12-03 09:00:00,0,0,0,0
1998-12-04 09:00:00,0,0,0,0
1998-12-05 09:00:00,0,0,0,0
1998-12-06 09:00:00,0,0,0,0
1998-12-07 09:00:00,0,0,0,0
1998-12-08 09:00:00,0,0,0,0
1998-12-09 09:00:00,0,0,0,0
1998-12-10 09:00:00,0,0,0,0
1998-12-11 09:00:00,0,0,0,0
1998-12-12 09:00:00,0,0,0,0
1998-12-13 09:00:00,0,0,0,0
1998-12-14 09:00:00,0,0,0,0
1998-12-15 09:00:00,0,0,0,0
1998-12-16 09:00:00,0,0,0,0
1998-12-17 09:00:00,0,0,0,0
1998-12-18 09:00:00,0,0,0,0
1998-12-19 09:00:00,0,0,0,0
1998-12-20 09:00:00,0,0,0,0
1998-12-21 09:00:00,0,0,0,0
1998-12-22 09:00:00,0,0,0,0
1998-12-23 09:00:00,0,0,0,0
1998-12-24 09:00:00,0,0,0,0
1998-12-25 09:00:00,0,0,0,0
1998-12-26 09:00:00,0,0,0,0
1998-12-27 09:00:00,0,0,0,0
1998-12-28 09:00:00,0,0,0,0
1998-12-29 09:00:00,0,0,0,0
1998-12-30 09:00:00,0,0,0,0
1998-12-31 09:00:00,0,0,0,0
1999-01-01 09:00:00,0,0,0,0
1999-01-02 09:00:00,0,0,0,0
1999-01-03 09:00:00,0,0,0,0
1999-01-04 09:00:00,0,0,0,0
1999-01-05 09:00:00,0,0,0,0
1999-01-06 09:00:00,0,0,0,0
1999-01-07 09:00:00,0,0,0,0
1999-01-08 09:00:00,0,0,0,0
1999-01-09 09:00:00,0,0,0,0
1999-01-10 09:00:00,0,0,0,0
1999-01-11 09:00:00,0,0,0,0
1999-01-12 09:00:00,0,0,0,0
1999-01-13 09:00:00,0,0,0,0
1999-01-14 09:00:00,0,0,0,0
1999-01-15 09:00:00,0,0,0,0
1999-01-16 09:00:00,0,0,0,0
1999-01-17 09:00:00,0,0,0,0
1999-01-18 09:00:00,0,0,0,0
1999-01-19 09:00:00,0,0,0,0
1999-01-20 09:00:00,0,0,0,0
1999-01-21 09:00:00,0,0,0,0
1999-01-22 09:00:00,0,0,0,0
1999-01-23 09:00:00,0,0,0,0
1999-01-24 09:00:00,0,0,0,0
1999-01-25 09:00:00,0,0,0,0
1999-01-26 09:00:00,0,0,0,0
1999-01-27 09:00:00,0,0,0,0
1999-01-28 09:00:00,0,0,0,0
1999-01-29 09:00:00,0,0,0,0
1999-01-30 09:00:00,0,0,0,0
1999-01-31 09:00:00,0,0,0,0
1999-02-01 09:00:00,0,0,0,0
1999-02-02 09:00:00,0,0,0,0
1999-02-03 09:00:00,0,0,0,0
1999-02-04 09:00:00,0,0,0,0
1999-02-05 09:00:00,0,0,0,0
1999-02-06 09:00:00,3,0,0,0
1999-02-07 09:00:00,0,0,0,0
1999-02-08 09:00:00,0,0,0,0
1999-02-09 09:00:00,0,0,0,0
1999-02-10 09:00:00,0,0,0,0
1999-02-11 09:00:00,0,0,0,0
1999-02-12 09:00:00,0,0,0,0
1999-02-13 09:00:00,0,0,0,0
1999-02-14 09:00:00,0,0,0,0
1999-02-15 09:00:00,0,0,0,0
1999-02-16 09:00:00,0,0,0,0
1999-02-17 09:00:00,0,0,0,0
1999-02-18 09:00:00,0,0,0,0
1999-02-19 09:00:00,0,0,0,0
1999-02-20 09:00:00,0,0,0,0
1999-02-21 09:00:00,2,0,0,0
1999-02-22 09:00:00,2,0,0,0
1999-02-23 09:00:00,0,0,0,0
1999-02-24 09:00:00,0,0,0,0
1999-02-25 09:00:00,0,0,0,0
1999-02-26 09:00:00,0,0,0,0
1999-02-27 09:00:00,0,0,0,0
1999-02-28 09:00:00,0,0,0,0
1999-12-01 09:00:00,0,0,0,0
1999-12-02 09:00:00,0,0,0,0
1999-12-03 09:00:00,0,0,0,0
1999-12-04 09:00:00,0,0,0,0
1999-12-05 09:00:00,0,0,0,0
1999-12-06 09:00:00,0,0,0,0
1999-12-07 09:00:00,0,0,0,0
1999-12-08 09:00:00,0,0,0,0
1999-12-09 09:00:00,0,0,0,0
1999-12-10 09:00:00,0,0,0,0
1999-12-11 09:00:00,0,0,0,0
1999-12-12 09:00:00,0,0,0,0
1999-12-13 09:00:00,0,0,0,0
1999-12-14 09:00:00,0,0,0,0
1999-12-15 09:00:00,0,0,0,0
1999-12-16 09:00:00,0,0,0,0
1999-12-17 09:00:00,0,0,0,0
1999-12-18 09:00:00,0,0,0,0
1999-12-19 09:00:00,0,0,0,0
1999-12-20 09:00:00,0,0,0,0
1999-12-21 09:00:00,0,0,0,0
1999-12-22 09:00:00,0,0,0,0
1999-12-23 09:00:00,0,0,0,0
1999-12-24 09:00:00,0,0,0,0
1999-12-25 09:00:00,0,0,0,0
1999-12-26 09:00:00,0,0,0,0
1999-12-27 09:00:00,0,0,0,0
1999-12-28 09:00:00,0,0,0,0
1999-12-29 09:00:00,0,0,0,0
1999-12-30 09:00:00,0,0,0,0
1999-12-31 09:00:00,0,0,0,0
2000-01-01 09:00:00,0,0,0,0
2000-01-02 09:00:00,0,0,0,0
2000-01-03 09:00:00,0,0,0,0
2000-01-04 09:00:00,0,0,0,0
2000-01-05 09:00:00,0,0,0,0
2000-01-06 09:00:00,0,0,0,0
2000-01-07 09:00:00,0,0,0,0
2000-01-08 09:00:00,0,0,0,0
2000-01-09 09:00:00,0,0,0,0
2000-01-10 09:00:00,0,0,0,0
2000-01-11 09:00:00,0,0,0,0
2000-01-12 09:00:00,3,2,0,1
2000-01-13 09:00:00,0,0,0,0
2000-01-14 09:00:00,0,0,0,0
2000-01-15 09:00:00,0,0,0,0
2000-01-16 09:00:00,0,0,0,0
2000-01-17 09:00:00,0,0,0,0
2000-01-18 09:00:00,4,0,0,0
2000-01-19 09:00:00,0,0,0,0
2000-01-20 09:00:00,0,0,0,0
2000-01-21 09:00:00,0,0,0,0
2000-01-22 09:00:00,0,0,0,0
2000-01-23 09:00:00,0,0,0,0
2000-01-24 09:00:00,0,0,0,0
2000-01-25 09:00:00,0,0,0,0
2000-01-26 09:00:00,0,0,0,0
2000-01-27 09:00:00,0,0,0,0
2000-01-28 09:00:00,0,0,0,0
2000-01-29 09:00:00,0,0,0,0
2000-01-30 09:00:00,0,0,0,0
2000-01-31 09:00:00,0,0,0,0
2000-02-01 09:00:00,0,0,0,0
2000-02-02 09:00:00,0,0,0,0
2000-02-03 09:00:00,0,0,0,0
2000-02-04 09:00:00,0,0,0,0
2000-02-05 09:00:00,0,0,0,0
2000-02-06 09:00:00,0,0,0,0
2000-02-07 09:00:00,0,0,0,0
2000-02-08 09:00:00,0,0,0,0
2000-02-09 09:00:00,0,0,0,0
2000-02-10 09:00:00,0,0,0,0
2000-02-11 09:00:00,0,0,0,0
2000-02-12 09:00:00,0,0,0,0
2000-02-13 09:00:00,0,0,0,0
2000-02-14 09:00:00,0,0,0,0
2000-02-15 09:00:00,0,0,0,0
2000-02-16 09:00:00,0,0,0,0
2000-02-17 09:00:00,0,0,0,0
2000-02-18 09:00:00,0,0,0,0
2000-02-19 09:00:00,0,0,0,0
2000-02-20 09:00:00,0,0,0,0
2000-02-21 09:00:00,0,0,0,0
2000-02-22 09:00:00,0,0,0,0
2000-02-23 09:00:00,0,0,0,0
2000-02-24 09:00:00,0,0,0,0
2000-02-25 09:00:00,2,2,0,1
2000-02-26 09:00:00,0,0,0,0
2000-02-27 09:00:00,0,0,0,0
2000-02-28 09:00:00,0,0,0,0
2000-02-29 09:00:00,0,0,0,0
2000-12-01 09:00:00,0,0,0,0
2000-12-02 09:00:00,0,0,0,0
2000-12-03 09:00:00,0,0,0,0
2000-12-04 09:00:00,0,0,0,0
2000-12-05 09:00:00,0,0,0,0
2000-12-06 09:00:00,0,0,0,0
2000-12-07 09:00:00,0,0,0,0
2000-12-08 09:00:00,0,0,0,0
2000-12-09 09:00:00,0,0,0,0
2000-12-10 09:00:00,0,0,0,0
2000-12-11 09:00:00,0,0,0,0
2000-12-12 09:00:00,0,0,0,0
2000-12-13 09:00:00,0,0,0,0
2000-12-14 09:00:00,0,0,0,0
2000-12-15 09:00:00,0,0,0,0
2000-12-16 09:00:00,1,2,0,1
2000-12-17 09:00:00,0,0,0,0
2000-12-18 09:00:00,0,0,0,0
2000-12-19 09:00:00,0,0,0,0
2000-12-20 09:00:00,0,0,0,0
2000-12-21 09:00:00,0,0,0,0
2000-12-22 09:00:00,0,0,0,0
2000-12-23 09:00:00,0,0,0,0
2000-12-24 09:00:00,0,0,0,0
2000-12-25 09:00:00,0,0,0,0
2000-12-26 09:00:00,0,0,0,0
2000-12-27 09:00:00,0,0,0,0
2000-12-28 09:00:00,0,0,0,0
2000-12-29 09:00:00,0,0,0,0
2000-12-30 09:00:00,0,0,0,0
2000-12-31 09:00:00,3,1,1,0
2001-01-01 09:00:00,3,1,1,0
2001-01-02 09:00:00,0,0,0,0
2001-01-03 09:00:00,0,0,0,0
2001-01-04 09:00:00,0,0,0,0
2001-01-05 09:00:00,0,0,0,0
2001-01-06 09:00:00,0,0,0,0
2001-01-07 09:00:00,0,0,0,0
2001-01-08 09:00:00,0,0,0,0
2001-01-09 09:00:00,0,0,0,0
2001-01-10 09:00:00,0,0,0,0
2001-01-11 09:00:00,0,0,0,0
2001-01-12 09:00:00,0,0,0,0
2001-01-13 09:00:00,0,0,0,0
2001-01-14 09:00:00,0,0,0,0
2001-01-15 09:00:00,0,0,0,0
2001-01-16 09:00:00,0,0,0,0
2001-01-17 09:00:00,0,0,0,0
2001-01-18 09:00:00,0,0,0,0
2001-01-19 09:00:00,0,0,0,0
2001-01-20 09:00:00,0,0,0,0
2001-01-21 09:00:00,0,0,0,0
2001-01-22 09:00:00,0,0,0,0
2001-01-23 09:00:00,0,0,0,0
2001-01-24 09:00:00,0,0,0,0
2001-01-25 09:00:00,0,0,0,0
2001-01-26 09:00:00,0,0,0,0
2001-01-27 09:00:00,0,0,0,0
2001-01-28 09:00:00,0,0,0,0
2001-01-29 09:00:00,0,0,0,0
2001-01-30 09:00:00,3,2,1,1
2001-01-31 09:00:00,0,0,0,0
2001-02-01 09:00:00,0,0,0,0
2001-02-02 09:00:00,0,0,0,0
2001-02-03 09:00:00,0,0,0,0
2001-02-04 09:00:00,0,0,0,0
2001-02-05 09:00:00,0,0,0,0
2001-02-06 09:00:00,0,0,0,0
2001-02-07 09:00:00,0,0,0,0
2001-02-08 09:00:00,0,0,0,0
2001-02-09 09:00:00,0,0,0,0
2001-02-10 09:00:00,0,0,0,0
2001-02-11 09:00:00,0,0,0,0
2001-02-12 09:00:00,0,0,0,0
2001-02-13 09:00:00,0,0,0,0
2001-02-14 09:00:00,0,0,0,0
2001-02-15 09:00:00,0,0,0,0
2001-02-16 09:00:00,0,0,0,0
2001-02-17 09:00:00,0,0,0,0
2001-02-18 09:00:00,0,0,0,0
2001-02-19 09:00:00,0,0,0,0
2001-02-20 09:00:00,0,0,0,0
2001-02-21 09:00:00,0,0,0,0
2001-02-22 09:00:00,2,2,0,1
2001-02-23 09:00:00,0,0,0,0
2001-02-24 09:00:00,0,0,0,0
2001-02-25 09:00:00,0,0,0,0
2001-02-26 09:00:00,3,0,0,0
2001-02-27 09:00:00,0,0,0,0
2001-02-28 09:00:00,0,0,0,0
2001-12-01 09:00:00,0,0,0,0
2001-12-02 09:00:00,0,0,0,0
2001-12-03 09:00:00,0,0,0,0
2001-12-04 09:00:00,0,0,0,0
2001-12-05 09:00:00,0,0,0,0
2001-12-06 09:00:00,2,2,0,1
2001-12-07 09:00:00,0,0,0,0
2001-12-08 09:00:00,0,0,0,0
2001-12-09 09:00:00,0,0,0,0
2001-12-10 09:00:00,0,0,0,0
2001-12-11 09:00:00,0,0,0,0
2001-12-12 09:00:00,0,0,0,0
2001-12-13 09:00:00,0,0,0,0
2001-12-14 09:00:00,0,0,0,0
2001-12-15 09:00:00,0,0,0,0
2001-12-16 09:00:00,0,0,0,0
2001-12-17 09:00:00,0,0,0,0
2001-12-18 09:00:00,0,0,0,0
2001-12-19 09:00:00,0,0,0,0
2001-12-20 09:00:00,0,0,0,0
2001-12-21 09:00:00,0,0,0,0
2001-12-22 09:00:00,0,0,0,0
2001-12-23 09:00:00,0,0,0,0
2001-12-24 09:00:00,0,0,0,0
2001-12-25 09:00:00,0,0,0,0
2001-12-26 09:00:00,0,0,0,0
2001-12-27 09:00:00,0,0,0,0
2001-12-28 09:00:00,0,0,0,0
2001-12-29 09:00:00,0,0,0,0
2001-12-30 09:00:00,0,0,0,0
2001-12-31 09:00:00,0,0,0,0
2002-01-01 09:00:00,0,0,0,0
2002-01-02 09:00:00,0,0,0,0
2002-01-03 09:00:00,0,0,0,0
2002-01-04 09:00:00,0,0,0,0
2002-01-05 09:00:00,0,0,0,0
2002-01-06 09:00:00,0,0,0,0
2002-01-07 09:00:00,0,0,0,0
2002-01-08 09:00:00,0,0,0,0
2002-01-09 09:00:00,0,0,0,0
2002-01-10 09:00:00,0,0,0,0
2002-01-11 09:00:00,4,1,1,0
2002-01-12 09:00:00,4,1,1,0
2002-01-13 09:00:00,4,0,0,0
2002-01-14 09:00:00,0,0,0,0
2002-01-15 09:00:00,0,0,0,0
2002-01-16 09:00:00,0,0,0,0
2002-01-17 09:00:00,0,0,0,0
2002-01-18 09:00:00,0,0,0,0
2002-01-19 09:00:00,0,0,0,0
2002-01-20 09:00:00,0,0,0,0
2002-01-21 09:00:00,0,0,0,0
2002-01-22 09:00:00,0,0,0,0
2002-01-23 09:00:00,0,0,0,0
2002-01-24 09:00:00,2,0,0,0
2002-01-25 09:00:00,0,0,0,0
2002-01-26 09:00:00,0,0,0,0
2002-01-27 09:00:00,0,0,0,0
2002-01-28 09:00:00,0,0,0,0
2002-01-29 09:00:00,0,0,0,0
2002-01-30 09:00:00,0,0,0,0
2002-01-31 09:00:00,0,0,0,0
2002-02-01 09:00:00,0,0,0,0
2002-02-02 09:00:00,0,0,0,0
2002-02-03 09:00:00,0,0,0,0
2002-02-04 09:00:00,0,0,0,0
2002-02-05 09:00:00,0,0,0,0
2002-02-06 09:00:00,0,0,0,0
2002-02-07 09:00:00,0,0,0,0
2002-02-08 09:00:00,0,0,0,0
2002-02-09 09:00:00,0,0,0,0
2002-02-10 09:00:00,0,0,0,0
2002-02-11 09:00:00,2,2,1,1
2002-02-12 09:00:00,0,0,0,0
2002-02-13 09:00:00,0,0,0,0
2002-02-14 09:00:00,0,0,0,0
2002-02-15 09:00:00,0,0,0,0
2002-02-16 09:00:00,0,0,0,0
2002-02-17 09:00:00,0,0,0,0
2002-02-18 09:00:00,0,0,0,0
2002-02-19 09:00:00,0,0,0,0
2002-02-20 09:00:00,0,0,0,0
2002-02-21 09:00:00,0,0,0,0
2002-02-22 09:00:00,0,0,0,0
2002-02-23 09:00:00,0,0,0,0
2002-02-24 09:00:00,0,0,0,0
2002-02-25 09:00:00,0,0,0,0
2002-02-26 09:00:00,0,0,0,0
2002-02-27 09:00:00,0,0,0,0
2002-02-28 09:00:00,0,0,0,0
2002-12-01 09:00:00,0,0,0,0
2002-12-02 09:00:00,0,0,0,0
2002-12-03 09:00:00,0,0,0,0
2002-12-04 09:00:00,0,0,0,0
2002-12-05 09:00:00,0,0,0,0
2002-12-06 09:00:00,0,0,0,0
2002-12-07 09:00:00,0,0,0,0
2002-12-08 09:00:00,0,0,0,0
2002-12-09 09:00:00,0,0,0,0
2002-12-10 09:00:00,0,0,0,0
2002-12-11 09:00:00,0,0,0,0
2002-12-12 09:00:00,4,1,1,0
2002-12-13 09:00:00,4,1,1,0
2002-12-14 09:00:00,4,1,1,0
2002-12-15 09:00:00,0,0,0,0
2002-12-16 09:00:00,0,0,0,0
2002-12-17 09:00:00,0,0,0,0
2002-12-18 09:00:00,0,0,0,0
2002-12-19 09:00:00,0,0,0,0
2002-12-20 09:00:00,0,0,0,0
2002-12-21 09:00:00,0,0,0,0
2002-12-22 09:00:00,0,0,0,0
2002-12-23 09:00:00,0,0,0,0
2002-12-24 09:00:00,0,0,0,0
2002-12-25 09:00:00,0,0,0,0
2002-12-26 09:00:00,0,0,0,0
2002-12-27 09:00:00,0,0,0,0
2002-12-28 09:00:00,0,0,0,0
2002-12-29 09:00:00,0,0,0,0
2002-12-30 09:00:00,0,0,0,0
2002-12-31 09:00:00,0,0,0,0
2003-01-01 09:00:00,0,0,0,0
2003-01-02 09:00:00,0,0,0,0
2003-01-03 09:00:00,0,0,0,0
2003-01-04 09:00:00,0,0,0,0
2003-01-05 09:00:00,0,0,0,0
2003-01-06 09:00:00,0,0,0,0
2003-01-07 09:00:00,0,0,0,0
2003-01-08 09:00:00,0,0,0,0
2003-01-09 09:00:00,0,0,0,0
2003-01-10 09:00:00,0,0,0,0
2003-01-11 09:00:00,0,0,0,0
2003-01-12 09:00:00,0,0,0,0
2003-01-13 09:00:00,0,0,0,0
2003-01-14 09:00:00,0,0,0,0
2003-01-15 09:00:00,0,0,0,0
2003-01-16 09:00:00,0,0,0,0
2003-01-17 09:00:00,0,0,0,0
2003-01-18 09:00:00,0,0,0,0
2003-01-19 09:00:00,0,0,0,0
2003-01-20 09:00:00,0,0,0,0
2003-01-21 09:00:00,0,0,0,0
2003-01-22 09:00:00,0,0,0,0
2003-01-23 09:00:00,0,0,0,0
2003-01-24 09:00:00,0,0,0,0
2003-01-25 09:00:00,0,0,0,0
2003-01-26 09:00:00,0,0,0,0
2003-01-27 09:00:00,0,0,0,0
2003-01-28 09:00:00,0,0,0,0
2003-01-29 09:00:00,0,0,0,0
2003-01-30 09:00:00,0,0,0,0
2003-01-31 09:00:00,0,0,0,0
2003-02-01 09:00:00,0,0,0,0
2003-02-02 09:00:00,0,0,0,0
2003-02-03 09:00:00,0,0,0,0
2003-02-04 09:00:00,0,0,0,0
2003-02-05 09:00:00,0,0,0,0
2003-02-06 09:00:00,0,0,0,0
2003-02-07 09:00:00,0,0,0,0
2003-02-08 09:00:00,0,0,0,0
2003-02-09 09:00:00,0,0,0,0
2003-02-10 09:00:00,0,0,0,0
2003-02-11 09:00:00,0,0,0,0
2003-02-12 09:00:00,0,0,0,0
2003-02-13 09:00:00,0,0,0,0
2003-02-14 09:00:00,0,0,0,0
2003-02-15 09:00:00,1,2,0,1
2003-02-16 09:00:00,1,2,0,1
2003-02-17 09:00:00,1,2,0,1
2003-02-18 09:00:00,1,2,0,1
2003-02-19 09:00:00,1,0,0,0
2003-02-20 09:00:00,0,0,0,0
2003-02-21 09:00:00,1,0,0,0
2003-02-22 09:00:00,0,0,0,0
2003-02-23 09:00:00,0,0,0,0
2003-02-24 09:00:00,0,0,0,0
2003-02-25 09:00:00,0,0,0,0
2003-02-26 09:00:00,0,0,0,0
2003-02-27 09:00:00,1,0,0,0
2003-02-28 09:00:00,0,0,0,0
2003-12-01 09:00:00,0,0,0,0
2003-12-02 09:00:00,0,0,0,0
2003-12-03 09:00:00,0,0,0,0
2003-12-04 09:00:00,0,0,0,0
2003-12-05 09:00:00,0,0,0,0
2003-12-06 09:00:00,4,2,0,1
2003-12-07 09:00:00,4,0,0,0
2003-12-08 09:00:00,0,0,0,0
2003-12-09 09:00:00,0,0,0,0
2003-12-10 09:00:00,0,0,0,0
2003-12-11 09:00:00,0,0,0,0
2003-12-12 09:00:00,0,0,0,0
2003-12-13 09:00:00,0,0,0,0
2003-12-14 09:00:00,0,0,0,0
2003-12-15 09:00:00,0,0,0,0
2003-12-16 09:00:00,3,1,1,0
2003-12-17 09:00:00,2,2,1,1
2003-12-18 09:00:00,0,0,0,0
2003-12-19 09:00:00,0,0,0,0
2003-12-20 09:00:00,0,0,0,0
2003-12-21 09:00:00,0,0,0,0
2003-12-22 09:00:00,0,0,0,0
2003-12-23 09:00:00,0,0,0,0
2003-12-24 09:00:00,0,0,0,0
2003-12-25 09:00:00,0,0,0,0
2003-12-26 09:00:00,0,0,0,0
2003-12-27 09:00:00,0,0,0,0
2003-12-28 09:00:00,0,0,0,0
2003-12-29 09:00:00,0,0,0,0
2003-12-30 09:00:00,0,0,0,0
2003-12-31 09:00:00,0,0,0,0
2004-01-01 09:00:00,0,0,0,0
2004-01-02 09:00:00,0,0,0,0
2004-01-03 09:00:00,0,0,0,0
2004-01-04 09:00:00,0,0,0,0
2004-01-05 09:00:00,0,0,0,0
2004-01-06 09:00:00,0,0,0,0
2004-01-07 09:00:00,0,0,0,0
2004-01-08 09:00:00,2,2,0,1
2004-01-09 09:00:00,0,0,0,0
2004-01-10 09:00:00,0,0,0,0
2004-01-11 09:00:00,0,0,0,0
2004-01-12 09:00:00,0,0,0,0
2004-01-13 09:00:00,0,0,0,0
2004-01-14 09:00:00,0,0,0,0
2004-01-15 09:00:00,2,0,0,0
2004-01-16 09:00:00,0,0,0,0
2004-01-17 09:00:00,0,0,0,0
2004-01-18 09:00:00,0,0,0,0
2004-01-19 09:00:00,0,0,0,0
2004-01-20 09:00:00,0,0,0,0
2004-01-21 09:00:00,3,2,1,1
2004-01-22 09:00:00,0,0,0,0
2004-01-23 09:00:00,0,0,0,0
2004-01-24 09:00:00,0,0,0,0
2004-01-25 09:00:00,0,0,0,0
2004-01-26 09:00:00,0,0,0,0
2004-01-27 09:00:00,0,0,0,0
2004-01-28 09:00:00,0,0,0,0
2004-01-29 09:00:00,0,0,0,0
2004-01-30 09:00:00,0,0,0,0
2004-01-31 09:00:00,0,0,0,0
2004-02-01 09:00:00,0,0,0,0
2004-02-02 09:00:00,0,0,0,0
2004-02-03 09:00:00,0,0,0,0
2004-02-04 09:00:00,0,0,0,0
2004-02-05 09:00:00,0,0,0,0
2004-02-06 09:00:00,0,0,0,0
2004-02-07 09:00:00,4,1,1,0
2004-02-08 09:00:00,0,0,0,0
2004-02-09 09:00:00,0,0,0,0
2004-02-10 09:00:00,0,0,0,0
2004-02-11 09:00:00,0,0,0,0
2004-02-12 09:00:00,0,0,0,0
2004-02-13 09:00:00,0,0,0,0
2004-02-14 09:00:00,0,0,0,0
2004-02-15 09:00:00,0,0,0,0
2004-02-16 09:00:00,0,0,0,0
2004-02-17 09:00:00,0,0,0,0
2004-02-18 09:00:00,0,0,0,0
2004-02-19 09:00:00,0,0,0,0
2004-02-20 09:00:00,0,0,0,0
2004-02-21 09:00:00,0,0,0,0
2004-02-22 09:00:00,0,0,0,0
2004-02-23 09:00:00,0,0,0,0
2004-02-24 09:00:00,0,0,0,0
2004-02-25 09:00:00,0,0,0,0
2004-02-26 09:00:00,0,0,0,0
2004-02-27 09:00:00,0,0,0,0
2004-02-28 09:00:00,0,0,0,0
2004-02-29 09:00:00,0,0,0,0
2004-12-01 09:00:00,0,0,0,0
2004-12-02 09:00:00,0,0,0,0
2004-12-03 09:00:00,0,0,0,0
2004-12-04 09:00:00,0,0,0,0
2004-12-05 09:00:00,0,0,0,0
2004-12-06 09:00:00,0,0,0,0
2004-12-07 09:00:00,0,0,0,0
2004-12-08 09:00:00,0,0,0,0
2004-12-09 09:00:00,0,0,0,0
2004-12-10 09:00:00,0,0,0,0
2004-12-11 09:00:00,0,0,0,0
2004-12-12 09:00:00,0,0,0,0
2004-12-13 09:00:00,0,0,0,0
2004-12-14 09:00:00,0,0,0,0
2004-12-15 09:00:00,0,0,0,0
2004-12-16 09:00:00,4,1,1,0
2004-12-17 09:00:00,4,1,1,0
2004-12-18 09:00:00,1,0,0,0
2004-12-19 09:00:00,0,0,0,0
2004-12-20 09:00:00,0,0,0,0
2004-12-21 09:00:00,0,0,0,0
2004-12-22 09:00:00,0,0,0,0
2004-12-23 09:00:00,0,0,0,0
2004-12-24 09:00:00,0,0,0,0
2004-12-25 09:00:00,0,0,0,0
2004-12-26 09:00:00,0,0,0,0
2004-12-27 09:00:00,1,2,0,1
2004-12-28 09:00:00,1,2,0,1
2004-12-29 09:00:00,0,0,0,0
2004-12-30 09:00:00,0,0,0,0
2004-12-31 09:00:00,3,2,1,1
2005-01-01 09:00:00,3,2,1,1
2005-01-02 09:00:00,0,0,0,0
2005-01-03 09:00:00,0,0,0,0
2005-01-04 09:00:00,0,0,0,0
2005-01-05 09:00:00,0,0,0,0
2005-01-06 09:00:00,0,0,0,0
2005-01-07 09:00:00,0,0,0,0
2005-01-08 09:00:00,0,0,0,0
2005-01-09 09:00:00,0,0,0,0
2005-01-10 09:00:00,0,0,0,0
2005-01-11 09:00:00,0,0,0,0
2005-01-12 09:00:00,0,0,0,0
2005-01-13 09:00:00,0,0,0,0
2005-01-14 09:00:00,0,0,0,0
2005-01-15 09:00:00,0,0,0,0
2005-01-16 09:00:00,0,0,0,0
2005-01-17 09:00:00,0,0,0,0
2005-01-18 09:00:00,0,0,0,0
2005-01-19 09:00:00,0,0,0,0
2005-01-20 09:00:00,0,0,0,0
2005-01-21 09:00:00,0,0,0,0
2005-01-22 09:00:00,0,0,0,0
2005-01-23 09:00:00,0,0,0,0
2005-01-24 09:00:00,0,0,0,0
2005-01-25 09:00:00,0,0,0,0
2005-01-26 09:00:00,0,0,0,0
2005-01-27 09:00:00,0,0,0,0
2005-01-28 09:00:00,3,2,1,1
2005-01-29 09:00:00,3,2,1,1
2005-01-30 09:00:00,0,0,0,0
2005-01-31 09:00:00,3,1,1,0
2005-02-01 09:00:00,3,1,1,0
2005-02-02 09:00:00,0,0,0,0
2005-02-03 09:00:00,0,0,0,0
2005-02-04 09:00:00,0,0,0,0
2005-02-05 09:00:00,0,0,0,0
2005-02-06 09:00:00,0,0,0,0
2005-02-07 09:00:00,0,0,0,0
2005-02-08 09:00:00,0,0,0,0
2005-02-09 09:00:00,1,2,0,1
2005-02-10 09:00:00,1,2,0,1
2005-02-11 09:00:00,0,0,0,0
2005-02-12 09:00:00,2,2,0,1
2005-02-13 09:00:00,2,2,0,1
2005-02-14 09:00:00,0,0,0,0
2005-02-15 09:00:00,3,0,0,0
2005-02-16 09:00:00,0,0,0,0
2005-02-17 09:00:00,0,0,0,0
2005-02-18 09:00:00,0,0,0,0
2005-02-19 09:00:00,0,0,0,0
2005-02-20 09:00:00,0,0,0,0
2005-02-21 09:00:00,0,0,0,0
2005-02-22 09:00:00,0,0,0,0
2005-02-23 09:00:00,0,0,0,0
2005-02-24 09:00:00,0,0,0,0
2005-02-25 09:00:00,0,0,0,0
2005-02-26 09:00:00,0,0,0,0
2005-02-27 09:00:00,0,0,0,0
2005-02-28 09:00:00,0,0,0,0
2005-12-01 09:00:00,0,0,0,0
2005-12-02 09:00:00,0,0,0,0
2005-12-03 09:00:00,0,0,0,0
2005-12-04 09:00:00,0,0,0,0
2005-12-05 09:00:00,0,0,0,0
2005-12-06 09:00:00,0,0,0,0
2005-12-07 09:00:00,0,0,0,0
2005-12-08 09:00:00,0,0,0,0
2005-12-09 09:00:00,0,0,0,0
2005-12-10 09:00:00,0,0,0,0
2005-12-11 09:00:00,0,0,0,0
2005-12-12 09:00:00,0,0,0,0
2005-12-13 09:00:00,0,0,0,0
2005-12-14 09:00:00,0,0,0,0
2005-12-15 09:00:00,0,0,0,0
2005-12-16 09:00:00,0,0,0,0
2005-12-17 09:00:00,0,0,0,0
2005-12-18 09:00:00,0,0,0,0
2005-12-19 09:00:00,0,0,0,0
2005-12-20 09:00:00,0,0,0,0
2005-12-21 09:00:00,0,0,0,0
2005-12-22 09:00:00,0,0,0,0
2005-12-23 09:00:00,0,0,0,0
2005-12-24 09:00:00,0,0,0,0
2005-12-25 09:00:00,0,0,0,0
2005-12-26 09:00:00,2,0,0,0
2005-12-27 09:00:00,0,0,0,0
2005-12-28 09:00:00,0,0,0,0
2005-12-29 09:00:00,0,0,0,0
2005-12-30 09:00:00,0,0,0,0
2005-12-31 09:00:00,0,0,0,0
2006-01-01 09:00:00,0,0,0,0
2006-01-02 09:00:00,0,0,0,0
2006-01-03 09:00:00,0,0,0,0
2006-01-04 09:00:00,0,0,0,0
2006-01-05 09:00:00,0,0,0,0
2006-01-06 09:00:00,0,0,0,0
2006-01-07 09:00:00,0,0,0,0
2006-01-08 09:00:00,0,0,0,0
2006-01-09 09:00:00,0,0,0,0
2006-01-10 09:00:00,0,0,0,0
2006-01-11 09:00:00,0,0,0,0
2006-01-12 09:00:00,0,0,0,0
2006-01-13 09:00:00,0,0,0,0
2006-01-14 09:00:00,4,0,0,0
2006-01-15 09:00:00,1,2,0,1
2006-01-16 09:00:00,1,2,1,1
2006-01-17 09:00:00,1,2,1,1
2006-01-18 09:00:00,0,0,0,0
2006-01-19 09:00:00,0,0,0,0
2006-01-20 09:00:00,0,0,0,0
2006-01-21 09:00:00,0,0,0,0
2006-01-22 09:00:00,0,0,0,0
2006-01-23 09:00:00,0,0,0,0
2006-01-24 09:00:00,0,0,0,0
2006-01-25 09:00:00,0,0,0,0
2006-01-26 09:00:00,0,0,0,0
2006-01-27 09:00:00,1,0,0,0
2006-01-28 09:00:00,1,0,0,0
2006-01-29 09:00:00,0,0,0,0
2006-01-30 09:00:00,0,0,0,0
2006-01-31 09:00:00,0,0,0,0
2006-02-01 09:00:00,0,0,0,0
2006-02-02 09:00:00,0,0,0,0
2006-02-03 09:00:00,0,0,0,0
2006-02-04 09:00:00,0,0,0,0
2006-02-05 09:00:00,0,0,0,0
2006-02-06 09:00:00,0,0,0,0
2006-02-07 09:00:00,0,0,0,0
2006-02-08 09:00:00,0,0,0,0
2006-02-09 09:00:00,0,0,0,0
2006-02-10 09:00:00,4,0,0,0
2006-02-11 09:00:00,0,0,0,0
2006-02-12 09:00:00,0,0,0,0
2006-02-13 09:00:00,0,0,0,0
2006-02-14 09:00:00,0,0,0,0
2006-02-15 09:00:00,0,0,0,0
2006-02-16 09:00:00,2,2,0,1
2006-02-17 09:00:00,4,0,0,0
2006-02-18 09:00:00,0,0,0,0
2006-02-19 09:00:00,0,0,0,0
2006-02-20 09:00:00,0,0,0,0
2006-02-21 09:00:00,0,0,0,0
2006-02-22 09:00:00,0,0,0,0
2006-02-23 09:00:00,0,0,0,0
2006-02-24 09:00:00,1,2,0,1
2006-02-25 09:00:00,1,2,0,1
2006-02-26 09:00:00,0,0,0,0
2006-02-27 09:00:00,0,0,0,0
2006-02-28 09:00:00,0,0,0,0
2006-12-01 09:00:00,0,0,0,0
2006-12-02 09:00:00,0,0,0,0
2006-12-03 09:00:00,1,2,0,1
2006-12-04 09:00:00,1,2,0,1
2006-12-05 09:00:00,3,0,0,0
2006-12-06 09:00:00,0,0,0,0
2006-12-07 09:00:00,0,0,0,0
2006-12-08 09:00:00,0,0,0,0
2006-12-09 09:00:00,0,0,0,0
2006-12-10 09:00:00,0,0,0,0
2006-12-11 09:00:00,0,0,0,0
2006-12-12 09:00:00,0,0,0,0
2006-12-13 09:00:00,0,0,0,0
2006-12-14 09:00:00,0,0,0,0
2006-12-15 09:00:00,0,0,0,0
2006-12-16 09:00:00,0,0,0,0
2006-12-17 09:00:00,0,0,0,0
2006-12-18 09:00:00,0,0,0,0
2006-12-19 09:00:00,0,0,0,0
2006-12-20 09:00:00,0,0,0,0
2006-12-21 09:00:00,0,0,0,0
2006-12-22 09:00:00,0,0,0,0
2006-12-23 09:00:00,0,0,0,0
2006-12-24 09:00:00,0,0,0,0
2006-12-25 09:00:00,0,0,0,0
2006-12-26 09:00:00,0,0,0,0
2006-12-27 09:00:00,0,0,0,0
2006-12-28 09:00:00,0,0,0,0
2006-12-29 09:00:00,0,0,0,0
2006-12-30 09:00:00,0,0,0,0
2006-12-31 09:00:00,0,0,0,0
2007-01-01 09:00:00,0,0,0,0
2007-01-02 09:00:00,0,0,0,0
2007-01-03 09:00:00,0,0,0,0
2007-01-04 09:00:00,0,0,0,0
2007-01-05 09:00:00,0,0,0,0
2007-01-06 09:00:00,0,0,0,0
2007-01-07 09:00:00,0,0,0,0
2007-01-08 09:00:00,0,0,0,0
2007-01-09 09:00:00,0,0,0,0
2007-01-10 09:00:00,0,0,0,0
2007-01-11 09:00:00,0,0,0,0
2007-01-12 09:00:00,0,0,0,0
2007-01-13 09:00:00,0,0,0,0
2007-01-14 09:00:00,0,0,0,0
2007-01-15 09:00:00,0,0,0,0
2007-01-16 09:00:00,0,0,0,0
2007-01-17 09:00:00,4,1,1,0
2007-01-18 09:00:00,0,0,0,0
2007-01-19 09:00:00,0,0,0,0
2007-01-20 09:00:00,0,0,0,0
2007-01-21 09:00:00,0,0,0,0
2007-01-22 09:00:00,0,0,0,0
2007-01-23 09:00:00,0,0,0,0
2007-01-24 09:00:00,0,0,0,0
2007-01-25 09:00:00,0,0,0,0
2007-01-26 09:00:00,0,0,0,0
2007-01-27 09:00:00,0,0,0,0
2007-01-28 09:00:00,0,0,0,0
2007-01-29 09:00:00,0,0,0,0
2007-01-30 09:00:00,0,0,0,0
2007-01-31 09:00:00,0,0,0,0
2007-02-01 09:00:00,0,0,0,0
2007-02-02 09:00:00,0,0,0,0
2007-02-03 09:00:00,0,0,0,0
2007-02-04 09:00:00,0,0,0,0
2007-02-05 09:00:00,0,0,0,0
2007-02-06 09:00:00,0,0,0,0
2007-02-07 09:00:00,0,0,0,0
2007-02-08 09:00:00,0,0,0,0
2007-02-09 09:00:00,0,0,0,0
2007-02-10 09:00:00,3,1,1,0
2007-02-11 09:00:00,0,0,0,0
2007-02-12 09:00:00,0,0,0,0
2007-02-13 09:00:00,0,0,0,0
2007-02-14 09:00:00,0,0,0,0
2007-02-15 09:00:00,0,0,0,0
2007-02-16 09:00:00,0,0,0,0
2007-02-17 09:00:00,0,0,0,0
2007-02-18 09:00:00,0,0,0,0
2007-02-19 09:00:00,0,0,0,0
2007-02-20 09:00:00,0,0,0,0
2007-02-21 09:00:00,0,0,0,0
2007-02-22 09:00:00,0,0,0,0
2007-02-23 09:00:00,0,0,0,0
2007-02-24 09:00:00,0,0,0,0
2007-02-25 09:00:00,0,0,0,0
2007-02-26 09:00:00,1,0,0,0
2007-02-27 09:00:00,1,0,0,0
2007-02-28 09:00:00,2,0,0,0
2007-12-01 09:00:00,0,0,0,0
2007-12-02 09:00:00,0,0,0,0
2007-12-03 09:00:00,0,0,0,0
2007-12-04 09:00:00,0,0,0,0
2007-12-05 09:00:00,0,0,0,0
2007-12-06 09:00:00,0,0,0,0
2007-12-07 09:00:00,0,0,0,0
2007-12-08 09:00:00,0,0,0,0
2007-12-09 09:00:00,0,0,0,0
2007-12-10 09:00:00,0,0,0,0
2007-12-11 09:00:00,0,0,0,0
2007-12-12 09:00:00,0,0,0,0
2007-12-13 09:00:00,0,0,0,0
2007-12-14 09:00:00,0,0,0,0
2007-12-15 09:00:00,0,0,0,0
2007-12-16 09:00:00,0,0,0,0
2007-12-17 09:00:00,0,0,0,0
2007-12-18 09:00:00,0,0,0,0
2007-12-19 09:00:00,0,0,0,0
2007-12-20 09:00:00,4,1,1,0
2007-12-21 09:00:00,0,0,0,0
2007-12-22 09:00:00,0,0,0,0
2007-12-23 09:00:00,0,0,0,0
2007-12-24 09:00:00,0,0,0,0
2007-12-25 09:00:00,0,0,0,0
2007-12-26 09:00:00,0,0,0,0
2007-12-27 09:00:00,0,0,0,0
2007-12-28 09:00:00,0,0,0,0
2007-12-29 09:00:00,0,0,0,0
2007-12-30 09:00:00,0,0,0,0
2007-12-31 09:00:00,0,0,0,0
2008-01-01 09:00:00,0,0,0,0
2008-01-02 09:00:00,0,0,0,0
2008-01-03 09:00:00,0,0,0,0
2008-01-04 09:00:00,0,0,0,0
2008-01-05 09:00:00,0,0,0,0
2008-01-06 09:00:00,0,0,0,0
2008-01-07 09:00:00,1,0,0,0
2008-01-08 09:00:00,1,0,0,0
2008-01-09 09:00:00,1,0,0,0
2008-01-10 09:00:00,0,0,0,0
2008-01-11 09:00:00,0,0,0,0
2008-01-12 09:00:00,0,0,0,0
2008-01-13 09:00:00,0,0,0,0
2008-01-14 09:00:00,0,0,0,0
2008-01-15 09:00:00,4,0,0,0
2008-01-16 09:00:00,1,0,0,0
2008-01-17 09:00:00,0,0,0,0
2008-01-18 09:00:00,0,0,0,0
2008-01-19 09:00:00,0,0,0,0
2008-01-20 09:00:00,2,2,1,1
2008-01-21 09:00:00,0,0,0,0
2008-01-22 09:00:00,0,0,0,0
2008-01-23 09:00:00,2,2,1,1
2008-01-24 09:00:00,2,2,0,1
2008-01-25 09:00:00,2,2,0,1
2008-01-26 09:00:00,2,2,0,1
2008-01-27 09:00:00,0,0,0,0
2008-01-28 09:00:00,0,0,0,0
2008-01-29 09:00:00,0,0,0,0
2008-01-30 09:00:00,0,0,0,0
2008-01-31 09:00:00,0,0,0,0
2008-02-01 09:00:00,0,0,0,0
2008-02-02 09:00:00,0,0,0,0
2008-02-03 09:00:00,0,0,0,0
2008-02-04 09:00:00,0,0,0,0
2008-02-05 09:00:00,0,0,0,0
2008-02-06 09:00:00,0,0,0,0
2008-02-07 09:00:00,0,0,0,0
2008-02-08 09:00:00,3,1,1,0
2008-02-09 09:00:00,3,1,1,0
2008-02-10 09:00:00,0,0,0,0
2008-02-11 09:00:00,0,0,0,0
2008-02-12 09:00:00,0,0,0,0
2008-02-13 09:00:00,0,0,0,0
2008-02-14 09:00:00,0,0,0,0
2008-02-15 09:00:00,0,0,0,0
2008-02-16 09:00:00,0,0,0,0
2008-02-17 09:00:00,0,0,0,0
2008-02-18 09:00:00,0,0,0,0
2008-02-19 09:00:00,0,0,0,0
2008-02-20 09:00:00,4,1,1,0
2008-02-21 09:00:00,4,1,1,0
2008-02-22 09:00:00,0,0,0,0
2008-02-23 09:00:00,0,0,0,0
2008-02-24 09:00:00,0,0,0,0
2008-02-25 09:00:00,0,0,0,0
2008-02-26 09:00:00,0,0,0,0
2008-02-27 09:00:00,0,0,0,0
2008-02-28 09:00:00,0,0,0,0
2008-02-29 09:00:00,0,0,0,0
2008-12-01 09:00:00,0,0,0,0
2008-12-02 09:00:00,0,0,0,0
2008-12-03 09:00:00,0,0,0,0
2008-12-04 09:00:00,0,0,0,0
2008-12-05 09:00:00,0,0,0,0
2008-12-06 09:00:00,0,0,0,0
2008-12-07 09:00:00,0,0,0,0
2008-12-08 09:00:00,0,0,0,0
2008-12-09 09:00:00,0,0,0,0
2008-12-10 09:00:00,0,0,0,0
2008-12-11 09:00:00,0,0,0,0
2008-12-12 09:00:00,0,0,0,0
2008-12-13 09:00:00,0,0,0,0
2008-12-14 09:00:00,0,0,0,0
2008-12-15 09:00:00,0,0,0,0
2008-12-16 09:00:00,0,0,0,0
2008-12-17 09:00:00,0,0,0,0
2008-12-18 09:00:00,0,0,0,0
2008-12-19 09:00:00,3,2,0,1
2008-12-20 09:00:00,3,1,1,0
2008-12-21 09:00:00,0,0,0,0
2008-12-22 09:00:00,0,0,0,0
2008-12-23 09:00:00,0,0,0,0
2008-12-24 09:00:00,0,0,0,0
2008-12-25 09:00:00,0,0,0,0
2008-12-26 09:00:00,0,0,0,0
2008-12-27 09:00:00,0,0,0,0
2008-12-28 09:00:00,0,0,0,0
2008-12-29 09:00:00,0,0,0,0
2008-12-30 09:00:00,0,0,0,0
2008-12-31 09:00:00,0,0,0,0
2009-01-01 09:00:00,0,0,0,0
2009-01-02 09:00:00,0,0,0,0
2009-01-03 09:00:00,4,0,0,0
2009-01-04 09:00:00,0,0,0,0
2009-01-05 09:00:00,0,0,0,0
2009-01-06 09:00:00,0,0,0,0
2009-01-07 09:00:00,0,0,0,0
2009-01-08 09:00:00,0,0,0,0
2009-01-09 09:00:00,0,0,0,0
2009-01-10 09:00:00,0,0,0,0
2009-01-11 09:00:00,0,0,0,0
2009-01-12 09:00:00,0,0,0,0
2009-01-13 09:00:00,0,0,0,0
2009-01-14 09:00:00,0,0,0,0
2009-01-15 09:00:00,0,0,0,0
2009-01-16 09:00:00,0,0,0,0
2009-01-17 09:00:00,0,0,0,0
2009-01-18 09:00:00,0,0,0,0
2009-01-19 09:00:00,0,0,0,0
2009-01-20 09:00:00,0,0,0,0
2009-01-21 09:00:00,0,0,0,0
2009-01-22 09:00:00,0,0,0,0
2009-01-23 09:00:00,0,0,0,0
2009-01-24 09:00:00,0,0,0,0
2009-01-25 09:00:00,0,0,0,0
2009-01-26 09:00:00,0,0,0,0
2009-01-27 09:00:00,0,0,0,0
2009-01-28 09:00:00,0,0,0,0
2009-01-29 09:00:00,0,0,0,0
2009-01-30 09:00:00,0,0,0,0
2009-01-31 09:00:00,0,0,0,0
2009-02-01 09:00:00,0,0,0,0
2009-02-02 09:00:00,0,0,0,0
2009-02-03 09:00:00,0,0,0,0
2009-02-04 09:00:00,0,0,0,0
2009-02-05 09:00:00,0,0,0,0
2009-02-06 09:00:00,0,0,0,0
2009-02-07 09:00:00,0,0,0,0
2009-02-08 09:00:00,0,0,0,0
2009-02-09 09:00:00,0,0,0,0
2009-02-10 09:00:00,0,0,0,0
2009-02-11 09:00:00,0,0,0,0
2009-02-12 09:00:00,0,0,0,0
2009-02-13 09:00:00,0,0,0,0
2009-02-14 09:00:00,0,0,0,0
2009-02-15 09:00:00,0,0,0,0
2009-02-16 09:00:00,0,0,0,0
2009-02-17 09:00:00,0,0,0,0
2009-02-18 09:00:00,0,0,0,0
2009-02-19 09:00:00,0,0,0,0
2009-02-20 09:00:00,0,0,0,0
2009-02-21 09:00:00,0,0,0,0
2009-02-22 09:00:00,0,0,0,0
2009-02-23 09:00:00,0,0,0,0
2009-02-24 09:00:00,0,0,0,0
2009-02-25 09:00:00,0,0,0,0
2009-02-26 09:00:00,0,0,0,0
2009-02-27 09:00:00,0,0,0,0
2009-02-28 09:00:00,0,0,0,0
2009-12-01 09:00:00,0,0,0,0
2009-12-02 09:00:00,0,0,0,0
2009-12-03 09:00:00,0,0,0,0
2009-12-04 09:00:00,0,0,0,0
2009-12-05 09:00:00,0,0,0,0
2009-12-06 09:00:00,0,0,0,0
2009-12-07 09:00:00,0,0,0,0
2009-12-08 09:00:00,0,0,0,0
2009-12-09 09:00:00,1,0,0,0
2009-12-10 09:00:00,0,0,0,0
2009-12-11 09:00:00,0,0,0,0
2009-12-12 09:00:00,0,0,0,0
2009-12-13 09:00:00,0,0,0,0
2009-12-14 09:00:00,0,0,0,0
2009-12-15 09:00:00,0,0,0,0
2009-12-16 09:00:00,0,0,0,0
2009-12-17 09:00:00,0,0,0,0
2009-12-18 09:00:00,0,0,0,0
2009-12-19 09:00:00,0,0,0,0
2009-12-20 09:00:00,0,0,0,0
2009-12-21 09:00:00,0,0,0,0
2009-12-22 09:00:00,0,0,0,0
2009-12-23 09:00:00,0,0,0,0
2009-12-24 09:00:00,0,0,0,0
2009-12-25 09:00:00,0,0,0,0
2009-12-26 09:00:00,0,0,0,0
2009-12-27 09:00:00,0,0,0,0
2009-12-28 09:00:00,0,0,0,0
2009-12-29 09:00:00,0,0,0,0
2009-12-30 09:00:00,0,0,0,0
2009-12-31 09:00:00,0,0,0,0
2010-01-01 09:00:00,0,0,0,0
2010-01-02 09:00:00,0,0,0,0
2010-01-03 09:00:00,0,0,0,0
2010-01-04 09:00:00,0,0,0,0
2010-01-05 09:00:00,0,0,0,0
2010-01-06 09:00:00,0,0,0,0
2010-01-07 09:00:00,0,0,0,0
2010-01-08 09:00:00,0,0,0,0
2010-01-09 09:00:00,0,0,0,0
2010-01-10 09:00:00,0,0,0,0
2010-01-11 09:00:00,0,0,0,0
2010-01-12 09:00:00,3,2,1,1
2010-01-13 09:00:00,3,0,0,0
2010-01-14 09:00:00,0,0,0,0
2010-01-15 09:00:00,0,0,0,0
2010-01-16 09:00:00,0,0,0,0
2010-01-17 09:00:00,0,0,0,0
2010-01-18 09:00:00,0,0,0,0
2010-01-19 09:00:00,0,0,0,0
2010-01-20 09:00:00,0,0,0,0
2010-01-21 09:00:00,0,0,0,0
2010-01-22 09:00:00,0,0,0,0
2010-01-23 09:00:00,0,0,0,0
2010-01-24 09:00:00,0,0,0,0
2010-01-25 09:00:00,0,0,0,0
2010-01-26 09:00:00,0,0,0,0
2010-01-27 09:00:00,0,0,0,0
2010-01-28 09:00:00,0,0,0,0
2010-01-29 09:00:00,0,0,0,0
2010-01-30 09:00:00,0,0,0,0
2010-01-31 09:00:00,0,0,0,0
2010-02-01 09:00:00,0,0,0,0
2010-02-02 09:00:00,0,0,0,0
2010-02-03 09:00:00,0,0,0,0
2010-02-04 09:00:00,0,0,0,0
2010-02-05 09:00:00,2,0,0,0
2010-02-06 09:00:00,2,0,0,0
2010-02-07 09:00:00,2,0,0,0
2010-02-08 09:00:00,3,1,1,0
2010-02-09 09:00:00,0,0,0,0
2010-02-10 09:00:00,0,0,0,0
2010-02-11 09:00:00,0,0,0,0
2010-02-12 09:00:00,0,0,0,0
2010-02-13 09:00:00,0,0,0,0
2010-02-14 09:00:00,0,0,0,0
2010-02-15 09:00:00,0,0,0,0
2010-02-16 09:00:00,0,0,0,0
2010-02-17 09:00:00,0,0,0,0
2010-02-18 09:00:00,0,0,0,0
2010-02-19 09:00:00,0,0,0,0
2010-02-20 09:00:00,0,0,0,0
2010-02-21 09:00:00,0,0,0,0
2010-02-22 09:00:00,0,0,0,0
2010-02-23 09:00:00,0,0,0,0
2010-02-24 09:00:00,0,0,0,0
2010-02-25 09:00:00,0,0,0,0
2010-02-26 09:00:00,2,0,0,0
2010-02-27 09:00:00,2,0,0,0
2010-02-28 09:00:00,2,0,0,0
2010-12-01 09:00:00,0,0,0,0
2010-12-02 09:00:00,0,0,0,0
2010-12-03 09:00:00,0,0,0,0
2010-12-04 09:00:00,0,0,0,0
2010-12-05 09:00:00,0,0,0,0
2010-12-06 09:00:00,0,0,0,0
2010-12-07 09:00:00,0,0,0,0
2010-12-08 09:00:00,2,0,0,0
2010-12-09 09:00:00,2,2,0,1
2010-12-10 09:00:00,0,0,0,0
2010-12-11 09:00:00,0,0,0,0
2010-12-12 09:00:00,0,0,0,0
2010-12-13 09:00:00,0,0,0,0
2010-12-14 09:00:00,0,0,0,0
2010-12-15 09:00:00,0,0,0,0
2010-12-16 09:00:00,0,0,0,0
2010-12-17 09:00:00,0,0,0,0
2010-12-18 09:00:00,0,0,0,0
2010-12-19 09:00:00,0,0,0,0
2010-12-20 09:00:00,0,0,0,0
2010-12-21 09:00:00,0,0,0,0
2010-12-22 09:00:00,0,0,0,0
2010-12-23 09:00:00,0,0,0,0
2010-12-24 09:00:00,0,0,0,0
2010-12-25 09:00:00,0,0,0,0
2010-12-26 09:00:00,0,0,0,0
2010-12-27 09:00:00,0,0,0,0
2010-12-28 09:00:00,0,0,0,0
2010-12-29 09:00:00,0,0,0,0
2010-12-30 09:00:00,0,0,0,0
2010-12-31 09:00:00,2,1,1,0
2011-01-01 09:00:00,2,2,0,1
2011-01-02 09:00:00,0,0,0,0
2011-01-03 09:00:00,0,0,0,0
2011-01-04 09:00:00,0,0,0,0
2011-01-05 09:00:00,0,0,0,0
2011-01-06 09:00:00,0,0,0,0
2011-01-07 09:00:00,0,0,0,0
2011-01-08 09:00:00,0,0,0,0
2011-01-09 09:00:00,0,0,0,0
2011-01-10 09:00:00,0,0,0,0
2011-01-11 09:00:00,0,0,0,0
2011-01-12 09:00:00,0,0,0,0
2011-01-13 09:00:00,0,0,0,0
2011-01-14 09:00:00,0,0,0,0
2011-01-15 09:00:00,0,0,0,0
2011-01-16 09:00:00,2,2,0,1
2011-01-17 09:00:00,0,0,0,0
2011-01-18 09:00:00,0,0,0,0
2011-01-19 09:00:00,0,0,0,0
2011-01-20 09:00:00,0,0,0,0
2011-01-21 09:00:00,0,0,0,0
2011-01-22 09:00:00,0,0,0,0
2011-01-23 09:00:00,0,0,0,0
2011-01-24 09:00:00,0,0,0,0
2011-01-25 09:00:00,0,0,0,0
2011-01-26 09:00:00,0,0,0,0
2011-01-27 09:00:00,0,0,0,0
2011-01-28 09:00:00,0,0,0,0
2011-01-29 09:00:00,0,0,0,0
2011-01-30 09:00:00,0,0,0,0
2011-01-31 09:00:00,0,0,0,0
2011-02-01 09:00:00,0,0,0,0
2011-02-02 09:00:00,1,2,0,1
2011-02-03 09:00:00,1,2,0,1
2011-02-04 09:00:00,1,2,0,1
2011-02-05 09:00:00,0,0,0,0
2011-02-06 09:00:00,0,0,0,0
2011-02-07 09:00:00,1,0,0,0
2011-02-08 09:00:00,0,0,0,0
2011-02-09 09:00:00,0,0,0,0
2011-02-10 09:00:00,0,0,0,0
2011-02-11 09:00:00,4,0,0,0
2011-02-12 09:00:00,4,0,0,0
2011-02-13 09:00:00,1,2,0,1
2011-02-14 09:00:00,1,2,0,1
2011-02-15 09:00:00,1,2,0,1
2011-02-16 09:00:00,0,0,0,0
2011-02-17 09:00:00,1,2,0,1
2011-02-18 09:00:00,0,0,0,0
2011-02-19 09:00:00,0,0,0,0
2011-02-20 09:00:00,0,0,0,0
2011-02-21 09:00:00,0,0,0,0
2011-02-22 09:00:00,0,0,0,0
2011-02-23 09:00:00,0,0,0,0
2011-02-24 09:00:00,0,0,0,0
2011-02-25 09:00:00,0,0,0,0
2011-02-26 09:00:00,0,0,0,0
2011-02-27 09:00:00,0,0,0,0
2011-02-28 09:00:00,0,0,0,0
2011-12-01 09:00:00,0,0,0,0
2011-12-02 09:00:00,0,0,0,0
2011-12-03 09:00:00,0,0,0,0
2011-12-04 09:00:00,0,0,0,0
2011-12-05 09:00:00,0,0,0,0
2011-12-06 09:00:00,0,0,0,0
2011-12-07 09:00:00,0,0,0,0
2011-12-08 09:00:00,0,0,0,0
2011-12-09 09:00:00,0,0,0,0
2011-12-10 09:00:00,0,0,0,0
2011-12-11 09:00:00,0,0,0,0
2011-12-12 09:00:00,0,0,0,0
2011-12-13 09:00:00,0,0,0,0
2011-12-14 09:00:00,0,0,0,0
2011-12-15 09:00:00,0,0,0,0
2011-12-16 09:00:00,0,0,0,0
2011-12-17 09:00:00,0,0,0,0
2011-12-18 09:00:00,0,0,0,0
2011-12-19 09:00:00,0,0,0,0
2011-12-20 09:00:00,0,0,0,0
2011-12-21 09:00:00,0,0,0,0
2011-12-22 09:00:00,0,0,0,0
2011-12-23 09:00:00,0,0,0,0
2011-12-24 09:00:00,0,0,0,0
2011-12-25 09:00:00,0,0,0,0
2011-12-26 09:00:00,0,0,0,0
2011-12-27 09:00:00,0,0,0,0
2011-12-28 09:00:00,0,0,0,0
2011-12-29 09:00:00,0,0,0,0
2011-12-30 09:00:00,0,0,0,0
2011-12-31 09:00:00,0,0,0,0
2012-01-01 09:00:00,3,1,1,0
2012-01-02 09:00:00,2,2,0,1
2012-01-03 09:00:00,0,0,0,0
2012-01-04 09:00:00,0,0,0,0
2012-01-05 09:00:00,0,0,0,0
2012-01-06 09:00:00,0,0,0,0
2012-01-07 09:00:00,0,0,0,0
2012-01-08 09:00:00,0,0,0,0
2012-01-09 09:00:00,0,0,0,0
2012-01-10 09:00:00,0,0,0,0
2012-01-11 09:00:00,0,0,0,0
2012-01-12 09:00:00,0,0,0,0
2012-01-13 09:00:00,0,0,0,0
2012-01-14 09:00:00,2,2,0,1
2012-01-15 09:00:00,0,0,0,0
2012-01-16 09:00:00,0,0,0,0
2012-01-17 09:00:00,0,0,0,0
2012-01-18 09:00:00,0,0,0,0
2012-01-19 09:00:00,0,0,0,0
2012-01-20 09:00:00,0,0,0,0
2012-01-21 09:00:00,0,0,0,0
2012-01-22 09:00:00,0,0,0,0
2012-01-23 09:00:00,0,0,0,0
2012-01-24 09:00:00,0,0,0,0
2012-01-25 09:00:00,0,0,0,0
2012-01-26 09:00:00,0,0,0,0
2012-01-27 09:00:00,0,0,0,0
2012-01-28 09:00:00,0,0,0,0
2012-01-29 09:00:00,0,0,0,0
2012-01-30 09:00:00,0,0,0,0
2012-01-31 09:00:00,0,0,0,0
2012-02-01 09:00:00,0,0,0,0
2012-02-02 09:00:00,0,0,0,0
2012-02-03 09:00:00,0,0,0,0
2012-02-04 09:00:00,0,0,0,0
2012-02-05 09:00:00,0,0,0,0
2012-02-06 09:00:00,0,0,0,0
2012-02-07 09:00:00,0,0,0,0
2012-02-08 09:00:00,3,1,1,0
2012-02-09 09:00:00,0,0,0,0
2012-02-10 09:00:00,0,0,0,0
2012-02-11 09:00:00,0,0,0,0
2012-02-12 09:00:00,0,0,0,0
2012-02-13 09:00:00,0,0,0,0
2012-02-14 09:00:00,0,0,0,0
2012-02-15 09:00:00,0,0,0,0
2012-02-16 09:00:00,0,0,0,0
2012-02-17 09:00:00,0,0,0,0
2012-02-18 09:00:00,0,0,0,0
2012-02-19 09:00:00,2,0,0,0
2012-02-20 09:00:00,0,0,0,0
2012-02-21 09:00:00,0,0,0,0
2012-02-22 09:00:00,0,0,0,0
2012-02-23 09:00:00,0,0,0,0
2012-02-24 09:00:00,0,0,0,0
2012-02-25 09:00:00,0,0,0,0
2012-02-26 09:00:00,0,0,0,0
2012-02-27 09:00:00,0,0,0,0
2012-02-28 09:00:00,0,0,0,0
2012-02-29 09:00:00,2,0,0,0
2012-12-01 09:00:00,0,0,0,0
2012-12-02 09:00:00,0,0,0,0
2012-12-03 09:00:00,0,0,0,0
2012-12-04 09:00:00,0,0,0,0
2012-12-05 09:00:00,0,0,0,0
2012-12-06 09:00:00,0,0,0,0
2012-12-07 09:00:00,0,0,0,0
2012-12-08 09:00:00,0,0,0,0
2012-12-09 09:00:00,0,0,0,0
2012-12-10 09:00:00,0,0,0,0
2012-12-11 09:00:00,0,0,0,0
2012-12-12 09:00:00,0,0,0,0
2012-12-13 09:00:00,0,0,0,0
2012-12-14 09:00:00,0,0,0,0
2012-12-15 09:00:00,0,0,0,0
2012-12-16 09:00:00,0,0,0,0
2012-12-17 09:00:00,0,0,0,0
2012-12-18 09:00:00,0,0,0,0
2012-12-19 09:00:00,0,0,0,0
2012-12-20 09:00:00,0,0,0,0
2012-12-21 09:00:00,0,0,0,0
2012-12-22 09:00:00,0,0,0,0
2012-12-23 09:00:00,0,0,0,0
2012-12-24 09:00:00,0,0,0,0
2012-12-25 09:00:00,0,0,0,0
2012-12-26 09:00:00,0,0,0,0
2012-12-27 09:00:00,0,0,0,0
2012-12-28 09:00:00,0,0,0,0
2012-12-29 09:00:00,0,0,0,0
2012-12-30 09:00:00,0,0,0,0
2012-12-31 09:00:00,0,0,0,0
2013-01-01 09:00:00,0,0,0,0
2013-01-02 09:00:00,0,0,0,0
2013-01-03 09:00:00,0,0,0,0
2013-01-04 09:00:00,0,0,0,0
2013-01-05 09:00:00,0,0,0,0
2013-01-06 09:00:00,0,0,0,0
2013-01-07 09:00:00,0,0,0,0
2013-01-08 09:00:00,0,0,0,0
2013-01-09 09:00:00,0,0,0,0
2013-01-10 09:00:00,0,0,0,0
2013-01-11 09:00:00,4,0,0,0
2013-01-12 09:00:00,0,0,0,0
2013-01-13 09:00:00,0,0,0,0
2013-01-14 09:00:00,0,0,0,0
2013-01-15 09:00:00,0,0,0,0
2013-01-16 09:00:00,0,0,0,0
2013-01-17 09:00:00,3,2,1,1
2013-01-18 09:00:00,3,1,1,0
2013-01-19 09:00:00,0,0,0,0
2013-01-20 09:00:00,0,0,0,0
2013-01-21 09:00:00,0,0,0,0
2013-01-22 09:00:00,0,0,0,0
2013-01-23 09:00:00,0,0,0,0
2013-01-24 09:00:00,0,0,0,0
2013-01-25 09:00:00,0,0,0,0
2013-01-26 09:00:00,0,0,0,0
2013-01-27 09:00:00,0,0,0,0
2013-01-28 09:00:00,0,0,0,0
2013-01-29 09:00:00,0,0,0,0
2013-01-30 09:00:00,0,0,0,0
2013-01-31 09:00:00,0,0,0,0
2013-02-01 09:00:00,2,2,0,1
2013-02-02 09:00:00,0,0,0,0
2013-02-03 09:00:00,0,0,0,0
2013-02-04 09:00:00,0,0,0,0
2013-02-05 09:00:00,3,1,1,0
2013-02-06 09:00:00,0,0,0,0
2013-02-07 09:00:00,3,1,1,0
2013-02-08 09:00:00,0,0,0,0
2013-02-09 09:00:00,0,0,0,0
2013-02-10 09:00:00,0,0,0,0
2013-02-11 09:00:00,0,0,0,0
2013-02-12 09:00:00,0,0,0,0
2013-02-13 09:00:00,0,0,0,0
2013-02-14 09:00:00,0,0,0,0
2013-02-15 09:00:00,0,0,0,0
2013-02-16 09:00:00,3,1,1,0
2013-02-17 09:00:00,3,1,1,0
2013-02-18 09:00:00,0,0,0,0
2013-02-19 09:00:00,0,0,0,0
2013-02-20 09:00:00,0,0,0,0
2013-02-21 09:00:00,0,0,0,0
2013-02-22 09:00:00,0,0,0,0
2013-02-23 09:00:00,0,0,0,0
2013-02-24 09:00:00,0,0,0,0
2013-02-25 09:00:00,0,0,0,0
2013-02-26 09:00:00,0,0,0,0
2013-02-27 09:00:00,0,0,0,0
2013-02-28 09:00:00,0,0,0,0
2013-12-01 09:00:00,0,0,0,0
2013-12-02 09:00:00,0,0,0,0
2013-12-03 09:00:00,0,0,0,0
2013-12-04 09:00:00,0,0,0,0
2013-12-05 09:00:00,0,0,0,0
2013-12-06 09:00:00,0,0,0,0
2013-12-07 09:00:00,0,0,0,0
2013-12-08 09:00:00,0,0,0,0
2013-12-09 09:00:00,0,0,0,0
2013-12-10 09:00:00,0,0,0,0
2013-12-11 09:00:00,0,0,0,0
2013-12-12 09:00:00,0,0,0,0
2013-12-13 09:00:00,0,0,0,0
2013-12-14 09:00:00,0,0,0,0
2013-12-15 09:00:00,0,0,0,0
2013-12-16 09:00:00,0,0,0,0
2013-12-17 09:00:00,0,0,0,0
2013-12-18 09:00:00,0,0,0,0
2013-12-19 09:00:00,0,0,0,0
2013-12-20 09:00:00,0,0,0,0
2013-12-21 09:00:00,0,0,0,0
2013-12-22 09:00:00,0,0,0,0
2013-12-23 09:00:00,0,0,0,0
2013-12-24 09:00:00,0,0,0,0
2013-12-25 09:00:00,0,0,0,0
2013-12-26 09:00:00,0,0,0,0
2013-12-27 09:00:00,0,0,0,0
2013-12-28 09:00:00,0,0,0,0
2013-12-29 09:00:00,0,0,0,0
2013-12-30 09:00:00,0,0,0,0
2013-12-31 09:00:00,0,0,0,0
2014-01-01 09:00:00,0,0,0,0
2014-01-02 09:00:00,0,0,0,0
2014-01-03 09:00:00,0,0,0,0
2014-01-04 09:00:00,0,0,0,0
2014-01-05 09:00:00,0,0,0,0
2014-01-06 09:00:00,0,0,0,0
2014-01-07 09:00:00,0,0,0,0
2014-01-08 09:00:00,0,0,0,0
2014-01-09 09:00:00,0,0,0,0
2014-01-10 09:00:00,0,0,0,0
2014-01-11 09:00:00,0,0,0,0
2014-01-12 09:00:00,0,0,0,0
2014-01-13 09:00:00,0,0,0,0
2014-01-14 09:00:00,0,0,0,0
2014-01-15 09:00:00,0,0,0,0
2014-01-16 09:00:00,0,0,0,0
2014-01-17 09:00:00,0,0,0,0
2014-01-18 09:00:00,0,0,0,0
2014-01-19 09:00:00,0,0,0,0
2014-01-20 09:00:00,0,0,0,0
2014-01-21 09:00:00,0,0,0,0
2014-01-22 09:00:00,0,0,0,0
2014-01-23 09:00:00,0,0,0,0
2014-01-24 09:00:00,0,0,0,0
2014-01-25 09:00:00,0,0,0,0
2014-01-26 09:00:00,0,0,0,0
2014-01-27 09:00:00,0,0,0,0
2014-01-28 09:00:00,0,0,0,0
2014-01-29 09:00:00,0,0,0,0
2014-01-30 09:00:00,0,0,0,0
2014-01-31 09:00:00,0,0,0,0
2014-02-01 09:00:00,0,0,0,0
2014-02-02 09:00:00,0,0,0,0
2014-02-03 09:00:00,0,0,0,0
2014-02-04 09:00:00,0,0,0,0
2014-02-05 09:00:00,0,0,0,0
2014-02-06 09:00:00,1,0,0,0
2014-02-07 09:00:00,0,0,0,0
2014-02-08 09:00:00,0,0,0,0
2014-02-09 09:00:00,0,0,0,0
2014-02-10 09:00:00,0,0,0,0
2014-02-11 09:00:00,0,0,0,0
2014-02-12 09:00:00,0,0,0,0
2014-02-13 09:00:00,0,0,0,0
2014-02-14 09:00:00,3,1,1,0
2014-02-15 09:00:00,3,1,1,0
2014-02-16 09:00:00,2,2,0,1
2014-02-17 09:00:00,0,0,0,0
2014-02-18 09:00:00,0,0,0,0
2014-02-19 09:00:00,0,0,0,0
2014-02-20 09:00:00,0,0,0,0
2014-02-21 09:00:00,0,0,0,0
2014-02-22 09:00:00,0,0,0,0
2014-02-23 09:00:00,0,0,0,0
2014-02-24 09:00:00,0,0,0,0
2014-02-25 09:00:00,0,0,0,0
2014-02-26 09:00:00,0,0,0,0
2014-02-27 09:00:00,3,1,1,0
2014-02-28 09:00:00,3,1,1,0
2014-12-01 09:00:00,0,0,0,0
2014-12-02 09:00:00,0,0,0,0
2014-12-03 09:00:00,0,0,0,0
2014-12-04 09:00:00,0,0,0,0
2014-12-05 09:00:00,0,0,0,0
2014-12-06 09:00:00,0,0,0,0
2014-12-07 09:00:00,0,0,0,0
2014-12-08 09:00:00,0,0,0,0
2014-12-09 09:00:00,0,0,0,0
2014-12-10 09:00:00,0,0,0,0
2014-12-11 09:00:00,0,0,0,0
2014-12-12 09:00:00,0,0,0,0
2014-12-13 09:00:00,0,0,0,0
2014-12-14 09:00:00,2,2,1,1
2014-12-15 09:00:00,0,0,0,0
2014-12-16 09:00:00,0,0,0,0
2014-12-17 09:00:00,0,0,0,0
2014-12-18 09:00:00,0,0,0,0
2014-12-19 09:00:00,0,0,0,0
2014-12-20 09:00:00,0,0,0,0
2014-12-21 09:00:00,0,0,0,0
2014-12-22 09:00:00,0,0,0,0
2014-12-23 09:00:00,0,0,0,0
2014-12-24 09:00:00,0,0,0,0
2014-12-25 09:00:00,0,0,0,0
2014-12-26 09:00:00,0,0,0,0
2014-12-27 09:00:00,0,0,0,0
2014-12-28 09:00:00,0,0,0,0
2014-12-29 09:00:00,0,0,0,0
2014-12-30 09:00:00,0,0,0,0
2014-12-31 09:00:00,0,0,0,0
2015-01-01 09:00:00,0,0,0,0
2015-01-02 09:00:00,0,0,0,0
2015-01-03 09:00:00,2,0,0,0
2015-01-04 09:00:00,2,2,0,1
2015-01-05 09:00:00,0,0,0,0
2015-01-06 09:00:00,0,0,0,0
2015-01-07 09:00:00,0,0,0,0
2015-01-08 09:00:00,0,0,0,0
2015-01-09 09:00:00,0,0,0,0
2015-01-10 09:00:00,0,0,0,0
2015-01-11 09:00:00,0,0,0,0
2015-01-12 09:00:00,0,0,0,0
2015-01-13 09:00:00,0,0,0,0
2015-01-14 09:00:00,0,0,0,0
2015-01-15 09:00:00,0,0,0,0
2015-01-16 09:00:00,0,0,0,0
2015-01-17 09:00:00,0,0,0,0
2015-01-18 09:00:00,0,0,0,0
2015-01-19 09:00:00,0,0,0,0
2015-01-20 09:00:00,0,0,0,0
2015-01-21 09:00:00,0,0,0,0
2015-01-22 09:00:00,0,0,0,0
2015-01-23 09:00:00,0,0,0,0
2015-01-24 09:00:00,0,0,0,0
2015-01-25 09:00:00,0,0,0,0
2015-01-26 09:00:00,0,0,0,0
2015-01-27 09:00:00,0,0,0,0
2015-01-28 09:00:00,0,0,0,0
2015-01-29 09:00:00,0,0,0,0
2015-01-30 09:00:00,0,0,0,0
2015-01-31 09:00:00,0,0,0,0
2015-02-01 09:00:00,0,0,0,0
2015-02-02 09:00:00,0,0,0,0
2015-02-03 09:00:00,0,0,0,0
2015-02-04 09:00:00,0,0,0,0
2015-02-05 09:00:00,0,0,0,0
2015-02-06 09:00:00,0,0,0,0
2015-02-07 09:00:00,0,0,0,0
2015-02-08 09:00:00,0,0,0,0
2015-02-09 09:00:00,0,0,0,0
2015-02-10 09:00:00,0,0,0,0
2015-02-11 09:00:00,0,0,0,0
2015-02-12 09:00:00,0,0,0,0
2015-02-13 09:00:00,0,0,0,0
2015-02-14 09:00:00,0,0,0,0
2015-02-15 09:00:00,0,0,0,0
2015-02-16 09:00:00,0,0,0,0
2015-02-17 09:00:00,0,0,0,0
2015-02-18 09:00:00,0,0,0,0
2015-02-19 09:00:00,0,0,0,0
2015-02-20 09:00:00,0,0,0,0
2015-02-21 09:00:00,4,0,0,0
2015-02-22 09:00:00,1,0,0,0
2015-02-23 09:00:00,3,0,0,0
2015-02-24 09:00:00,3,1,1,0
2015-02-25 09:00:00,3,1,1,0
2015-02-26 09:00:00,0,0,0,0
2015-02-27 09:00:00,0,0,0,0
2015-02-28 09:00:00,0,0,0,0
2015-12-01 09:00:00,2,2,0,1
2015-12-02 09:00:00,0,0,0,0
2015-12-03 09:00:00,2,2,0,1
2015-12-04 09:00:00,0,0,0,0
2015-12-05 09:00:00,0,0,0,0
2015-12-06 09:00:00,0,0,0,0
2015-12-07 09:00:00,0,0,0,0
2015-12-08 09:00:00,0,0,0,0
2015-12-09 09:00:00,0,0,0,0
2015-12-10 09:00:00,0,0,0,0
2015-12-11 09:00:00,0,0,0,0
2015-12-12 09:00:00,0,0,0,0
2015-12-13 09:00:00,0,0,0,0
2015-12-14 09:00:00,0,0,0,0
2015-12-15 09:00:00,0,0,0,0
2015-12-16 09:00:00,0,0,0,0
2015-12-17 09:00:00,0,0,0,0
2015-12-18 09:00:00,0,0,0,0
2015-12-19 09:00:00,0,0,0,0
2015-12-20 09:00:00,0,0,0,0
2015-12-21 09:00:00,0,0,0,0
2015-12-22 09:00:00,0,0,0,0
2015-12-23 09:00:00,0,0,0,0
2015-12-24 09:00:00,0,0,0,0
2015-12-25 09:00:00,4,1,1,0
2015-12-26 09:00:00,0,0,0,0
2015-12-27 09:00:00,0,0,0,0
2015-12-28 09:00:00,0,0,0,0
2015-12-29 09:00:00,0,0,0,0
2015-12-30 09:00:00,0,0,0,0
2015-12-31 09:00:00,0,0,0,0
2016-01-01 09:00:00,0,0,0,0
2016-01-02 09:00:00,0,0,0,0
2016-01-03 09:00:00,2,0,0,0
2016-01-04 09:00:00,0,0,0,0
2016-01-05 09:00:00,0,0,0,0
2016-01-06 09:00:00,0,0,0,0
2016-01-07 09:00:00,0,0,0,0
2016-01-08 09:00:00,0,0,0,0
2016-01-09 09:00:00,0,0,0,0
2016-01-10 09:00:00,0,0,0,0
2016-01-11 09:00:00,0,0,0,0
2016-01-12 09:00:00,0,0,0,0
2016-01-13 09:00:00,0,0,0,0
2016-01-14 09:00:00,0,0,0,0
2016-01-15 09:00:00,0,0,0,0
2016-01-16 09:00:00,0,0,0,0
2016-01-17 09:00:00,0,0,0,0
2016-01-18 09:00:00,0,0,0,0
2016-01-19 09:00:00,3,1,1,0
2016-01-20 09:00:00,2,2,1,1
2016-01-21 09:00:00,0,0,0,0
2016-01-22 09:00:00,0,0,0,0
2016-01-23 09:00:00,0,0,0,0
2016-01-24 09:00:00,0,0,0,0
2016-01-25 09:00:00,0,0,0,0
2016-01-26 09:00:00,0,0,0,0
2016-01-27 09:00:00,0,0,0,0
2016-01-28 09:00:00,4,2,1,1
2016-01-29 09:00:00,0,0,0,0
2016-01-30 09:00:00,0,0,0,0
2016-01-31 09:00:00,0,0,0,0
2016-02-01 09:00:00,0,0,0,0
2016-02-02 09:00:00,0,0,0,0
2016-02-03 09:00:00,0,0,0,0
2016-02-04 09:00:00,0,0,0,0
2016-02-05 09:00:00,0,0,0,0
2016-02-06 09:00:00,0,0,0,0
2016-02-07 09:00:00,0,0,0,0
2016-02-08 09:00:00,0,0,0,0
2016-02-09 09:00:00,0,0,0,0
2016-02-10 09:00:00,0,0,0,0
2016-02-11 09:00:00,0,0,0,0
2016-02-12 09:00:00,0,0,0,0
2016-02-13 09:00:00,0,0,0,0
2016-02-14 09:00:00,0,0,0,0
2016-02-15 09:00:00,0,0,0,0
2016-02-16 09:00:00,0,0,0,0
2016-02-17 09:00:00,0,0,0,0
2016-02-18 09:00:00,0,0,0,0
2016-02-19 09:00:00,3,2,0,1
2016-02-20 09:00:00,3,1,1,0
2016-02-21 09:00:00,2,2,0,1
2016-02-22 09:00:00,0,0,0,0
2016-02-23 09:00:00,0,0,0,0
2016-02-24 09:00:00,0,0,0,0
2016-02-25 09:00:00,0,0,0,0
2016-02-26 09:00:00,0,0,0,0
2016-02-27 09:00:00,0,0,0,0
2016-02-28 09:00:00,0,0,0,0
2016-02-29 09:00:00,0,0,0,0
2016-12-01 09:00:00,0,0,0,0
2016-12-02 09:00:00,0,0,0,0
2016-12-03 09:00:00,0,0,0,0
2016-12-04 09:00:00,0,0,0,0
2016-12-05 09:00:00,0,0,0,0
2016-12-06 09:00:00,0,0,0,0
2016-12-07 09:00:00,0,0,0,0
2016-12-08 09:00:00,0,0,0,0
2016-12-09 09:00:00,0,0,0,0
2016-12-10 09:00:00,0,0,0,0
2016-12-11 09:00:00,0,0,0,0
2016-12-12 09:00:00,0,0,0,0
2016-12-13 09:00:00,0,0,0,0
2016-12-14 09:00:00,0,0,0,0
2016-12-15 09:00:00,0,0,0,0
2016-12-16 09:00:00,0,0,0,0
2016-12-17 09:00:00,0,0,0,0
2016-12-18 09:00:00,0,0,0,0
2016-12-19 09:00:00,0,0,0,0
2016-12-20 09:00:00,0,0,0,0
2016-12-21 09:00:00,0,0,0,0
2016-12-22 09:00:00,0,0,0,0
2016-12-23 09:00:00,0,0,0,0
2016-12-24 09:00:00,0,0,0,0
2016-12-25 09:00:00,0,0,0,0
2016-12-26 09:00:00,0,0,0,0
2016-12-27 09:00:00,2,2,0,1
2016-12-28 09:00:00,0,0,0,0
2016-12-29 09:00:00,0,0,0,0
2016-12-30 09:00:00,0,0,0,0
2016-12-31 09:00:00,0,0,0,0
2017-01-01 09:00:00,0,0,0,0
2017-01-02 09:00:00,0,0,0,0
2017-01-03 09:00:00,0,0,0,0
2017-01-04 09:00:00,0,0,0,0
2017-01-05 09:00:00,0,0,0,0
2017-01-06 09:00:00,0,0,0,0
2017-01-07 09:00:00,0,0,0,0
2017-01-08 09:00:00,0,0,0,0
2017-01-09 09:00:00,0,0,0,0
2017-01-10 09:00:00,0,0,0,0
2017-01-11 09:00:00,0,0,0,0
2017-01-12 09:00:00,0,0,0,0
2017-01-13 09:00:00,0,0,0,0
2017-01-14 09:00:00,0,0,0,0
2017-01-15 09:00:00,0,0,0,0
2017-01-16 09:00:00,0,0,0,0
2017-01-17 09:00:00,0,0,0,0
2017-01-18 09:00:00,0,0,0,0
2017-01-19 09:00:00,0,0,0,0
2017-01-20 09:00:00,0,0,0,0
2017-01-21 09:00:00,0,0,0,0
2017-01-22 09:00:00,0,0,0,0
2017-01-23 09:00:00,1,2,0,1
2017-01-24 09:00:00,1,2,0,1
2017-01-25 09:00:00,0,0,0,0
2017-01-26 09:00:00,0,0,0,0
2017-01-27 09:00:00,0,0,0,0
2017-01-28 09:00:00,4,0,0,0
2017-01-29 09:00:00,4,0,0,0
2017-01-30 09:00:00,0,0,0,0
2017-01-31 09:00:00,0,0,0,0
2017-02-01 09:00:00,0,0,0,0
2017-02-02 09:00:00,4,1,1,0
2017-02-03 09:00:00,1,2,1,1
2017-02-04 09:00:00,0,0,0,0
2017-02-05 09:00:00,0,0,0,0
2017-02-06 09:00:00,0,0,0,0
2017-02-07 09:00:00,0,0,0,0
2017-02-08 09:00:00,0,0,0,0
2017-02-09 09:00:00,0,0,0,0
2017-02-10 09:00:00,0,0,0,0
2017-02-11 09:00:00,0,0,0,0
2017-02-12 09:00:00,0,0,0,0
2017-02-13 09:00:00,0,0,0,0
2017-02-14 09:00:00,4,1,1,0
2017-02-15 09:00:00,4,1,1,0
2017-02-16 09:00:00,4,1,1,0
2017-02-17 09:00:00,4,1,1,0
2017-02-18 09:00:00,4,1,1,0
2017-02-19 09:00:00,0,0,0,0
2017-02-20 09:00:00,0,0,0,0
2017-02-21 09:00:00,2,0,0,0
2017-02-22 09:00:00,2,2,0,1
2017-02-23 09:00:00,0,0,0,0
2017-02-24 09:00:00,0,0,0,0
2017-02-25 09:00:00,0,0,0,0
2017-02-26 09:00:00,0,0,0,0
2017-02-27 09:00:00,0,0,0,0
2017-02-28 09:00:00,0,0,0,0
2017-12-01 09:00:00,0,0,0,0
2017-12-02 09:00:00,0,0,0,0
2017-12-03 09:00:00,0,0,0,0
2017-12-04 09:00:00,0,0,0,0
2017-12-05 09:00:00,3,1,1,0
2017-12-06 09:00:00,0,0,0,0
2017-12-07 09:00:00,0,0,0,0
2017-12-08 09:00:00,0,0,0,0
2017-12-09 09:00:00,0,0,0,0
2017-12-10 09:00:00,0,0,0,0
2017-12-11 09:00:00,0,0,0,0
2017-12-12 09:00:00,0,0,0,0
2017-12-13 09:00:00,0,0,0,0
2017-12-14 09:00:00,0,0,0,0
2017-12-15 09:00:00,0,0,0,0
2017-12-16 09:00:00,0,0,0,0
2017-12-17 09:00:00,0,0,0,0
2017-12-18 09:00:00,0,0,0,0
2017-12-19 09:00:00,0,0,0,0
2017-12-20 09:00:00,0,0,0,0
2017-12-21 09:00:00,0,0,0,0
2017-12-22 09:00:00,0,0,0,0
2017-12-23 09:00:00,0,0,0,0
2017-12-24 09:00:00,0,0,0,0
2017-12-25 09:00:00,0,0,0,0
2017-12-26 09:00:00,0,0,0,0
2017-12-27 09:00:00,0,0,0,0
2017-12-28 09:00:00,0,0,0,0
2017-12-29 09:00:00,0,0,0,0
2017-12-30 09:00:00,0,0,0,0
2017-12-31 09:00:00,0,0,0,0
2018-01-01 09:00:00,0,0,0,0
2018-01-02 09:00:00,0,0,0,0
2018-01-03 09:00:00,0,0,0,0
2018-01-04 09:00:00,0,0,0,0
2018-01-05 09:00:00,0,0,0,0
2018-01-06 09:00:00,0,0,0,0
2018-01-07 09:00:00,0,0,0,0
2018-01-08 09:00:00,0,0,0,0
2018-01-09 09:00:00,0,0,0,0
2018-01-10 09:00:00,0,0,0,0
2018-01-11 09:00:00,0,0,0,0
2018-01-12 09:00:00,0,0,0,0
2018-01-13 09:00:00,0,0,0,0
2018-01-14 09:00:00,0,0,0,0
2018-01-15 09:00:00,0,0,0,0
2018-01-16 09:00:00,0,0,0,0
2018-01-17 09:00:00,0,0,0,0
2018-01-18 09:00:00,0,0,0,0
2018-01-19 09:00:00,0,0,0,0
2018-01-20 09:00:00,0,0,0,0
2018-01-21 09:00:00,0,0,0,0
2018-01-22 09:00:00,0,0,0,0
2018-01-23 09:00:00,0,0,0,0
2018-01-24 09:00:00,0,0,0,0
2018-01-25 09:00:00,0,0,0,0
2018-01-26 09:00:00,0,0,0,0
2018-01-27 09:00:00,0,0,0,0
2018-01-28 09:00:00,0,0,0,0
2018-01-29 09:00:00,0,0,0,0
2018-01-30 09:00:00,0,0,0,0
2018-01-31 09:00:00,0,0,0,0
2018-02-01 09:00:00,0,0,0,0
2018-02-02 09:00:00,0,0,0,0
2018-02-03 09:00:00,0,0,0,0
2018-02-04 09:00:00,0,0,0,0
2018-02-05 09:00:00,0,0,0,0
2018-02-06 09:00:00,0,0,0,0
2018-02-07 09:00:00,0,0,0,0
2018-02-08 09:00:00,0,0,0,0
2018-02-09 09:00:00,0,0,0,0
2018-02-10 09:00:00,0,0,0,0
2018-02-11 09:00:00,0,0,0,0
2018-02-12 09:00:00,0,0,0,0
2018-02-13 09:00:00,0,0,0,0
2018-02-14 09:00:00,3,0,0,0
2018-02-15 09:00:00,0,0,0,0
2018-02-16 09:00:00,0,0,0,0
2018-02-17 09:00:00,0,0,0,0
2018-02-18 09:00:00,0,0,0,0
2018-02-19 09:00:00,0,0,0,0
2018-02-20 09:00:00,0,0,0,0
2018-02-21 09:00:00,0,0,0,0
2018-02-22 09:00:00,0,0,0,0
2018-02-23 09:00:00,0,0,0,0
2018-02-24 09:00:00,0,0,0,0
2018-02-25 09:00:00,0,0,0,0
2018-02-26 09:00:00,1,0,0,0
2018-02-27 09:00:00,0,0,0,0
2018-02-28 09:00:00,0,0,0,0
