,EOF1,EOF2,EOF3,EOF4
1979-12-01 09:00:00,-0.6582936127538119,0.0748920662768825,-0.14207198758649223,-0.08519812179352076
1979-12-02 09:00:00,-0.3546379216126954,-0.0688341610892697,-0.3287831334923137,-0.36718928453250826
1980-01-24 09:00:00,-0.320349073127147,0.24870062703461784,0.32710983524763665,0.09907307083130118
1980-02-12 09:00:00,-0.07445716977282862,-0.25590526200427566,-0.13378136387301443,0.1101810593486699
1980-02-13 09:00:00,0.14903563735910622,0.10080299395266092,-0.2921673416390239,0.009422090910377073
1980-02-25 09:00:00,-0.4654962905425975,0.028671817937932352,-0.1829488470100435,-0.027822583055356533
1980-02-26 09:00:00,-0.18181894755326464,-0.09195562378746625,-0.45569371609737735,-0.041825603854394856
1980-03-01 09:00:00,0.0030345911648771875,0.489099871355429,-0.3069202191271381,0.1743847437340376
1980-03-03 09:00:00,-0.4414227978612232,0.12096309974991161,0.11385470879950707,0.2358477148616197
1980-03-05 09:00:00,0.1262784454920037,-0.044377720821678755,0.19936780237438528,0.10454909129330026
1980-03-20 09:00:00,-0.14925065613166258,-0.34714939918339904,-0.14820454908048253,0.4124072185360874
1980-03-30 09:00:00,0.29298650127598014,0.38958847175003963,-0.028904464508104296,0.17967456768364917
1980-04-05 09:00:00,0.40767989362611584,-0.3625694586370796,-0.13433807687831492,0.273383410065089
1980-04-17 09:00:00,-0.3291714194806752,-0.14754167985201763,-0.1904433559879625,0.38988247870113546
1980-04-23 09:00:00,0.6462519219657362,-0.24240093102580712,-0.03158907789567063,0.3742866815395019
1980-12-13 09:00:00,-0.4803557148282316,0.1792614962208497,-0.03381019987717358,0.032143688687019965
1980-12-23 09:00:00,0.6263116446844929,0.09451676507382112,-0.36081402373232097,-0.13638741641066934
1981-01-27 09:00:00,-0.027646229939175558,0.3089046659831636,-0.3767981821109494,0.2948963282276749
1981-02-10 09:00:00,-0.5052214166794008,0.2428141356602735,0.2628663790289119,0.2446750260472725
1981-02-11 09:00:00,-0.43772492690707,-0.170412948681507,0.4518563785707897,0.19312679967531873
1981-03-01 09:00:00,-0.075865485074386,0.4489156526960815,0.2286300673678372,0.20572632296172258
1981-03-03 09:00:00,-0.15434201788192223,-0.06939736452866178,0.32806673588751967,0.4781209204888578
1981-03-04 09:00:00,0.06366591171263333,-0.2891380245646653,0.20839068368098584,0.33407461826392737
1981-04-10 09:00:00,-0.48848049642240493,0.4377950062097732,0.013403726976673259,0.043104199276443184
1981-04-12 09:00:00,-0.42604836160058174,0.27760108641422804,-0.06227052524437873,0.12057588173188116
1981-04-13 09:00:00,-0.5903909484480725,0.048083738950612694,-0.09399251158744766,-0.0718871592845394
1981-04-14 09:00:00,-0.4279813288435876,0.07165762482812736,-0.12372504297426755,-0.13702155395683757
1981-05-01 09:00:00,-0.1560041099821709,-0.19515037841819116,-0.04654727965817594,0.6099290142602802
1981-05-28 09:00:00,0.22911315583351985,0.1735556675843154,0.2016287421169126,0.053596128514582016
1981-12-11 09:00:00,0.44699077245266366,0.12363215984958996,0.16247873592258225,0.36461953051654433
1982-01-29 09:00:00,0.3201406631862222,-0.06559755951114038,-0.5485426228848655,0.04768017751319665
1982-02-09 09:00:00,-0.5573298118563845,0.17200149901885461,0.06651721794203393,-0.10755015090648808
1982-02-17 09:00:00,-0.05010587151571312,-0.09373548076712702,0.22403882213209267,-0.18470512954377105
1982-02-18 09:00:00,0.09621552241584136,-0.1163433688806114,0.06358925093816599,-0.37769087791865097
1982-03-20 09:00:00,-0.00846046978967458,-0.3953981459223376,-0.21840887979207668,0.04775185071946694
1982-03-21 09:00:00,0.18930338610564165,-0.38200130379230424,-0.3873707434271524,-0.0945830157075512
1982-03-28 09:00:00,-0.6801782712311107,-0.0165279540129125,0.2497257156956189,-0.15515737080941047
1982-03-29 09:00:00,-0.49608500559778085,-0.05517242556610608,0.46454686404534784,-0.010541563257374488
1982-05-11 09:00:00,0.16150065168247732,0.2447712140223668,0.6794306658251856,-0.0843063729651777
1982-12-08 09:00:00,-0.18131526669890613,-0.2224855160634504,0.185760573388522,-0.1889581319585173
1983-01-25 09:00:00,-0.5288536585940962,0.02229485802041319,-0.3215989575380931,-0.2787981863685784
1983-01-27 09:00:00,-0.3709855509640714,0.24426196060342567,-0.13738286432239286,-0.5026262148500594
1983-02-27 09:00:00,-0.517386536639806,0.3089016811492487,-0.03804965737787104,-0.013657758867558451
1983-02-28 09:00:00,-0.4216712984481942,-0.1027106643494505,-0.11326760571007853,-0.11277910951265549
1983-03-01 09:00:00,-0.09827433358943255,-0.1568033754295859,-0.17547943746456518,-0.1856622399895177
1983-03-06 09:00:00,-0.541203657575725,0.3183480765624186,-0.1706675756544714,0.16543555359592152
1983-03-07 09:00:00,-0.5433968176965965,0.049586914581814495,-0.23546194980467774,-0.11783226775266184
1983-03-15 09:00:00,-0.15027635851947485,0.3444888436595882,0.25912469733855215,-0.027426519194729538
1983-03-20 09:00:00,0.4671070988676839,0.6148937824341276,-0.09298209270638436,-0.37147699303557313
1983-03-21 09:00:00,0.2176183095702874,0.7702751243786787,0.014680813244463442,-0.167825929903049
1983-03-24 09:00:00,0.05826220503039691,-0.14141567529437185,0.6679872355526302,-0.11002548608319238
1983-03-25 09:00:00,0.2999727281216115,-0.2926187928564494,0.6108578621335996,-0.1915598596291861
1983-04-08 09:00:00,0.3959172825185016,0.3074078456655135,0.2702362920358539,-0.3951023615088758
1983-04-09 09:00:00,0.2978794619856069,0.4820157390140152,0.2540425426047582,-0.421341122388277
1983-04-15 09:00:00,0.6882565916130219,0.10638888982492405,-0.038420282222159534,-0.1786786111144786
1983-04-16 09:00:00,0.6850190527262524,0.30450491418749387,-0.14460775093133985,-0.13446288286066332
1983-04-29 09:00:00,-0.03413759759435855,0.15585497877884616,0.5238300510870095,-0.05035034719841595
1983-05-30 09:00:00,0.038232402607132246,-0.1848434322240218,-0.1813831543344848,-0.0745027471662728
1983-12-25 09:00:00,0.09766515259026841,0.7170598394371781,0.23930172701060853,-0.1581855382492975
1983-12-26 09:00:00,-0.1627929406248378,0.6425854484643638,0.4458830730333004,0.03371603863168779
1983-12-27 09:00:00,-0.18099736448004547,0.24078013729638695,0.16865900739194034,-0.033001719319844934
1984-01-16 09:00:00,0.2737069360832618,0.5549342138513579,0.30980553735679195,0.17361115558938017
1984-01-17 09:00:00,0.1008412750405767,0.5741738893396364,0.41302652131032824,0.035453586850347704
1984-02-19 09:00:00,0.6518924759698913,0.07391059109733478,-0.045635512608972244,-0.2542952306888236
1984-02-20 09:00:00,0.6259565744134509,0.17668011688070814,0.0836953265863326,-0.1666606439719139
1984-03-15 09:00:00,-0.16936386252979752,-0.39083782853422483,-0.17349490388125438,0.250661906341026
1984-03-16 09:00:00,-0.04194645642192813,-0.4520550658226394,-0.2794913390481098,0.2354668073725362
1984-03-17 09:00:00,0.15535829507804408,-0.3232714255334998,-0.3714184199697231,0.24110033577713652
1984-03-27 09:00:00,-0.1810556442052753,0.0007552047831762496,-0.007754449932577365,0.3056504730313836
1984-03-31 09:00:00,0.2450771664077614,-0.1427279496200744,0.0517931537393151,0.14238220803211574
1984-04-03 09:00:00,0.5432963498598506,-0.12272353829356149,0.29170097178148746,-0.2096801721979291
1984-12-07 09:00:00,-0.5163020987694878,0.05007565604983671,-0.09188798576353893,-0.392475468113792
1984-12-09 09:00:00,-0.5015419726716285,0.10901419265060468,0.047330846937738806,-0.3742229356435719
1984-12-10 09:00:00,-0.367097326152848,0.21771881877616214,-0.04451106295706319,-0.3130846651234751
1984-12-13 09:00:00,0.08198896442440419,0.7178659745242514,0.09930496066930472,0.25072106206677397
1984-12-14 09:00:00,0.06180506640128358,0.4628817604343409,0.23325373709278754,0.3242944910513795
1985-03-04 09:00:00,-0.3733760455152948,-0.27576890437842466,0.11659293716250763,-0.16046817472361688
1985-03-25 09:00:00,-0.03571949342729667,-0.2843499355218058,0.20571657943391516,0.23098939342063324
1985-03-26 09:00:00,0.0009912068634976793,-0.3937524421713767,0.2624945656594159,0.08673001663426326
1985-12-06 09:00:00,-0.09259625018301831,-0.42618553774607315,0.3124494352712051,-0.33631846791312753
1985-12-19 09:00:00,-0.5092252747462324,0.32105358677248014,0.06082759006893401,0.5657334481837852
1985-12-20 09:00:00,-0.49201103558433334,-0.07323228296594925,-0.10590499190161876,0.5028511929106612
1985-12-21 09:00:00,-0.34822820834289864,-0.029756400130013332,-0.32555427477733156,0.29158166486166803
1986-02-09 09:00:00,0.3616868019837844,-0.2481712825922429,-0.3190688727349367,0.19060690097018815
1986-03-09 09:00:00,0.32308430630425117,-0.38530536133823934,0.18716058821314516,0.015956718545827246
1986-03-10 09:00:00,0.1989455505546626,-0.5444037078182913,0.05259916298913414,-0.1755517125814443
1986-03-12 09:00:00,0.06679214858156343,-0.5561219600866122,-0.08922856259419527,-0.4243441401714144
1986-03-13 09:00:00,0.05215835431742502,-0.364179355107611,-0.07345002513634706,-0.42944246640828876
1986-03-26 09:00:00,0.02271312359929034,-0.42306617508436783,0.29959645086106096,-0.09748676532793275
1986-03-27 09:00:00,0.21720772347201894,-0.37387299478336683,0.08206803196548179,-0.4102993586396688
1986-04-11 09:00:00,0.3025346645277627,-0.31443756243879345,0.4571971323609346,0.4651285659387052
1986-04-16 09:00:00,0.3478402462735653,-0.0555988856683438,0.36528425391392927,0.4240728688521366
1986-04-17 09:00:00,0.2606872098159096,0.055646311782195236,0.4960795375704889,0.36830856366719505
1986-12-03 09:00:00,-0.6395901407583315,0.014957944790412715,-0.17512808549377962,0.08089094070630894
1986-12-04 09:00:00,-0.7486026789451777,-0.08893492905773327,0.06889909545721158,-0.1702009904399719
1986-12-05 09:00:00,-0.617762366118019,-0.30338075609358434,0.20555334037320863,-0.2948070437939694
1986-12-06 09:00:00,-0.3207991478296335,-0.32511233965314323,0.07714966694645099,-0.4871842979139843
1986-12-21 09:00:00,0.23031473670922106,0.15149180914320542,-0.14723585166998948,0.4202177183029538
1987-02-11 09:00:00,-0.22257616848464598,-0.5498714745354848,0.1508463289521522,0.18031694383560634
1987-03-05 09:00:00,0.33597076817978644,0.23637488762025555,-0.24108116562158036,0.33450194237200964
1987-03-15 09:00:00,-0.0697635901020175,-0.13059463061514107,-0.297554960365786,0.41294856888508924
1987-03-22 09:00:00,0.22543379635549257,-0.5184392223832235,0.36154680158374597,0.01972658075326974
1987-03-27 09:00:00,-0.3766253002085145,-0.07108920927768995,0.20548856760472375,0.04336790545427811
1987-03-28 09:00:00,-0.3481259295324654,-0.17961357135615047,0.3158902657274693,0.004892544547616805
1987-03-31 09:00:00,0.3476427622557297,-0.5127453308293201,-0.05196985606168684,-0.07110062110706471
1987-04-05 09:00:00,-0.4691914075600517,-0.0771259592795003,0.43528714256652185,-0.08620182009847029
1987-04-06 09:00:00,-0.4039960997040635,-0.004703681510325886,0.3971652860543979,-0.08296845566997335
1987-04-10 09:00:00,0.2467180386138804,0.10998754082406463,0.5436531615787618,0.0354381868361112
1987-04-19 09:00:00,-0.3716002877464226,0.3498728465999832,-0.4010700319757508,0.24748148451369587
1987-04-20 09:00:00,-0.5004683252755495,0.14548869009591361,-0.3230797754753506,0.06721954080374026
1987-04-21 09:00:00,-0.3390353820260715,0.020687795252704207,-0.26745762845853593,-0.07415897853498508
1987-12-11 09:00:00,0.38319339873508407,-0.03333715964356429,-0.2798599473810152,0.3647969757676458
1987-12-12 09:00:00,0.20268380135632272,0.3155980742917899,-0.12554529639574538,0.5787178903617365
1987-12-29 09:00:00,-0.6084677630386,-0.0876094843967729,-0.2542697381353104,-0.07641498678973442
1987-12-30 09:00:00,-0.6314241850269852,-0.26538780154211905,0.04405944581048214,-0.1808528597016914
1987-12-31 09:00:00,-0.4171748962588619,-0.5873299551092364,0.01818415852157023,0.01642999708809702
1988-01-01 09:00:00,-0.24210726153358142,-0.7116514175203645,-0.1824818209777027,-0.05182652467892987
1988-01-20 09:00:00,0.2335876177465672,-0.47693286988277445,0.2422164521567448,-0.010208967421455137
1988-02-18 09:00:00,-0.33086660304387494,0.07233934098527188,-0.09174594001653003,0.3006552767107253
1988-02-19 09:00:00,-0.039210409626294095,0.02022845997279224,-0.23056420386109658,0.34813014741512005
1988-02-23 09:00:00,0.22508527191362113,0.6413291389822324,0.07720351982852146,0.32363320078428215
1988-02-24 09:00:00,0.23782221883503957,0.2944727851684492,0.2611904157221839,0.5039793649884285
1988-03-01 09:00:00,0.570484836794388,-0.09041791477251367,0.08720800331205539,0.5758169701948691
1988-03-09 09:00:00,0.30064731165392095,-0.053370029859931944,-0.5863434501242565,0.24798648389343309
1988-03-10 09:00:00,0.2996387627157429,-0.0973379785039606,-0.614337244334963,0.09188616072508324
1988-03-11 09:00:00,0.34509058715221747,-0.008887153394697839,-0.6257066530951063,0.045676192573259236
1988-03-12 09:00:00,0.34250949302641526,0.24023975502475853,-0.5394185462330472,0.03173301571497135
1988-03-13 09:00:00,0.16666737527990122,0.49558113926010466,-0.2700352578994581,0.15627839487821837
1988-03-14 09:00:00,-0.11022774564221688,0.3032056883293196,0.015821849273402206,0.24047028290228847
1988-03-18 09:00:00,0.6299233184660521,0.4432933998816998,-0.009948776620217549,-0.019904819805579368
1988-03-19 09:00:00,0.39682917100253756,0.6376405507587836,-0.009329887409823283,0.0887162525340273
1988-03-24 09:00:00,0.4903051492696737,-0.11674455004403203,0.0603451917471907,-0.28212265675138437
1988-03-25 09:00:00,0.5649749716047945,0.14459548439493267,-0.04857639288723375,-0.30729645635547265
1988-05-21 09:00:00,0.45020332882711256,-0.009722272089478182,0.07885820192152417,-0.01829289088989808
1988-05-23 09:00:00,0.3758853458430673,0.20277950148027749,0.06953546107942862,0.13471785479209075
1988-05-31 09:00:00,0.0020893703351549005,-0.16857854124403135,0.16482219473700693,0.25353216447456045
1988-12-20 09:00:00,0.021875154540028433,0.032730249371336034,-0.5351576522366699,0.29525367169318956
1988-12-27 09:00:00,-0.643661734359586,0.2358974802829524,0.03184816459892588,0.177924971291492
1988-12-28 09:00:00,-0.6578915593415754,-0.015517387469065499,-0.07669951343528297,0.011209943477850962
1988-12-29 09:00:00,-0.4565585506161383,0.13497077997006232,-0.27381559637196207,-0.25813259786011544
1989-01-05 09:00:00,-0.30241346947613956,-0.22093078936628321,-0.05700071709905422,-0.5573878350635946
1989-01-07 09:00:00,0.35514518892854585,0.12458493503296672,-0.35087842893459664,-0.24658727818662213
1989-01-08 09:00:00,0.19463736004260204,0.4278751028784219,-0.37197346443105767,0.025046179161418845
1989-02-02 09:00:00,-0.6841888208366599,-0.02306800076106208,0.17559692995648027,-0.40731774127715936
1989-02-03 09:00:00,-0.4895752857009193,-0.08829616243339185,0.35296261037348453,-0.5129949550391449
1989-02-19 09:00:00,-0.15955683773212886,0.7697295334409212,-0.04957170080720522,-0.13366794593217987
1989-02-23 09:00:00,-0.42597393462631883,-0.2240000862458733,0.22310974695048336,-0.061302065802279995
1989-03-21 09:00:00,0.00580079111348903,-0.4846127139139948,0.23267134119526758,-0.3551851946936629
1989-03-27 09:00:00,-0.03974188175680722,0.40549384399057553,-0.21107166455404172,-0.05461239755244823
1989-03-29 09:00:00,-0.5390873336894144,0.1851502777272171,0.059574436491817526,0.032752597399866856
1989-03-30 09:00:00,-0.5921602992077103,-0.018615794965477113,0.1549644199832237,-0.0754604808534458
1989-03-31 09:00:00,-0.5632840649981404,-0.07933520292453743,0.13693435886020147,-0.25337562726055884
1989-04-07 09:00:00,-0.1253426269121346,-0.35434671850796035,0.3689777475761844,-0.22995769507098576
1989-04-08 09:00:00,-0.08272946410218186,-0.24971491739524299,0.35502262579904786,-0.31034014112862046
1989-04-28 09:00:00,0.2547247106067669,-0.3262424148617958,0.24498624730557197,-0.12391615384070825
1989-04-30 09:00:00,0.3181929588402289,-0.460875581283087,-0.20239754733042883,-0.39070547869138916
1989-05-01 09:00:00,0.48086327858668954,-0.35447339155053154,-0.1401227628683004,-0.3801441385487313
1989-12-06 09:00:00,-0.5067490934417682,-0.06363821356465409,-0.20575260161907527,0.27701078943425167
1989-12-07 09:00:00,-0.4630355713438249,-0.20296550146211043,-0.11816009971787682,0.2567241147330549
1989-12-16 09:00:00,-0.38781407089528097,0.05479098310232609,0.6140222053776483,0.0959619586312191
1989-12-17 09:00:00,-0.3250120241460386,-0.15867447979405389,0.6527297501677116,-0.15500504648140057
1989-12-25 09:00:00,0.4161190865524363,0.24832984828138563,0.045164797996139164,-0.15100317619444964
1989-12-26 09:00:00,0.4176528308559618,0.196602823522115,-0.026473028167859302,-0.039443708666243096
1990-01-17 09:00:00,-0.45391500653099587,-0.2358742606720177,0.2439887716105609,-0.03418197540556157
1990-01-18 09:00:00,-0.3436580616677851,-0.49168935399823266,0.41530879716523433,0.022158652230423133
1990-01-19 09:00:00,0.032637797536467054,-0.5534182986085214,0.1356460018341219,0.12544775523960175
1990-01-26 09:00:00,0.15413109729912106,0.08962177220193975,0.21323893320132048,-0.28112697271302434
1990-02-05 09:00:00,-0.35406026570311794,0.5694296009372732,0.32203133896914976,-0.09543191660142991
1990-02-06 09:00:00,-0.3411406424276715,0.3971916286987951,0.19631765318656527,-0.16852497560954158
1990-02-07 09:00:00,-0.110207098789984,0.2750770699060969,0.07648969340031708,-0.39984507455696655
1990-02-11 09:00:00,-0.06734853933839224,0.1148511672373692,-0.0753301869924606,0.12787434707410184
1990-03-02 09:00:00,0.2224063780053633,0.3009742701981461,0.4736930720176141,0.27087887087987134
1990-03-03 09:00:00,0.3328884264203642,0.03890267967214886,0.3217160661254656,0.08635110681605782
1990-03-19 09:00:00,-0.38590738482541914,0.013768460923506653,-0.04599457498564364,-0.6684465783958055
1990-03-20 09:00:00,-0.22853159579389423,0.10983389203501547,0.04973916029926694,-0.7294228213850684
1990-03-21 09:00:00,-0.01090778653496484,0.2612464960675251,0.035788010282056325,-0.7476038060713097
1990-03-22 09:00:00,0.03991752681550744,0.37993390110125574,-0.0685487834619804,-0.7665917329902465
1990-03-23 09:00:00,0.14629855861070074,0.5738649789782618,-0.07910209666676238,-0.5722118982216545
1990-03-24 09:00:00,0.03478945951561027,0.5813855983458643,-0.06746419643564601,-0.39508962526201563
1990-04-16 09:00:00,0.08556787048587956,-0.06276392008273966,-0.24560705940573557,0.1238477652773306
1990-04-17 09:00:00,0.04971518041020627,-0.1101598820965533,-0.1872486429652157,0.1300687319336554
1990-04-28 09:00:00,0.14664701621741832,0.3617469538611824,0.1269352001519238,0.40804934640998825
1990-05-13 09:00:00,-0.07440635016353951,-0.19115728519397224,-0.07562501715037571,0.16731583972332045
1990-05-14 09:00:00,-0.21533089532341773,-0.056482609840983966,-0.29842244271863894,-0.051971361521204545
1990-05-15 09:00:00,-0.09755814263560583,0.10363264682286862,-0.2494855970534328,-0.1678002965772101
1990-12-18 09:00:00,0.07005160322106312,-0.39895227370959574,-0.09862637851578133,0.17229263479809628
1990-12-26 09:00:00,-0.062265285792087184,-0.399349204353855,-0.24449351285447174,-0.2907732841035753
1990-12-27 09:00:00,0.1319063089184364,-0.2864906871108314,-0.14742719073003913,-0.5071936075539046
1990-12-28 09:00:00,0.5288687518805782,0.06744038461993955,-0.0036116838533554033,-0.48197375066819576
1990-12-29 09:00:00,0.5063453338445812,0.46274285001641,0.06464739417051643,-0.4413089199263703
1991-01-02 09:00:00,0.21913388224829985,0.48159049197415543,0.13608360301849876,-0.01592309461858787
1991-01-24 09:00:00,-0.3987423210108101,0.1704269644401197,-0.17232952597762619,0.29196770784829496
1991-01-25 09:00:00,-0.6555498421707452,-0.00869233990770609,-0.13087388626369068,0.2820382319650187
1991-01-26 09:00:00,-0.7434621778422231,-0.28303678599341725,0.0027773626498408363,0.11996201321115421
1991-01-27 09:00:00,-0.6192371568476929,-0.5017333257546193,-0.11257155052685414,0.0541632092228831
1991-02-08 09:00:00,-0.3129145820878454,-0.2094654403997002,0.45123151268863526,0.24452787890013722
1991-02-09 09:00:00,-0.23493007875735786,-0.42322652905625335,0.38378763793268506,0.10578174164925475
1991-02-10 09:00:00,-0.0918768364896171,-0.36040934571315186,0.38275407640311765,-0.10513390430424362
1991-02-18 09:00:00,0.44354306192067466,-0.18788832163254804,0.17732019932608484,0.37139420211639534
1991-02-26 09:00:00,0.35559783986361543,0.5433357508671516,-0.118726692170878,-0.1295847554161601
1991-03-07 09:00:00,-0.2779930728233411,-0.010566232701528287,0.4083940801965339,0.1154345313505881
1991-03-08 09:00:00,-0.07258870791736972,-0.17530453272871524,0.47493671535713783,-0.020366149308493908
1991-03-16 09:00:00,0.07798568472725641,-0.6338750230065985,-0.1875986804907605,-0.31441710806544726
1991-03-17 09:00:00,0.3343770362173609,-0.44264924213731816,-0.16806898440604054,-0.2643674052875359
1991-03-24 09:00:00,-0.05756959630884083,-0.010903229143060378,0.48662513235786964,-0.08377030051558602
1991-04-30 09:00:00,0.5828789206739396,-0.07604288049985874,-0.12425574177995306,0.07054800787703254
1991-05-03 09:00:00,0.2974648247461438,-0.18424773809909403,0.28470529924907634,0.11308109106487538
1991-05-20 09:00:00,0.3602934990971892,-0.23322169984172714,-0.4804299679523799,0.047074327078906276
1991-05-23 09:00:00,-0.11658186097960166,-0.06491837899724179,-0.26894474621111597,-0.04971621014572269
1991-12-04 09:00:00,-0.49058602536128354,-0.054359253351993174,-0.21294421249687032,0.16446105216999438
1991-12-05 09:00:00,-0.24975332337249176,-0.007398043351999606,-0.2902796219350783,0.4563434178117703
1991-12-10 09:00:00,0.12130024328650646,0.12806065687852622,-0.6701039264948226,0.34459473125873846
1991-12-11 09:00:00,-0.0949857354939203,0.07765614836678629,-0.6757675850711546,0.1838516382813688
1991-12-12 09:00:00,-0.2838606461445392,0.06503808161941028,-0.588139847010687,0.1092391853794447
1991-12-13 09:00:00,-0.4297416849694775,0.06468173664351363,-0.5097025894256885,-0.017472286936672347
1991-12-14 09:00:00,-0.5251179803195072,0.11269652936044079,-0.3262343341559465,-0.042023924601411085
1991-12-15 09:00:00,-0.6368265193069536,-0.01472153007761284,-0.19682008797459305,0.014589810637664721
1991-12-16 09:00:00,-0.6243289243901342,-0.3494171532797378,-0.12807948170484074,-0.1581635135886798
1991-12-25 09:00:00,0.28762007254347177,0.5282138028022015,-0.12331140868724187,0.15493853521698436
1991-12-26 09:00:00,0.24567180540805725,0.3923942400766335,-0.35506784037502054,0.08221150159784413
1992-01-03 09:00:00,-0.7598114376947609,0.18150105203617448,0.3142385862908815,-0.052654936487816016
1992-01-04 09:00:00,-0.562309157236,-0.20423110525518615,0.5508489601272903,-0.18696423234150644
1992-01-05 09:00:00,-0.2194751651748509,-0.18253732634089492,0.5150144973663652,-0.11501473640238025
1992-01-06 09:00:00,-0.28768196752406666,-0.03547958578858122,0.18769833806751782,-0.10083334667664567
1992-01-23 09:00:00,-0.44592673107681163,-0.4298164454153582,0.14297374862587897,-0.07424314849329065
1992-01-24 09:00:00,-0.4500958333165792,-0.45968462994802056,0.147376011754216,-0.2027743794436486
1992-01-25 09:00:00,-0.39611859523055765,-0.46024532014036146,0.06447892357724033,-0.300688305404447
1992-01-27 09:00:00,-0.08132900637574679,-0.40697187749013847,-0.012758620386830585,-0.4433242013087654
1992-01-28 09:00:00,-0.046986761960557503,-0.37466513692018105,-0.16644971635866623,-0.47681191396963013
1992-01-29 09:00:00,-0.06480300560020262,-0.15982884375354164,-0.3864499525005749,-0.39489685274752057
1992-02-12 09:00:00,-0.38740688938584866,-0.0002353596250846578,0.16523343855999686,-0.19630886112107973
1992-02-25 09:00:00,-0.573812133318696,0.4089580334971249,-0.11894814407655047,0.2652703340860909
1992-02-26 09:00:00,-0.7164216772315619,0.1350498376626313,0.028206004077882433,0.030601011178014868
1992-03-10 09:00:00,-0.17459693124378606,-0.15330187326987127,-0.21536910883525404,-0.5397320854263082
1992-03-11 09:00:00,-0.03662438634092153,-0.23502983223717078,-0.1530867230723214,-0.5930403330094249
1992-03-12 09:00:00,0.2792047080634365,-0.22384711157758624,-0.161554225547726,-0.48643706012023896
1992-03-13 09:00:00,0.4080685411663978,0.06302299125885871,-0.25481720394754953,-0.3364098768566954
1992-03-16 09:00:00,0.03917083160744446,0.45546390692136085,-0.09371718087996576,0.048765137195353345
1992-03-20 09:00:00,0.2987175795251136,0.18007212400537242,-0.1874114118871824,-0.1096717027134405
1992-03-23 09:00:00,0.007375791652624059,-0.046151733631796144,0.024125203667988364,-0.007789714640851072
1992-03-24 09:00:00,0.11933126405501596,-0.41504332690151347,0.20105568120941494,-0.08438302518635186
1992-03-25 09:00:00,0.13712059211626845,-0.46461081752507866,0.3174842404389758,-0.15224125140106554
1992-03-26 09:00:00,0.1973743621018152,-0.6269588007764327,0.3304992344371187,-0.04490974014569767
1992-04-19 09:00:00,0.378792398558704,-0.24820558955463343,-0.4252087970130299,-0.259724759002038
1992-04-20 09:00:00,0.47579693183497224,0.018859836828605793,-0.40345578029406115,-0.06467239743950759
1992-04-26 09:00:00,-0.4440940126720148,0.3620169697468103,0.10551168831883595,0.07663533851048936
1992-04-28 09:00:00,-0.37940736257513036,0.06761003854070607,-0.05978374871191415,-0.21456074948873063
1992-12-23 09:00:00,-0.489096272094632,-0.016397157055138726,-0.06621316813552407,0.3686070921024053
1992-12-30 09:00:00,-0.4013778143886504,-0.29158067129530263,-0.43709918149506505,0.16486137724282487
1992-12-31 09:00:00,-0.20433832099308102,-0.45315775179300555,-0.4893366431979304,0.16046464708475078
1993-01-05 09:00:00,-0.0641892986378371,0.16385106340413286,-0.38233457720330594,-0.4332664092442542
1993-01-07 09:00:00,0.28290310396485135,0.6109934285882235,-0.25846340034926335,-0.34951403568006423
1993-01-08 09:00:00,0.10878309591754559,0.6898900863860755,-0.2774880603925616,-0.11344641587595218
1993-01-09 09:00:00,-0.20511301689908645,0.6543883714928106,-0.21915901458681092,-0.05426787031273956
1993-01-12 09:00:00,-0.36489116333570204,0.47042081280494996,0.43903609832591134,-0.3305340478788665
1993-01-15 09:00:00,-0.12549167855786114,-0.05381072333170819,0.2714206186130785,-0.46181551507319657
1993-02-04 09:00:00,-0.6216673436363491,-0.04649261225049806,0.21601986629776976,-0.026079824592045234
1993-02-05 09:00:00,-0.6544468774157287,-0.15144169126192022,0.41112574988105816,0.03090822560252519
1993-02-06 09:00:00,-0.6331226570015084,-0.20837365516284756,0.29871509868249224,0.21737050444881653
1993-02-07 09:00:00,-0.6266154447970151,-0.23871126108534488,0.06111636005635022,0.25797842509300783
1993-02-14 09:00:00,-0.5208366963761509,0.14298284501447978,-0.32888982172335435,-0.09898835935093717
1993-02-18 09:00:00,0.14279461602620244,0.27463062951345074,-0.5430628877670366,-0.19025742769404183
1993-02-19 09:00:00,0.12776414485330936,0.4084959214105652,-0.4815406967512612,-0.2860191377758498
1993-02-22 09:00:00,0.311605382258617,0.17300164871174353,-0.2025818473753699,0.2743449162691497
1993-02-25 09:00:00,0.7195571184305088,-0.36479423827797924,-0.09139785529159558,0.07830797814877727
1993-02-26 09:00:00,0.7241212139595642,-0.2428966767513049,-0.13396987349133732,0.10445274809560964
1993-03-10 09:00:00,-0.136342249830891,-0.24117175364060836,-0.6411074635203413,-0.019464182611934732
1993-03-11 09:00:00,-0.23061630178317752,-0.04307483221079431,-0.5151346264655428,-0.09776838100409528
1993-03-20 09:00:00,-0.300758958020048,0.6939418594888331,-0.004482026278186518,-0.08149512704130318
1993-03-22 09:00:00,-0.30081170771416327,0.09575303064792536,0.20402622433942796,-0.4801413557226845
1993-03-23 09:00:00,-0.029389393971820627,0.18761626631121237,0.14752490802265172,-0.6964273398505251
1993-03-24 09:00:00,0.08302526374341804,0.2954330057480235,0.17552201357777836,-0.6378719701828782
1993-03-26 09:00:00,0.3703918067793826,-0.06741517179822402,0.2070534078491538,-0.13201500205225103
1993-04-13 09:00:00,0.0788682465039686,-0.2733989790037734,0.3176291026542321,0.29153833193466655
1993-04-27 09:00:00,-0.335508207465787,-0.14559904576223584,0.18365743363705625,0.14444040207599762
1993-04-28 09:00:00,-0.19094463612106347,-0.32897064836213596,0.16978145152008553,0.2185810925260456
1993-05-07 09:00:00,0.11701791438922328,-0.43242705523610925,-0.24489432525010837,-0.07700420356443508
1993-05-08 09:00:00,0.1414947211973767,-0.34392729224684654,-0.3081695678544711,-0.3779436323249712
1993-05-24 09:00:00,-0.28022077156077624,-0.038737056138215695,-0.42860923022639036,-0.0533864767987585
1994-01-11 09:00:00,0.6726328857208116,-0.17871826754201525,0.21950724797500556,0.020852188556431492
1994-01-12 09:00:00,0.6139865525340029,-0.05836057221992517,-0.0388014790129575,-0.25458277583267575
1994-01-15 09:00:00,0.40884007026183683,0.6250611905567652,0.3334606949825079,0.052976914398649065
1994-01-16 09:00:00,0.34490265611148524,0.2727688281713402,0.4136775826894578,0.44402278366277564
1994-01-25 09:00:00,-0.10175854237522158,-0.2678103003875574,-0.13323307731239573,0.25336377877843264
1994-01-26 09:00:00,-0.14333047514068917,-0.35711310844775584,-0.15600057458679478,0.11501513978470511
1994-01-27 09:00:00,0.09879308497209426,-0.27634073188508157,-0.36994947182930094,-0.12457440734298718
1994-02-08 09:00:00,0.16315245791336844,-0.04055053796092128,-0.2809531556560435,-0.0009294668146374404
1994-02-09 09:00:00,-0.0615267144697904,-0.18212271828391732,-0.39463651573143466,-0.16814418454407498
1994-02-20 09:00:00,0.5733214735936537,-0.03002316863190395,0.09261186699947332,-0.39173411581070033
1994-02-21 09:00:00,0.5256775610312061,0.30166106602140075,0.07023283034199511,-0.138961787618961
1994-02-22 09:00:00,0.12446573426580403,0.5383404058142348,0.07137584953149353,-0.06747365342576139
1994-03-12 09:00:00,-0.4024478022978043,0.3827638533937962,0.08435042773195435,0.08973868533402134
1994-03-13 09:00:00,-0.39891754963448733,0.195080255007002,-0.04131445751072566,0.0942895909560967
1994-03-17 09:00:00,-0.13776330074015622,-0.4141758955334071,0.11608737389897454,0.20360613402339636
1994-03-21 09:00:00,0.02944995652938101,0.17428804852713164,0.28948102475837734,0.29516124208393457
1994-03-28 09:00:00,0.15412531677674157,-0.04038818921490797,0.05226800969430322,0.10902272383783412
1994-04-03 09:00:00,0.020213184527124665,-0.3821099762900302,-0.07067453546337901,-0.196680724814137
1994-04-04 09:00:00,0.1191319054907543,-0.31002125938680364,-0.10942550732062555,-0.5194542581340422
1994-12-05 09:00:00,-0.7119344440591507,-0.019085916688105997,-0.23805091738341716,-0.09464304096471926
1994-12-06 09:00:00,-0.6091943434272724,-0.015508801182221076,-0.07012653457956863,-0.37556443004668977
1994-12-07 09:00:00,-0.3537989361629278,0.011705225359692442,0.14795351717824412,-0.5185641790151714
1995-01-08 09:00:00,0.6652647261812125,-0.06565575944480148,-0.17960311188171818,-0.10224387222375836
1995-01-09 09:00:00,0.6672875434529809,-0.08966111778571054,-0.29086755714395585,-0.09873331020196142
1995-01-17 09:00:00,0.14198629987868777,0.3954604720995102,-0.3854591430145849,0.13194101215077153
1995-02-06 09:00:00,-0.31597758999070846,0.456122695573182,-0.35697559256287353,0.23503605033746755
1995-02-07 09:00:00,-0.3905122564669459,0.4760694566631786,-0.2015577519107269,0.13713863864179426
1995-02-08 09:00:00,-0.45494865444868937,0.41146877864388454,0.10954848487502772,0.26110202397913035
1995-02-09 09:00:00,-0.3369483667277777,-0.030557785379485714,0.26252180238895373,0.3457328221487873
1995-02-10 09:00:00,-0.05574212772987762,-0.2728950130184009,0.22426461235840245,0.15853712273726397
1995-02-14 09:00:00,0.2692543080175423,0.26079391101952476,0.21469652901879507,-0.26296117172136374
1995-02-15 09:00:00,0.07187944102350366,0.47823264182022684,0.029943570365637676,-0.24507697253757163
1995-03-07 09:00:00,0.7079330974584819,0.01359025185891598,0.2709251957153363,0.011958074230733189
1995-03-08 09:00:00,0.6913804326972874,0.012085365087359613,0.34738130765870373,0.017894364454985837
1995-03-21 09:00:00,0.2308328862262635,0.009137778058755174,0.049410979762619434,0.2414163596952789
1995-03-22 09:00:00,0.3417524666406638,0.021052513059164727,-0.11953396656797481,0.19924083587297056
1995-03-23 09:00:00,0.3388741815922484,0.0953510049817473,-0.32806806337733807,0.019181659832998365
1995-04-21 09:00:00,0.22883555411294437,0.10241718190575363,0.30399196266682404,0.06625406641716311
1995-04-24 09:00:00,0.2573260356374362,-0.2803783179791018,0.29650001993436087,0.09809684912348132
1995-04-25 09:00:00,0.36744136593146653,-0.4590977029335915,0.2808016259370988,0.12491096180574175
1995-05-15 09:00:00,0.48646766061521085,-0.05703354854434798,0.24707415957328122,0.11434408857314006
1995-05-16 09:00:00,0.4590511477713675,0.06177123948742663,0.29295086511624024,0.05209608839080096
1995-05-17 09:00:00,0.5206067834395507,0.15769257627743774,0.3901641750453324,0.010131490784908073
1995-05-18 09:00:00,0.5753546416308475,0.26544409274179714,0.4066032349623498,-0.04890248374257058
1995-05-19 09:00:00,0.6610691095277083,0.21958228706769461,0.38229725176125584,0.047392368808808094
1995-12-07 09:00:00,-0.19462150673820688,-0.44354097334386183,-0.0692971014795506,-0.1634089436185888
1995-12-17 09:00:00,-0.577997325339005,-0.12930244976132135,0.024793266152504014,-0.060717674390501776
1996-01-15 09:00:00,0.4394188433030898,0.33776606682277455,0.04397360751497287,-0.4052157513542237
1996-01-16 09:00:00,0.23028954431703907,0.4905604280000921,0.0864053821851355,-0.14986367662028022
1996-02-06 09:00:00,0.35530154320364304,-0.42048970586494294,-0.20511764035409552,0.33843034824133844
1996-02-23 09:00:00,0.6242526375086169,-0.4105930024715033,0.12152156406008092,-0.009840787284856607
1996-02-24 09:00:00,0.6795626118581799,-0.1886595636203102,0.011255503295345384,-0.05142955891133772
1996-02-25 09:00:00,0.4786656805417393,-0.07224827900920384,-0.01087272825386175,-0.05069388386938414
1996-02-26 09:00:00,0.22371951454716307,-0.09256336701468183,0.007131441538886193,-0.052929297672845654
1996-03-04 09:00:00,0.2024539045463953,-0.17385554049655066,-0.35557113022563697,0.5736734171181685
1996-03-05 09:00:00,0.2602286986001978,-0.027918370552215698,-0.4002530314616745,0.44386863032060486
1996-03-08 09:00:00,0.031537603931542535,-0.04778313344655402,0.10781256250816548,0.28419767171474314
1996-03-09 09:00:00,-0.005676943177535823,-0.08975790921950438,0.15804358099000598,0.4088567509429196
1996-03-10 09:00:00,0.07275251002613606,-0.2088208180193219,-0.04767271311711687,0.5375267238616712
1996-03-11 09:00:00,0.20735366423415258,-0.2869584003249219,-0.022293172697139426,0.4601617410069269
1996-03-12 09:00:00,0.18888764290952903,-0.33587178341885543,0.2160395709409081,0.38459322876792107
1996-03-13 09:00:00,0.1753265206900451,-0.4241582348891014,0.28266663219232097,0.2056743299753939
1996-03-14 09:00:00,0.2947791266185951,-0.44768926491559874,0.34105093430588235,-0.05643018698879787
1996-03-15 09:00:00,0.37924356427664374,-0.5314411275194135,0.27142768938989104,-0.1454719323238414
1996-03-18 09:00:00,0.34635930598190845,-0.225854379291259,-0.2266095930230566,-0.2710767759490666
1996-03-22 09:00:00,0.04473765883429629,0.585229421580458,-0.023497070594633726,0.018783572753984415
1996-03-23 09:00:00,-0.07523264734694686,0.6586317359438475,0.02218548018046039,0.015411876766583694
1996-03-24 09:00:00,-0.23119369180533264,0.6723587886842871,0.08213794323390503,0.015086359209608042
1996-03-26 09:00:00,-0.5473060615562373,0.37026353824796504,0.2534220905384594,0.23523295763101487
1996-03-29 09:00:00,0.453696896678485,-0.001241648832715814,0.04163759427685508,-0.1786111082232751
1996-03-30 09:00:00,0.5396741611731705,0.23280660016110638,0.12919478718989727,0.10017022418294243
1996-03-31 09:00:00,0.5027253754740115,0.2499750160204382,0.10420912758275312,0.23517935139478147
1996-04-26 09:00:00,-0.3250229441431922,-0.0910078667942106,-0.12744116812931502,-0.27087014775764806
1997-01-18 09:00:00,-0.3519248253577828,-0.1130392521727886,-0.02056072290972243,-0.5773553603647269
1997-02-23 09:00:00,-0.5030518419152943,0.5107359151931581,0.08401160194304925,0.13905293122271392
1997-02-28 09:00:00,0.03606965389291064,-0.030200163156829767,-0.07143816140098631,-0.1375645207413786
1997-03-06 09:00:00,-0.4328559992522042,0.11911506078292769,-0.3371829181090791,0.0048552442694077685
1997-03-08 09:00:00,-0.39020869710068096,0.12494990904205705,-0.42544486672306975,-0.15126303640159863
1997-03-10 09:00:00,-0.23897892559853734,0.21607810054948962,-0.4999981533236979,-0.40644462120147956
1997-03-16 09:00:00,-0.2029596743405257,0.2253889701312536,-0.33301244664562457,-0.08785536383375706
1997-03-17 09:00:00,-0.2601848887498409,0.2504862365258253,-0.3388567140853083,0.030779406887582975
1997-03-18 09:00:00,-0.29238965349976437,0.30153627564916263,-0.26137263490646295,0.0996020041935931
1997-03-27 09:00:00,-0.2871419104060715,0.13789323586434699,-0.31453899979239885,0.0974023669553661
1997-04-11 09:00:00,-0.4644160992715735,-0.011684748725041966,-0.5119677446000055,0.09749300543986719
1997-05-06 09:00:00,-0.06071547138422679,-0.1038319363983835,0.14902600082845516,-0.14009056875366238
1997-12-08 09:00:00,0.5472612560793488,0.19679787472260615,-0.3222864157222609,0.04012238936974734
1997-12-09 09:00:00,0.2395008138909684,0.30776112118089033,-0.29742488415390334,0.26755873327277546
1997-12-10 09:00:00,0.012248349243549724,0.1520899781544438,-0.30520409008148663,0.1520044540277589
1997-12-14 09:00:00,0.28686206356514926,-0.012477473708092667,-0.2907399406847732,-0.018168413981865614
1998-01-06 09:00:00,-0.2168526038001111,-0.11288645843815005,0.4214381446185399,0.3843081092270631
1998-01-07 09:00:00,-0.08179695598298385,-0.05502848424611205,0.15403486751253656,-0.05497252853270738
1998-01-21 09:00:00,0.30392564410517836,-0.08298132113411548,-0.09191298734343135,-0.005991285588692399
1998-01-26 09:00:00,0.22162508668484987,-0.250573757891074,-0.2557780034327234,0.26584863253977975
1998-01-30 09:00:00,-0.11376507880997949,0.008644089839601268,-0.2748794079855361,0.5365694766896648
1998-02-09 09:00:00,-0.39501669318341753,0.24186570282103473,-0.2500003830776879,0.12586836745090121
1998-02-10 09:00:00,-0.49406045987034514,0.21822194355249427,-0.1509270535758392,-0.12725703528141122
1998-02-13 09:00:00,-0.6087667132180031,-0.1305552619563497,0.06861810247244948,-0.25878468998818277
1998-02-14 09:00:00,-0.5003183954563423,0.024895526643012002,-0.12486582158796458,-0.3140409665412887
1998-02-19 09:00:00,-0.4245779567104924,0.42445435820879057,-0.16390609664382802,-0.39829726869977383
1998-02-24 09:00:00,0.39946415758883563,0.06076011813919283,0.2406466162721176,-0.27253000067515576
1998-03-02 09:00:00,-0.25457784809226525,0.17699998939386147,0.05642065073019705,-0.07020585207221686
1998-03-03 09:00:00,-0.3320056931291925,0.09411901527170607,0.0369533629959902,-0.3529653033235796
1998-03-04 09:00:00,-0.29012995288941196,0.2069448781029467,0.07378087911311912,-0.5829195073063529
1998-03-06 09:00:00,-0.008482903974592417,0.5162583461772869,0.291524197203335,-0.2172178955061108
1998-03-07 09:00:00,-0.13215030864609764,0.5914466284295232,0.3818340421284433,-0.008978171494235965
1998-03-19 09:00:00,-0.13461580709807155,0.5007867540938363,-0.2752814207208198,0.23854185105640321
1998-03-22 09:00:00,0.23410155981878383,0.28791888722026887,-0.4901744205867187,0.13273383432999739
1998-03-23 09:00:00,0.2614880277074696,0.4605389589771566,-0.38981907830982765,0.179469903864396
1998-03-24 09:00:00,0.156952659539916,0.42955527011620703,-0.2805021765981237,0.3519697530405952
1998-03-31 09:00:00,-0.561512293486955,0.12191627777069945,-0.38120452363084517,0.046695919732709174
1998-04-01 09:00:00,-0.42635012712039033,0.041349211968603666,-0.34135571721959473,0.034112621268005565
1998-04-05 09:00:00,-0.3701904675771083,-0.03742011067779883,0.356426473404678,-0.09039538153285874
1998-04-06 09:00:00,-0.13587408718374128,-0.25735220894651145,0.38815802193610954,-0.27489175493473195
1998-04-22 09:00:00,-0.04958578797868495,0.12179947755501673,-0.01830827246625351,0.35745021155838164
1998-04-24 09:00:00,-0.1123298768256308,-0.3353736732327194,-0.4367349828865696,-0.08586286328149505
1998-04-25 09:00:00,0.01730188193183648,-0.0807240462792144,-0.5356213155565165,-0.3316679357231505
1998-05-02 09:00:00,-0.051637366354937424,-0.565693720049045,0.1657817314465916,-0.059447870472640434
1998-05-18 09:00:00,0.28102806024453014,-0.1634427795008031,-0.3130667570872173,0.11602515759320982
1999-02-06 09:00:00,0.2503417057804599,-0.13876803977801525,-0.5529093175312582,0.13614078495712273
1999-02-21 09:00:00,-0.22075699280350697,0.049816280182366814,-0.47165980216809184,0.29399588234894974
1999-02-22 09:00:00,-0.07696914525626362,-0.1595813088574239,-0.3501723057369124,0.10032218196375513
1999-03-01 09:00:00,-0.3742747628926646,-0.17162648060962576,0.31223683023941406,-0.003723402223053531
1999-03-03 09:00:00,-0.0977536434778924,-0.3905572600203515,0.3253648729154386,0.04110041471336576
1999-03-06 09:00:00,0.41315022933058515,-0.5203725255312657,0.47387389339910085,-0.035730133429736015
1999-03-07 09:00:00,0.4991735189119762,-0.3785749718986853,0.4529756744792584,-0.11203444972132433
1999-04-06 09:00:00,-0.41682664254925483,0.2720548279406209,-0.4372863148154234,-0.11672938335847112
1999-04-09 09:00:00,-0.1609937636392425,-0.27848409127761503,-0.04665778101669393,-0.002699994967386225
1999-04-10 09:00:00,0.02812431707462841,-0.47610328241364863,0.05641054007093498,-0.19262327021941766
1999-05-27 09:00:00,0.3624565425798853,0.2472038952937972,-0.20073183272209574,-0.08221287050965047
1999-05-30 09:00:00,0.28421458172748537,0.4123804272636276,-0.01848499635181826,-0.34400059018912765
1999-05-31 09:00:00,0.20408457903519403,0.4951958670913795,-0.029084217393852124,-0.28306904270832844
2000-01-12 09:00:00,0.34030238700762566,-0.06318035780714622,-0.0854764979991341,-0.2822274332657193
2000-01-18 09:00:00,-0.15545113076145559,0.07008399515219946,-0.48831796576678366,0.3814776266338516
2000-01-19 09:00:00,0.014524725339346988,0.1301285865240279,-0.4250995212702221,0.5081671569740498
2000-02-25 09:00:00,0.0937941818528859,0.6105815807383594,-0.2326083858539186,-0.016320762259374046
2000-04-24 09:00:00,0.1320223553205748,0.401653099628776,0.15829367315339363,0.26725682348093305
2000-04-29 09:00:00,0.1609091333609545,0.07411683563908213,-0.023470468441525113,-0.07064017242184834
2000-05-24 09:00:00,0.06772000862740522,0.2657808446118895,0.08237690556933693,0.2568093746767401
2000-05-25 09:00:00,0.15616780169558325,0.2361154310976018,0.0710428097467535,0.14849074723840786
2000-05-26 09:00:00,0.15064319622649658,0.14267599159360603,0.041038513402916414,-0.0024480691737239313
2000-12-16 09:00:00,0.15300968617416244,-0.6323447144322958,0.22266237688883722,0.18369694125506678
2000-12-31 09:00:00,0.7407021706683831,-0.06684844266409368,0.013262831523782864,0.20639088805406536
2001-01-01 09:00:00,0.6122174516958628,0.22467874570431776,0.055792211779636926,0.07520423281926097
2001-02-22 09:00:00,-0.3513083146537081,0.33869272873177575,-0.3511962667946184,0.3029980259472155
2001-02-26 09:00:00,0.4212057551959908,-0.2841769197002169,0.13817631092166605,0.21120894652325706
2001-03-23 09:00:00,-0.06245691399235911,0.47615905476914433,0.42935723323175423,0.18847625095799914
2001-12-06 09:00:00,-0.1173451552928292,0.5702650580963334,-0.15218269224504702,0.1790063303370266
2002-01-11 09:00:00,-0.6803738869805736,0.19904000228774557,0.17103145423013483,-0.15509488354856288
2002-01-12 09:00:00,-0.5735089928190794,0.04461009086817182,0.2319026393899244,-0.24564764138350142
2002-01-13 09:00:00,-0.20414350180105678,-0.0009528400455763872,0.25444221177190457,-0.4242513549775401
2002-01-24 09:00:00,0.08169638659325472,0.11382221078605355,0.48035757991021666,-0.35075856718437315
2002-03-02 09:00:00,0.005900416929253051,0.013742253872790395,0.6353711625785526,-0.06712643739378363
2002-03-22 09:00:00,-0.1871410263995884,0.2594021413679368,-0.08824565655465923,0.21647034032339957
2002-04-05 09:00:00,0.25168216600879995,-0.5306438380526733,-0.2048712350121799,0.20232999127958448
2002-04-13 09:00:00,0.14324748940326545,-0.6396078528769169,0.3638603352963113,0.30256201623564183
2002-04-14 09:00:00,0.22686116756292138,-0.6144021505400988,0.2400968047429772,0.23260680006606024
2002-04-22 09:00:00,-0.14132748259944974,-0.18526585991455646,-0.5205924178966284,-0.18301762977731256
2002-05-14 09:00:00,-0.32442066395286356,-0.06611367896230201,-0.31317128280554657,-0.09940675041250019
2002-05-19 09:00:00,0.17452789776616948,0.4612132480011098,-0.021295740647541073,-0.12982114508570733
2002-12-12 09:00:00,-0.521377990184074,-0.10148898647299076,-0.16228781573742038,0.40763296935710586
2002-12-13 09:00:00,-0.5767821554536211,-0.17515447803856748,-0.052828918128537516,0.33638165036646994
2002-12-14 09:00:00,-0.5164823827510114,-0.1072051230087376,-0.06886585131006658,0.22489500964690576
2003-02-16 09:00:00,0.01831035459284524,-0.5914839064878488,-0.38302638761747104,0.05293578440755157
2003-02-17 09:00:00,0.14378483008015674,-0.5550915532908386,-0.39131881271913993,-0.2009200468894936
2003-02-18 09:00:00,0.230837321642109,-0.24696666675737958,-0.5218780983174375,-0.14600468845254
2003-02-19 09:00:00,0.05405023827609534,0.11883602912570669,-0.5902735588524033,0.04176637218662786
2003-02-27 09:00:00,-0.3541203719795545,-0.06176053436133511,-0.011358568653917399,-0.0849306640616481
2003-03-01 09:00:00,0.03703350027778662,-0.08469940108815713,-0.03866533510543855,-0.5377915262378681
2003-03-13 09:00:00,-0.2982837200891562,0.38821278405960424,0.20005518649006693,0.2878838746037325
2003-03-14 09:00:00,0.09286482708369449,-0.03952233635296392,0.05211325650716404,0.10199085375508761
2003-03-27 09:00:00,-0.5734273842017156,-0.09231532825696293,-0.3275091870974025,0.11344279097537087
2003-03-28 09:00:00,-0.43107952799884397,-0.05888961545102102,-0.27866638464266785,0.0070849395099209945
2003-03-31 09:00:00,-0.29021251662707237,0.2448361281594447,-0.1558417735383864,-0.02420509979732693
2003-04-15 09:00:00,-0.06928349745806521,0.018463915500044864,0.13035871536088123,-0.2149875916455036
2003-04-18 09:00:00,0.3704789681512726,-0.16555666174820124,-0.3057358459305766,-0.2709777163076824
2003-12-06 09:00:00,-0.4560316487141643,0.2210991956903322,0.3280654064934864,0.422112319619843
2003-12-07 09:00:00,-0.08225485221739572,-0.012886294442377428,0.03675404043787734,0.5851566149019218
2003-12-16 09:00:00,0.570952680242268,0.268836880431435,-0.33945155393231,0.3889521381192695
2003-12-17 09:00:00,0.46226712039810164,0.41510207619115236,-0.353451809029189,0.32651284334825037
2004-01-08 09:00:00,-0.12106889266153915,0.4850122862957296,-0.23727669119516562,0.48659186463026166
2004-01-15 09:00:00,-0.038575398290360365,-0.22631562833482569,0.2795363216195909,0.3845476735636279
2004-01-21 09:00:00,0.608245107903822,-0.30088040995358817,-0.16649886896144162,0.07394524971724915
2004-02-07 09:00:00,-0.5415896288453222,-0.030909708003615994,0.4168618191866695,-0.044803921080233886
2004-03-14 09:00:00,-0.5717243160419669,0.05201618576917198,0.23770189757148788,-0.0016210025004973173
2004-03-15 09:00:00,-0.5747776271829571,0.012426944631429614,0.30032887078707804,0.024794273889991374
2004-03-16 09:00:00,-0.6063811622325576,-0.015052478490178241,0.216333034977064,0.035446810933175366
2004-03-17 09:00:00,-0.6549659048737826,0.024382912726144033,0.00333328290613865,-0.07364911384149284
2004-03-20 09:00:00,-0.46869559243456776,0.08312626993234691,0.22639478854095027,-0.3161884158906189
2004-03-28 09:00:00,0.3839116990700154,-0.08179672908698282,0.4923298482402231,0.2905754458328324
2004-04-02 09:00:00,-0.1605871208484921,-0.14232813711181813,-0.20316923090120984,0.19265924575892152
2004-04-14 09:00:00,0.14793010892970457,-0.18226640183536816,0.40947093585592087,0.2525598914672847
2004-04-15 09:00:00,-0.08332758368135447,-0.10321487302674158,0.2682281515762227,0.25180970061248653
2004-04-16 09:00:00,-0.3041318488507713,-0.1380906717235983,0.21251265812692113,0.0950622192393258
2004-05-06 09:00:00,0.3469136157184752,-0.567035066207636,-0.0260965788032942,0.18729073868006632
2004-05-11 09:00:00,0.40512595979140914,-0.2127274496543514,0.04671521778105709,0.5091885045992817
2004-05-13 09:00:00,0.2223775666489322,-0.3591299081092873,0.049524181713617964,0.5098117759789101
2004-12-16 09:00:00,-0.6869464155782988,-0.13316495158741365,0.04784092092199306,0.27577398537824216
2004-12-17 09:00:00,-0.4374211629837462,-0.5157329328887965,-0.04243308159173877,0.1780842330658481
2004-12-18 09:00:00,0.08908942185727729,-0.35076063520648537,-0.21436001470802493,-0.03800342757895162
2004-12-27 09:00:00,0.23772649166281262,-0.6131827922098859,0.5270495089856296,0.016741483108951342
2004-12-28 09:00:00,0.3793858182581247,-0.6201079691265197,0.39872042439378935,0.008050017685997134
2004-12-30 09:00:00,0.5330616955546211,-0.3700295581840741,-0.2296241810437339,-0.2113697741643771
2005-01-01 09:00:00,0.5693699285220861,-0.14400566473848564,-0.3591951227276523,-0.33009987404041224
2005-01-28 09:00:00,0.6530617125555368,-0.42668345687110854,0.05539183034316506,0.1146215188918771
2005-01-29 09:00:00,0.7224950842917061,-0.3741107639209207,-0.07004190217015968,0.07533061316583242
2005-01-31 09:00:00,0.5784467294151482,-0.09343345448485511,-0.2514784202674717,0.2771088466989969
2005-02-01 09:00:00,0.49886379120812957,-0.002010984780655583,-0.37701843321197226,0.39107625821847597
2005-02-09 09:00:00,-0.13728671311093893,-0.40942833444538584,-0.09229132021133514,0.08984956202006612
2005-02-10 09:00:00,-0.18837701914523144,-0.38050588091782667,-0.31996664335327507,0.0575302151481992
2005-02-12 09:00:00,-0.4772316542870261,0.33063254910751816,-0.1539320019881773,0.016640001445549637
2005-02-13 09:00:00,-0.26385487114808276,0.2554161385852665,0.11351918124611185,0.14906482367299898
2005-02-15 09:00:00,0.5335895802628776,-0.1927144294081907,0.08693704759364357,-0.004990681614691628
2005-03-16 09:00:00,-0.5371470541909916,0.13381997095305595,0.04714237899543756,0.007376244368022543
2005-03-17 09:00:00,-0.6125703142094502,0.08230583988132484,-0.025930410237984893,-0.21221456274079054
2005-03-23 09:00:00,-0.1805367268001087,0.4312921786695057,-0.06732292115287423,0.08045309254528187
2005-03-24 09:00:00,-0.4218055598098442,0.341971215301084,0.014753274198364594,0.01147202033422517
2005-03-25 09:00:00,-0.5489250933157904,0.26516271664736113,0.0354735120209077,-0.17839451611550414
2005-04-04 09:00:00,-0.33705690059716076,-0.0037410039607514707,-0.2598411798449804,0.024245291155933654
2005-04-05 09:00:00,-0.18197544946844776,-0.17168254617254033,-0.1279733502187683,-0.36091959214247704
2005-04-10 09:00:00,0.431226108178966,-0.09519135479839598,0.3327096662865823,-0.08340895949915575
2005-12-26 09:00:00,-0.1730167385258978,-0.057313665067089736,-0.07353086915936637,0.5900099473880789
2006-01-14 09:00:00,-0.2932426124399788,-0.01941682590171581,-0.10184926057762445,-0.06478006532047968
2006-01-15 09:00:00,-0.3097001338709388,-0.35429014093772515,-0.10906088076892821,-0.2662696699056895
2006-01-16 09:00:00,-0.26760828732300435,-0.3843657388412427,-0.14323616804770967,-0.3738407733170418
2006-01-17 09:00:00,-0.324894904372552,-0.24993560961274494,-0.09162163498940651,-0.1983241509200229
2006-01-27 09:00:00,-0.05072594579553,-0.2108472094050136,-0.06149115558415315,0.2913519702508395
2006-01-28 09:00:00,-0.30288077970485927,-0.24492780863843994,0.17226286792428291,0.24300459630338053
2006-02-10 09:00:00,-0.08471849525526584,-0.026752029368329835,-0.1774370358620379,0.6014310397762165
2006-02-17 09:00:00,-0.3696817126959918,-0.1642230736776684,0.2061063907990739,0.5234433104395152
2006-02-18 09:00:00,-0.2566270500369656,-0.4946147836177433,0.2477094241333465,0.278741484718255
2006-02-24 09:00:00,0.35414666204472767,-0.6912496493071353,0.16010618142976277,-0.03923061651888916
2006-02-25 09:00:00,0.5274000334295313,-0.5506455950344775,0.05075785455718875,0.03976924556710551
2006-03-11 09:00:00,0.36750129081498256,-0.05533401807002452,0.025386308215795482,0.41655269308767523
2006-03-30 09:00:00,-0.06361681187011654,0.16180014838427775,0.16100995057652048,0.09392294608000658
2006-04-08 09:00:00,0.08103418632469558,-0.1457064875433007,0.2931905265339925,-0.12648396024484757
2006-04-09 09:00:00,0.2812551832033893,0.23243689943902077,0.36938120726250384,-0.23752705177612726
2006-04-10 09:00:00,0.3069186663357984,0.3714239031154959,0.5427294513020298,-0.13225771676240758
2006-04-11 09:00:00,0.3826532643500886,0.27632457699159657,0.6006414234150773,0.00036456904125792565
2006-05-30 09:00:00,0.4788190982388696,-0.11897564306386899,0.15871223284446234,0.0837777711246421
2006-12-03 09:00:00,-0.05982831568627825,-0.43070632973454326,0.10786003908038788,-0.5962823718311698
2006-12-04 09:00:00,0.224132165766802,-0.24400740448957003,-0.05227962175889524,-0.5329248663421267
2006-12-05 09:00:00,0.19325674736930346,0.25473879814619965,-0.0017151211130553195,-0.41461102255438936
2007-01-17 09:00:00,-0.5477035504561062,0.041049688271552885,0.4234858571291258,-0.19562053233362925
2007-02-10 09:00:00,0.4499393211433803,0.01608579892099555,0.002493243326656083,-0.09696771865889482
2007-02-26 09:00:00,-0.11119710864573307,-0.03219777785889243,-0.3541057021590366,-0.16276714381550395
2007-02-27 09:00:00,0.07863461240447042,0.04424524536312928,-0.3606064774089938,-0.33593694695205745
2007-02-28 09:00:00,0.16403781678811957,0.47406169243050705,-0.10806517947544854,-0.3266129998860845
2007-03-12 09:00:00,0.3091974739431595,-0.1692886824884792,-0.28865304012767123,-0.4186957277440037
2007-03-16 09:00:00,-0.5402746912296128,0.2960944867661772,-0.02336508505590074,0.2421987079662843
2007-03-17 09:00:00,-0.6824716602208566,-0.07860293281422917,0.013080507429197051,0.18963422194424837
2007-03-18 09:00:00,-0.5444605933114132,-0.33299745033595096,-0.0025726230510021947,0.09314847254176449
2007-03-19 09:00:00,-0.10139969614286534,-0.494167819198314,0.02510073538329849,0.08139803739362327
2007-03-29 09:00:00,-0.004890893740278763,-0.6031638722216294,0.018535576907388867,0.2842417545515569
2007-03-30 09:00:00,0.1574106735892391,-0.67132866483025,0.04646956255424734,0.17964880107340467
2007-03-31 09:00:00,0.2396636182147953,-0.5248588800754571,-0.04599836026498545,0.14398320389855473
2007-04-04 09:00:00,0.027837648688002467,-0.353094174739243,-0.2269255546993763,0.47143157831583693
2007-04-22 09:00:00,0.049857106340081586,0.15219521534727934,0.01432994779053274,0.1818273348281218
2007-05-17 09:00:00,0.1228952997894842,-0.10910856108381947,-0.14087480816252815,-0.08012020346399616
2007-05-21 09:00:00,0.48077806201682427,0.12213048616060568,0.19158485453797477,-0.34470764455388375
2007-05-22 09:00:00,0.47163516691761315,0.2034902456267213,0.20276465457354412,-0.27029352300391285
2007-12-20 09:00:00,-0.5661018327914084,-0.06655175485665969,-0.13325566648707296,-0.14700857246192742
2008-01-07 09:00:00,-0.1381894578516652,-0.29261410538313415,0.06401912727764464,-0.161075765104573
2008-01-08 09:00:00,-0.16631507659739814,-0.31650499124987413,-0.02132235763264786,-0.21165962715543732
2008-01-15 09:00:00,-0.25770483834547253,-0.20777492984751844,0.43667889759809186,-0.180880779211579
2008-01-16 09:00:00,-0.01532197594421333,-0.39279093779492297,0.272483519256096,-0.2834048317941261
2008-01-20 09:00:00,0.1506801264294816,0.5563471123965849,-0.04304317486551605,-0.5321001340867533
2008-01-23 09:00:00,0.3230024976058951,0.5014848350961746,-0.12802713770953553,-0.3501310772203486
2008-01-24 09:00:00,0.17926986248846388,0.5375359750166355,-0.08923624426867272,-0.4460638472867507
2008-01-25 09:00:00,0.12403053513588476,0.6309927557875087,-0.007175415384413743,-0.43610783802078595
2008-01-26 09:00:00,-0.10571840798067483,0.7238781731876739,0.002890537683112815,-0.2766129078570623
2008-02-08 09:00:00,0.3884633965761419,0.39474243044194574,-0.10712266473407707,-0.396017210891935
2008-02-09 09:00:00,0.47695433423229244,0.34074939804683335,-0.06333683747053064,-0.3773477510291466
2008-02-20 09:00:00,-0.6447248395720043,0.04599383550519819,-0.09901932111096151,0.19134855705445697
2008-02-21 09:00:00,-0.448257609350194,-0.21205997451790892,-0.09699816065251378,-0.20236430460116836
2008-04-09 09:00:00,0.12441428782100178,0.2225847417884209,0.4642025908326035,0.2621197355988167
2008-12-19 09:00:00,0.25947144726672483,-0.6428635048422726,-0.0911338889828403,-0.10472377051743181
2008-12-20 09:00:00,0.31431774304033955,-0.23177016632540065,-0.3583823023919161,-0.11825653755883114
2009-01-03 09:00:00,-0.038024944882420836,-0.19556611615498765,-0.11367383555135968,0.18357057793680484
2009-02-12 09:00:00,0.5046492157590762,-0.228916467889768,0.032722546121192575,0.18775937666888562
2009-03-01 09:00:00,-0.42976192252413814,0.18598999072785113,0.15619869124689373,0.48598404715927107
2009-03-02 09:00:00,-0.3723820029618707,-0.14055553384722866,0.11200400249938935,0.4665301634454108
2009-03-31 09:00:00,-0.13941130428536155,-0.294797995379432,0.4590831594714881,-0.062342035658676506
2009-04-01 09:00:00,-0.12286975270869854,-0.39562022947731196,0.3789739166050097,-0.2048595742678924
2009-04-05 09:00:00,-0.05166836249378719,-0.3792865060357676,-0.38500412192605216,-0.41597677213417583
2009-04-14 09:00:00,0.19266027202041092,-0.5548018201851541,-0.3921559701194872,-0.04926664289092903
2009-04-17 09:00:00,-0.21533422328473797,0.04721813413491002,-0.04626029229666795,0.19117145176580463
2009-04-18 09:00:00,-0.2551273729087651,-0.23345436665781255,-0.03308025800753454,0.20210076462685012
2009-04-22 09:00:00,0.13476245438820736,-0.3126611774920686,-0.48400578693063623,-0.10772755165777238
2009-05-26 09:00:00,-0.17254511366504627,0.5640249263771195,-0.041503932126700185,0.10942411901745121
2009-12-09 09:00:00,-0.01078924130341149,0.0013754468498074974,-0.037172410394970004,-0.26901166110586
2010-01-12 09:00:00,0.573106941524906,-0.15317614590611955,-0.057420733707840683,0.19968243188932164
2010-01-13 09:00:00,0.4461750610529651,0.05124439435552701,-0.12479832478567253,0.36229098852572794
2010-02-05 09:00:00,-0.26484565155549905,0.24931972408175918,0.29378613927592817,0.09723464506520131
2010-02-06 09:00:00,-0.1597873992942593,-0.0131891815657154,0.24271032460615918,0.0276526652544058
2010-02-07 09:00:00,0.17072844988144212,-0.1788067738720538,0.05888304222130801,-0.03764523244786878
2010-02-08 09:00:00,0.5563472317131508,-0.004987576391538563,0.029142513775574676,-0.1353814832566439
2010-02-27 09:00:00,-0.1447544755263047,0.24612176271187056,0.33190733630065145,0.36667114354368147
2010-02-28 09:00:00,-0.17999466093751798,0.26217014655743687,0.5333977183184369,0.21253917216177626
2010-03-28 09:00:00,0.14480901304461177,0.2556410840899319,0.30036275402291285,0.22810139434370233
2010-03-29 09:00:00,0.14836711825331342,0.4173000427220458,0.3522791217562941,0.15221762280341097
2010-03-30 09:00:00,0.2157382166653429,0.276541328079945,0.6009423765499139,0.17871407550188462
2010-03-31 09:00:00,0.3085497927240345,0.04438570390574809,0.5918989710304478,0.21738630743599194
2010-04-01 09:00:00,0.34839615635638166,-0.0974390301704461,0.5101795753952619,0.15297939705313954
2010-04-19 09:00:00,0.4660390741471257,-0.24999233463958534,0.3642961603814412,0.012334649404748954
2010-04-20 09:00:00,0.5831951953599321,-0.01671974188487642,0.13696786185260787,-0.014831086807159596
2010-04-21 09:00:00,0.4714644152436705,0.3047676872519318,-0.0019865512020905986,0.14046377533036855
2010-04-24 09:00:00,0.3000914700018089,0.11933961458307663,0.39525033167074586,0.1935515952855375
2010-05-03 09:00:00,-0.020645371262360896,-0.09370747297488116,0.3033056891536097,0.07599108992206993
2010-05-04 09:00:00,0.05157615106554124,-0.23450396654720887,0.37939441943106833,0.09633147533951111
2010-05-05 09:00:00,0.13896370842600297,-0.3479903732220164,0.346614427235581,0.09652017068431586
2010-05-12 09:00:00,0.34751338194488524,0.08119620544649904,0.5308300859492104,0.2223719261150962
2010-05-17 09:00:00,0.5326768844950929,-0.22525442590875294,0.004370617168935514,0.21869548283487547
2010-05-20 09:00:00,0.31671489693086013,0.001558612127847078,-0.4090998793698126,0.2637719533528084
2010-05-21 09:00:00,0.1966732042039944,-0.08500251351105989,-0.5708299815283957,0.11042774114112879
2010-12-08 09:00:00,0.2566858269203987,0.1846521567514614,0.5126568702389429,0.04574938278740525
2010-12-09 09:00:00,0.2878785389908035,0.29805230717497644,0.5414213468790745,0.15140394382185757
2010-12-31 09:00:00,0.33853484095749176,0.3335511754738832,0.3350675709420984,0.22149396799318574
2011-01-01 09:00:00,0.21997201206939346,0.2634823410807449,0.23431204753006307,0.2630010575897463
2011-01-16 09:00:00,-0.37291773303234127,0.5737209076148034,0.27883424770360343,-0.07830077061191017
2011-02-02 09:00:00,-0.36113387083528536,-0.4603722630820728,-0.23199310093838346,0.32665092510485927
2011-02-03 09:00:00,-0.18924475029274024,-0.6095119730337748,-0.40015486924680077,0.04477880128650468
2011-02-07 09:00:00,-0.24000940256287823,-0.028608844176560694,-0.22858009799115897,-0.44094888921223474
2011-02-11 09:00:00,-0.5870626970024823,-0.09646949061182125,-0.06887537803145301,0.0784865550503767
2011-02-12 09:00:00,-0.3918257873062911,-0.340934712438739,0.010340079946629182,0.08108226805164183
2011-02-13 09:00:00,-0.13649542136210926,-0.26191064187829177,-0.05530761667898098,0.12659092212432774
2011-02-14 09:00:00,0.008889791402139068,-0.32149674535768247,-0.1586313777821878,0.10686047153502193
2011-02-15 09:00:00,0.1433716942047287,-0.14783646985903412,-0.32092956260227634,0.062136867880241184
2011-02-17 09:00:00,0.017063289166141533,-0.32538616699675604,-0.0270604950501949,0.11845418620823521
2011-03-19 09:00:00,0.4707032740761705,0.0483524784564281,0.21897157592335484,-0.022713265904936237
2011-03-20 09:00:00,0.5497052988023186,0.12579462933453922,0.09605393630012668,0.011183829448349808
2011-03-21 09:00:00,0.5267234235705496,0.10401210308376843,-0.035713747696853676,-0.0038626872285507843
2011-05-21 09:00:00,0.266812226877114,0.10934550538853555,0.022634665025738774,0.022071478821964575
2012-01-01 09:00:00,0.3304609153091535,0.3973311145863556,-0.3372739040431555,0.24760532766901808
2012-01-02 09:00:00,-0.05860601298923784,0.37013314208481213,-0.0651172917984749,0.030889114255013707
2012-01-14 09:00:00,-0.06093790159204877,0.2586447651362263,-0.07349332402017834,0.379721145354911
2012-02-08 09:00:00,0.37087151631106063,0.010504613857199726,-0.442741556591485,0.14786833497839522
2012-02-19 09:00:00,-0.37242148418184284,-0.029502782054693026,-0.08865479633792121,0.2167733933999411
2012-02-29 09:00:00,-0.04415842175523119,0.517102053250702,-0.3613203619956622,0.14576559541206244
2012-03-03 09:00:00,-0.5476091201723434,0.3089599022622428,0.06120185140341228,0.09843069258676053
2012-03-04 09:00:00,-0.4129304244249577,0.04692406940627713,-0.005267582668878758,0.0024210836290340576
2012-03-13 09:00:00,0.081547590977177,0.2744690856736823,-0.6246617695999299,-0.1827461956925969
2012-03-15 09:00:00,-0.30785060181152035,0.440646465532754,-0.46228145041054036,0.147669509943689
2012-03-18 09:00:00,-0.5819615756498917,-0.10660391811169223,0.22567620232295363,-0.30231000491721494
2012-03-19 09:00:00,-0.180718222723122,-0.10931929935649952,0.403996030362034,-0.3683175469926675
2012-03-31 09:00:00,-0.30062486212619927,-0.043733105860773704,-0.29026281996454295,0.47604422138846963
2012-04-22 09:00:00,0.522574993494356,0.07866706998694126,0.38891547962601786,0.11297299841682593
2012-04-23 09:00:00,0.4672629295669554,0.016785062560818628,0.4809742118930196,0.07242022027983605
2012-04-27 09:00:00,0.1403538077617712,0.21533271929665232,0.35219398719938627,-0.31978834409906637
2012-04-28 09:00:00,0.14873165646927736,0.3656275866162786,0.3151846055858543,-0.41656730188494867
2012-04-29 09:00:00,0.18421877549643648,0.33229497852011575,0.3752450856695358,-0.34984319103295525
2013-01-11 09:00:00,-0.26006510508589115,-0.22080545333186177,0.12549542162508592,0.38689887631963027
2013-01-17 09:00:00,0.6627826650040763,-0.23741855600766368,-0.15837490680368174,0.0033877921336473355
2013-01-18 09:00:00,0.6213413898516607,-0.04662824431825768,-0.2290302711937078,0.03593025439697604
2013-02-01 09:00:00,-0.3571456860818261,0.44872671503305656,0.1358588899848475,0.3363637247765128
2013-02-05 09:00:00,0.6135242502124996,0.015176450350957235,-0.07282991401471048,-0.15017175257394735
2013-02-16 09:00:00,0.5597081723881457,0.3016985406097021,-0.12362777226929576,0.14716808030697742
2013-02-17 09:00:00,0.4034867632202432,0.20699249546217596,-0.11667868406270032,0.27051593482227954
2013-03-12 09:00:00,0.4209889345434914,-0.5157648452393613,0.056296167380945165,0.22003063905507408
2013-04-04 09:00:00,0.4459861015609956,0.03033040692884289,0.4349056505209881,0.2834050777042377
2013-05-25 09:00:00,0.5296159550326566,-0.39548034677917854,0.1524397196670537,0.17364048166652515
2014-02-06 09:00:00,-0.017799109252588628,0.10579603098123556,0.2789708704529018,-0.4244699916668757
2014-02-14 09:00:00,0.6517237525395698,0.3626184399507756,0.24334269076154963,-0.21163213735849357
2014-02-15 09:00:00,0.3499117410525425,0.5869814400611465,0.39683438991323317,-0.09561190862385732
2014-02-16 09:00:00,0.015110571929681661,0.46594766332547055,0.6327538071990026,0.03583540699533511
2014-02-27 09:00:00,0.6262928278279759,0.07708819118447542,0.2239049250386821,-0.09374853074703765
2014-02-28 09:00:00,0.6389206959506137,-0.03754178081379346,0.19352513259654652,-0.01592385233202958
2014-03-14 09:00:00,-0.4626607431685771,-0.18084688700327614,-0.05595196050329886,-0.15766215105845408
2014-03-15 09:00:00,-0.33099990572588317,-0.3563105780616137,-0.027579765794348357,-0.04211367445488963
2014-03-16 09:00:00,-0.05467871390104448,-0.17308369531517903,-0.38623010421804255,0.04546688031835669
2014-03-17 09:00:00,-0.13046697169436372,0.2008527932377868,-0.474070885328466,-0.07387184170552387
2014-04-03 09:00:00,-0.4399789560653113,0.03933805516048048,0.053709302941210055,0.14696410706987872
2014-04-04 09:00:00,-0.2904660072979429,-0.3155947586312757,0.05324702731972883,0.06569649777281036
2014-04-05 09:00:00,-0.0869431212580157,-0.3183650769824921,-0.1715713297180118,-0.16808644021321073
2014-05-08 09:00:00,0.4453913818238351,0.4044190739870668,0.1782797041057372,-0.12476033412410686
2014-05-09 09:00:00,0.5121284349582398,0.4025227878858235,0.10634694849367654,-0.1622107232734411
2014-05-10 09:00:00,0.5121268211114584,0.4027232885588137,0.11420906712157586,-0.21260369459749684
2014-05-27 09:00:00,0.2161194137585663,-0.03438660005810343,0.20714240859757446,0.4698472327447071
2014-12-14 09:00:00,0.37662992363496034,0.39566967688471216,0.4612255826430674,0.060394406575956884
2015-01-01 09:00:00,0.30444626649828843,-0.02208447194682623,-0.6614862126310801,-0.09619887636864301
2015-01-02 09:00:00,0.15897463227530012,0.07606909009089301,-0.6211898106760038,-0.30043670156443153
2015-01-04 09:00:00,-0.17632592965188518,0.5257071272060104,-0.23634232752958198,0.2577273032497907
2015-02-21 09:00:00,-0.2563649400288149,-0.3244450304546568,0.24983300163316632,0.2739756215947425
2015-02-22 09:00:00,0.06662518297013535,-0.6506759209170538,0.06571845983546075,0.06469360256011075
2015-02-23 09:00:00,0.3313156335045023,-0.4703377946544308,-0.04181472987856846,-0.18754740418779778
2015-02-24 09:00:00,0.537082019187177,-0.2013616707043084,0.043649204132368766,-0.08697294907386398
2015-02-25 09:00:00,0.6294805727491114,-0.14343443368997333,-0.0469725492416663,-0.0842176826397055
2015-03-01 09:00:00,0.6370275311874024,0.006794796493619517,-0.11966713427199384,-0.1386257963942494
2015-03-02 09:00:00,0.45651409716003016,0.23999921060643187,-0.07865501411593977,-0.19661898379312764
2015-03-04 09:00:00,0.08916374314999222,0.38792644934568493,0.2590430358960821,-0.05412282237661364
2015-03-15 09:00:00,0.4914563467944592,-0.07138111947440637,0.2236250370203686,-0.16064717112842997
2015-03-23 09:00:00,-0.3328838449557876,-0.4119050179213649,-0.12266355375998673,0.4109427204623851
2015-03-27 09:00:00,0.2523019069714199,-0.46124857214264775,-0.2811480892559838,-0.16287733083489137
2015-03-28 09:00:00,0.33352924023431885,-0.11571769650522419,-0.4426203466779189,-0.32503902869532725
2015-03-29 09:00:00,0.3344678667627639,0.16334569384217026,-0.41754371242363153,-0.3138623848012091
2015-03-31 09:00:00,0.059330251496080455,0.4344162789360838,-0.238327465273592,-0.06354805833296194
2015-04-01 09:00:00,0.0018193594185310815,0.1994235621780441,-0.014459008887927458,0.0020252918236756635
2015-04-17 09:00:00,-0.09515081456454312,0.4604978229986667,0.1701331426542437,0.026354866269542674
2015-04-19 09:00:00,0.12437313148927555,-0.0031949641377766323,0.05305436899685309,0.220584661264871
2015-04-22 09:00:00,-0.0665035539432538,0.5151629675801627,-0.36338976298141423,0.29838467664028556
2015-04-26 09:00:00,-0.16351919855668254,0.2548424835327138,-0.014412490896588078,0.04467391824601722
2015-12-03 09:00:00,-0.513154454542369,0.42703208136146475,0.03006916676294072,0.3358505484950754
2015-12-25 09:00:00,-0.4873679495180247,-0.00023154634263558278,0.37442525051976094,-0.11361286971611466
2016-01-03 09:00:00,-0.26558292756110613,-0.06526437422256319,-0.06665302494048891,0.5768767359445022
2016-01-19 09:00:00,0.5758920056936514,0.2964574226162566,-0.030997790493023026,0.5175147815168294
2016-01-20 09:00:00,0.47982458152591206,0.2682731786970811,0.014330356013783161,0.5555151449462743
2016-01-28 09:00:00,-0.6551152597635524,0.11387414373619291,0.45549674755023184,-0.2738584176088844
2016-02-19 09:00:00,0.2032986700423796,-0.4245437169716458,0.2896058897658209,0.14728798784841896
2016-02-20 09:00:00,0.18118945200542638,-0.07935823321425534,0.2362193367436235,0.3334372722573488
2016-02-21 09:00:00,-0.037400007552874204,0.42082317851483264,0.2783029415835606,0.32057084992325896
2016-03-11 09:00:00,0.5506777056967734,-0.41361058984030874,-0.21447378359233063,-0.052310143551581256
2016-03-12 09:00:00,0.5552432272296739,-0.33119365773662995,-0.30192379457264096,-0.18582259141058163
2016-03-13 09:00:00,0.5141095505189518,-0.20555930111709506,-0.481365530260988,-0.24058857200653205
2016-03-14 09:00:00,0.32210924173495165,0.05308479437178514,-0.5982702937302811,-0.0520423146881523
2016-03-16 09:00:00,-0.2213485418183147,-0.07930754686264567,-0.3645566375961715,0.0005033913366210014
2016-03-23 09:00:00,0.1044108327010303,-0.6551078877306226,-0.06174931377597811,0.2407676677979789
2016-03-24 09:00:00,0.3388609773690792,-0.5497413081001347,-0.28478193760720355,0.14424091748070714
2016-03-28 09:00:00,-0.06370175499059069,0.3368076415178328,-0.2517918608660153,0.4416221041319535
2016-03-30 09:00:00,-0.4316201201489496,0.28287921473910277,0.1457850757645038,0.08314062839254584
2016-03-31 09:00:00,-0.5342607911364923,0.048761801321012974,0.442630405497027,-0.028225067862682585
2016-04-01 09:00:00,-0.4104980351414023,-0.3174907125548801,0.46583241721527835,-0.1530429643692769
2016-04-02 09:00:00,-0.3437219912881637,-0.3777322327505747,0.24064579192276508,-0.1898148599808482
2016-04-03 09:00:00,-0.35155069571412967,-0.2692402429862743,0.18249272301143427,-0.220140785169827
2016-04-05 09:00:00,-0.20192729023681247,-0.3421725520307582,0.12914360927371563,-0.3041174579764346
2016-04-19 09:00:00,-0.14013030191617806,-0.09872925819867429,0.5027658893205428,-0.249653701476059
2016-04-21 09:00:00,0.030123817468210953,0.2487700917260804,0.35595165229402775,0.01951907490883081
2016-04-22 09:00:00,0.08779970914887274,0.21655431834540675,0.42677764732737394,0.0067988953840247834
2016-04-23 09:00:00,0.36514394948827145,0.08558603620994101,0.42003964515947273,0.09007844987781549
2016-04-24 09:00:00,0.580793975340252,-0.04822316171948052,0.26466967129863334,0.23126388987895907
2016-04-28 09:00:00,0.3134938938746371,0.1220661773373856,0.37258696716498596,0.3171397150519484
2016-05-17 09:00:00,0.4012212469828832,-0.03908425617698136,-0.19008064967151173,0.25462715944555925
2016-12-27 09:00:00,-0.2645392130459503,0.4680676484383621,-0.18680906010425202,0.23868411257501562
2017-01-23 09:00:00,-0.16847423021123337,-0.6429561207225476,-0.2636898438972462,-0.20760558678655924
2017-01-24 09:00:00,0.22170142309127544,-0.6600318072885338,-0.3134155957922091,-0.19951038149995468
2017-01-28 09:00:00,-0.4320340191509681,0.04844825964388964,-0.107412183888004,0.23388126442031718
2017-01-29 09:00:00,-0.3283661671603319,-0.11923981624817265,-0.23716356668646674,0.13290406948430716
2017-02-02 09:00:00,-0.6884562686822738,-0.3297091695089512,0.17993642775085672,-0.05072117214967176
2017-02-03 09:00:00,-0.33678202125816864,-0.5892598401234563,0.1164215233924256,-0.31313898004750923
2017-02-14 09:00:00,-0.5582940816073045,0.1592670239870422,-0.20993555209454873,0.12366866746240847
2017-02-15 09:00:00,-0.6663086404902459,0.20841262472250124,-0.154881798643957,0.005358800403538734
2017-02-16 09:00:00,-0.7381124178685098,0.15348115001894755,-0.021208239097527573,-0.010417763693951004
2017-02-17 09:00:00,-0.695795214578324,-0.08028594271033306,0.040066024805655055,-0.0215746315937144
2017-02-18 09:00:00,-0.396650560505387,-0.29115745401275805,-0.06847028110342775,-0.14491748074914265
2017-02-21 09:00:00,0.14917494180700777,0.4737928254309666,0.10791187326006536,-0.10013736564009337
2017-02-22 09:00:00,-0.16319306045543377,0.5686018309136054,0.20818903676923176,0.08439462662571881
2017-03-10 09:00:00,0.4769300927593985,0.584543980035653,-0.08623134834710079,-0.39126427667069985
2017-03-11 09:00:00,0.40603187224007575,0.6352649180055431,-0.2566081726915349,-0.22398260657731328
2017-03-21 09:00:00,-0.30616874291451546,-0.23501035412797683,-0.0012939036769045156,0.06949456385466843
2017-03-26 09:00:00,-0.39095600104416556,-0.15237809002923014,0.21567628725427027,0.4613949431747363
2017-03-27 09:00:00,-0.3964721038658304,-0.14476719147818135,-0.05555958253278019,0.35956249153748654
2017-03-28 09:00:00,-0.48274341968358564,-0.1487852366425754,-0.1311497229020659,0.17646695581150074
2017-04-04 09:00:00,0.1279344929417587,-0.2512768206452478,-0.19269516010509485,-0.4877860529311256
2017-04-05 09:00:00,0.38098763336971353,-0.16803181848612908,-0.13452942036341214,-0.5168073850904205
2017-04-24 09:00:00,0.28561882143181005,0.18767537641743903,-0.010397239683610858,0.36337800330653924
2017-05-06 09:00:00,-0.2046383809818724,0.22934034405736947,0.08714634527564803,0.12815820357171703
2017-05-31 09:00:00,0.2637359602197502,0.2988449674244555,-0.21639893807999333,-0.06967052871142781
2017-12-05 09:00:00,0.5578661156070656,-0.05086430398204516,-0.085150275880647,0.15828373818962524
2018-02-14 09:00:00,0.3231102578336572,-0.09186501375549289,-0.22135732854119605,0.31691742882149365
2018-02-26 09:00:00,0.26609949957054807,-0.3214105616613622,-0.16701467774756898,0.5046368805653823
2018-03-16 09:00:00,0.10323488377023834,0.09732221006011142,0.45772902403471755,0.31260433050831393
2018-05-11 09:00:00,-0.2612392478403893,-0.30069371648523296,-0.37588952277728804,0.19322444800137611
